original_text,normalized_word_text,dict_word,dict_lang,fuzzy_word,fuzzy_lang,fuzzy_confidence,checked_text,checked_lang,lemmatized_text,polarity_score,polarity_label,status,error_message
naye,naye,naye,Luganda,,,0.0,naye,Luganda,,0.0,,pending_gpu,
naye,naye,naye,Luganda,,,0.0,naye,Luganda,,0.0,,pending_gpu,
wano,wano,wano,Luganda,,,0.0,wano,Luganda,,0.0,,pending_gpu,
wange,wange,wange,Luganda,,,0.0,wange,Luganda,,0.0,,pending_gpu,
sambula,sambula,,Unknown,kasambula,Luganda,87.5,kasambula,Luganda,,0.0,,pending_gpu,
Mazima,mazima,,Unknown,amazima,Luganda,92.3076923076923,amazima,Luganda,,0.0,,pending_gpu,
jjaja,jjaja,,Unknown,jjajja,Luganda,90.9090909090909,jjajja,Luganda,,0.0,,pending_gpu,
ekitiibya,ekitiibya,,Unknown,ekitiibwa,Luganda,88.88888888888889,ekitiibwa,Luganda,,0.0,,pending_gpu,
Dhakaba,dhakaba,,Unknown,akaba,Luganda,83.33333333333334,akaba,Luganda,,0.0,,pending_gpu,
oyo,oyo,oyo,Luganda,,,0.0,oyo,Luganda,,0.0,,pending_gpu,
musiru,musiru,musiru,Luganda,,,0.0,musiru,Luganda,,0.0,,pending_gpu,
nyo,nyo,,Unknown,nnyo,Luganda,85.71428571428572,nnyo,Luganda,,0.0,,pending_gpu,
nga,nga,nga,Luganda,,,0.0,nga,Luganda,,0.0,,pending_gpu,
ku,ku,ku,Luganda,,,0.0,ku,Luganda,,0.0,,pending_gpu,
kapiira,kapiira,,Unknown,akapiira,Luganda,93.33333333333333,akapiira,Luganda,,0.0,,pending_gpu,
kutuuka,kutuuka,,Unknown,okutuuka,Luganda,93.33333333333333,okutuuka,Luganda,,0.0,,pending_gpu,
oba,oba,oba,Luganda,,,0.0,oba,Luganda,,0.0,,pending_gpu,
kumuluka,kumuluka,,Unknown,okululuka,Luganda,82.35294117647058,okululuka,Luganda,,0.0,,pending_gpu,
naye,naye,naye,Luganda,,,0.0,naye,Luganda,,0.0,,pending_gpu,
akategera,akategera,,Unknown,atategeera,Luganda,84.21052631578947,atategeera,Luganda,,0.0,,pending_gpu,
enyo,enyo,enyo,Luganda,,,0.0,enyo,Luganda,,0.0,,pending_gpu,
ogenda,ogenda,,Unknown,okugenda,Luganda,85.71428571428572,okugenda,Luganda,,0.0,,pending_gpu,
oli,oli,oli,Luganda,,,0.0,oli,Luganda,,0.0,,pending_gpu,
nga,nga,nga,Luganda,,,0.0,nga,Luganda,,0.0,,pending_gpu,
takubila,takubila,,Unknown,kubila,Luganda,85.71428571428572,kubila,Luganda,,0.0,,pending_gpu,
naye,naye,naye,Luganda,,,0.0,naye,Luganda,,0.0,,pending_gpu,
nga,nga,nga,Luganda,,,0.0,nga,Luganda,,0.0,,pending_gpu,
omussambi,omussambi,,Unknown,omuyambi,Luganda,82.35294117647058,omuyambi,Luganda,,0.0,,pending_gpu,
wano,wano,wano,Luganda,,,0.0,wano,Luganda,,0.0,,pending_gpu,
Oyo,oyo,Oyo,Luganda,,,0.0,Oyo,Luganda,,0.0,,pending_gpu,
nsaasira,nsaasira,,Unknown,ensaasi,Luganda,80.0,ensaasi,Luganda,,0.0,,pending_gpu,
abamuwuliliza,abamuwuliliza,,Unknown,abawuliriza,Luganda,83.33333333333334,abawuliriza,Luganda,,0.0,,pending_gpu,
omwo,omwo,,Unknown,omweso,Luganda,80.0,omweso,Luganda,,0.0,,pending_gpu,
nze,nze,nze,Luganda,,,0.0,nze,Luganda,,0.0,,pending_gpu,
awo,awo,awo,Luganda,,,0.0,awo,Luganda,,0.0,,pending_gpu,
ku,ku,ku,Luganda,,,0.0,ku,Luganda,,0.0,,pending_gpu,
mazima,mazima,,Unknown,amazima,Luganda,92.3076923076923,amazima,Luganda,,0.0,,pending_gpu,
Lwaki,lwaki,,Unknown,lwaaki,Luganda,90.9090909090909,lwaaki,Luganda,,0.0,,pending_gpu,
Nze,nze,Nze,Luganda,,,0.0,Nze,Luganda,,0.0,,pending_gpu,
nga,nga,nga,Luganda,,,0.0,nga,Luganda,,0.0,,pending_gpu,
Ssentamu,ssentamu,,Unknown,entamu,Luganda,85.71428571428572,entamu,Luganda,,0.0,,pending_gpu,
Ssemboga,ssemboga,,Unknown,emboga,Luganda,85.71428571428572,emboga,Luganda,,0.0,,pending_gpu,
Obulamu,obulamu,Obulamu,Luganda,,,0.0,Obulamu,Luganda,,0.0,,pending_gpu,
kiiro,kiiro,,Unknown,ekiro,Luganda,80.0,ekiro,Luganda,,0.0,,pending_gpu,
kisumuluzo,kisumuluzo,,Unknown,ekisumuluzo,Luganda,95.23809523809523,ekisumuluzo,Luganda,,0.0,,pending_gpu,
muko,muko,,Unknown,omuko,Luganda,88.88888888888889,omuko,Luganda,,0.0,,pending_gpu,
muko,muko,,Unknown,omuko,Luganda,88.88888888888889,omuko,Luganda,,0.0,,pending_gpu,
Taata,taata,Taata,Luganda,,,0.0,Taata,Luganda,,0.0,,pending_gpu,
webale,webale,webale,Luganda,,,0.0,webale,Luganda,,0.0,,pending_gpu,
taata,taata,taata,Luganda,,,0.0,taata,Luganda,,0.0,,pending_gpu,
tukwebaza,tukwebaza,,Unknown,okwebaza,Luganda,82.35294117647058,okwebaza,Luganda,,0.0,,pending_gpu,
okuba,okuba,okuba,Luganda,,,0.0,okuba,Luganda,,0.0,,pending_gpu,
manzima,manzima,,Unknown,amazima,Luganda,85.71428571428572,amazima,Luganda,,0.0,,pending_gpu,
mukama,mukama,mukama,Luganda,,,0.0,mukama,Luganda,,0.0,,pending_gpu,
kuuma,kuuma,kuuma,Luganda,,,0.0,kuuma,Luganda,,0.0,,pending_gpu,
taata,taata,taata,Luganda,,,0.0,taata,Luganda,,0.0,,pending_gpu,
mukama,mukama,mukama,Luganda,,,0.0,mukama,Luganda,,0.0,,pending_gpu,
kuuma,kuuma,kuuma,Luganda,,,0.0,kuuma,Luganda,,0.0,,pending_gpu,
taata,taata,taata,Luganda,,,0.0,taata,Luganda,,0.0,,pending_gpu,
wano,wano,wano,Luganda,,,0.0,wano,Luganda,,0.0,,pending_gpu,
wannge,wannge,,Unknown,wange,Luganda,90.9090909090909,wange,Luganda,,0.0,,pending_gpu,
ffe,ffe,ffe,Luganda,,,0.0,ffe,Luganda,,0.0,,pending_gpu,
nokuziimba,nokuziimba,,Unknown,okuzimba,Luganda,88.88888888888889,okuzimba,Luganda,,0.0,,pending_gpu,
okwekuba,okwekuba,,Unknown,okwewuba,Luganda,87.5,okwewuba,Luganda,,0.0,,pending_gpu,
engaloo,engaloo,,Unknown,engalo,Luganda,92.3076923076923,engalo,Luganda,,0.0,,pending_gpu,
nga,nga,nga,Luganda,,,0.0,nga,Luganda,,0.0,,pending_gpu,
:wano,:wano,,Unknown,wano,Luganda,88.88888888888889,wano,Luganda,,0.0,,pending_gpu,
wannge,wannge,,Unknown,wange,Luganda,90.9090909090909,wange,Luganda,,0.0,,pending_gpu,
mukama,mukama,mukama,Luganda,,,0.0,mukama,Luganda,,0.0,,pending_gpu,
buli,buli,buli,Luganda,,,0.0,buli,Luganda,,0.0,,pending_gpu,
yange,yange,,Unknown,gyange,Luganda,90.9090909090909,gyange,Luganda,,0.0,,pending_gpu,
Maama,maama,Maama,Luganda,,,0.0,Maama,Luganda,,0.0,,pending_gpu,
omuyimbi,omuyimbi,omuyimbi,Luganda,,,0.0,omuyimbi,Luganda,,0.0,,pending_gpu,
wange,wange,wange,Luganda,,,0.0,wange,Luganda,,0.0,,pending_gpu,
kapiripiti,kapiripiti,,Unknown,akabiriiti,Luganda,80.0,akabiriiti,Luganda,,0.0,,pending_gpu,
ku,ku,ku,Luganda,,,0.0,ku,Luganda,,0.0,,pending_gpu,
sente,sente,sente,Luganda,,,0.0,sente,Luganda,,0.0,,pending_gpu,
taata,taata,taata,Luganda,,,0.0,taata,Luganda,,0.0,,pending_gpu,
mazima,mazima,,Unknown,amazima,Luganda,92.3076923076923,amazima,Luganda,,0.0,,pending_gpu,
mwana,mwana,mwana,Luganda,,,0.0,mwana,Luganda,,0.0,,pending_gpu,
nkunonya,nkunonya,,Unknown,okunoonya,Luganda,82.35294117647058,okunoonya,Luganda,,0.0,,pending_gpu,
yange,yange,,Unknown,gyange,Luganda,90.9090909090909,gyange,Luganda,,0.0,,pending_gpu,
nkugwa,nkugwa,,Unknown,kugwa,Luganda,90.9090909090909,kugwa,Luganda,,0.0,,pending_gpu,
nze,nze,nze,Luganda,,,0.0,nze,Luganda,,0.0,,pending_gpu,
naye,naye,naye,Luganda,,,0.0,naye,Luganda,,0.0,,pending_gpu,
Kati,kati,Kati,Luganda,,,0.0,Kati,Luganda,,0.0,,pending_gpu,
Nkola,nkola,,Unknown,enkola,Luganda,90.9090909090909,enkola,Luganda,,0.0,,pending_gpu,
Ku,ku,Ku,Luganda,,,0.0,Ku,Luganda,,0.0,,pending_gpu,
mukimanyi,mukimanyi,,Unknown,omumanyi,Luganda,82.35294117647058,omumanyi,Luganda,,0.0,,pending_gpu,
nti,nti,nti,Luganda,,,0.0,nti,Luganda,,0.0,,pending_gpu,
kyangu,kyangu,kyangu,Luganda,,,0.0,kyangu,Luganda,,0.0,,pending_gpu,
nnyo,nnyo,nnyo,Luganda,,,0.0,nnyo,Luganda,,0.0,,pending_gpu,
okujako,okujako,,Unknown,okujyako,Luganda,93.33333333333333,okujyako,Luganda,,0.0,,pending_gpu,
naye,naye,naye,Luganda,,,0.0,naye,Luganda,,0.0,,pending_gpu,
kizibu,kizibu,,Unknown,ekizibu,Luganda,92.3076923076923,ekizibu,Luganda,,0.0,,pending_gpu,
nyo,nyo,,Unknown,nnyo,Luganda,85.71428571428572,nnyo,Luganda,,0.0,,pending_gpu,
okujako,okujako,,Unknown,okujyako,Luganda,93.33333333333333,okujyako,Luganda,,0.0,,pending_gpu,
kubwa,kubwa,,Unknown,kubbwa,Luganda,90.9090909090909,kubbwa,Luganda,,0.0,,pending_gpu,
bwa,bwa,bwa,Luganda,,,0.0,bwa,Luganda,,0.0,,pending_gpu,
omupiira,omupiira,omupiira,Luganda,,,0.0,omupiira,Luganda,,0.0,,pending_gpu,
bonna,bonna,bonna,Luganda,,,0.0,bonna,Luganda,,0.0,,pending_gpu,
oyo,oyo,oyo,Luganda,,,0.0,oyo,Luganda,,0.0,,pending_gpu,
buli,buli,buli,Luganda,,,0.0,buli,Luganda,,0.0,,pending_gpu,
wamu,wamu,wamu,Luganda,,,0.0,wamu,Luganda,,0.0,,pending_gpu,
bamugoba,bamugoba,,Unknown,amagoba,Luganda,80.0,amagoba,Luganda,,0.0,,pending_gpu,
Kati,kati,Kati,Luganda,,,0.0,Kati,Luganda,,0.0,,pending_gpu,
ffe,ffe,ffe,Luganda,,,0.0,ffe,Luganda,,0.0,,pending_gpu,
mabegawo,mabegawo,,Unknown,emabega,Luganda,80.0,emabega,Luganda,,0.0,,pending_gpu,
oyo,oyo,oyo,Luganda,,,0.0,oyo,Luganda,,0.0,,pending_gpu,
oyo,oyo,oyo,Luganda,,,0.0,oyo,Luganda,,0.0,,pending_gpu,
kamukulu,kamukulu,,Unknown,omukulu,Luganda,80.0,omukulu,Luganda,,0.0,,pending_gpu,
nga,nga,nga,Luganda,,,0.0,nga,Luganda,,0.0,,pending_gpu,
mubintu,mubintu,,Unknown,mukintu,Luganda,85.71428571428572,mukintu,Luganda,,0.0,,pending_gpu,
Oyo,oyo,Oyo,Luganda,,,0.0,Oyo,Luganda,,0.0,,pending_gpu,
butamanya.,butamanya.,,Unknown,obutamanya,Luganda,90.0,obutamanya,Luganda,,0.0,,pending_gpu,
kati,kati,kati,Luganda,,,0.0,kati,Luganda,,0.0,,pending_gpu,
mupiira,mupiira,,Unknown,omupiira,Luganda,93.33333333333333,omupiira,Luganda,,0.0,,pending_gpu,
mutyaba,mutyaba,,Unknown,mutabani,Luganda,80.0,mutabani,Luganda,,0.0,,pending_gpu,
Ku,ku,Ku,Luganda,,,0.0,Ku,Luganda,,0.0,,pending_gpu,
mupiira,mupiira,,Unknown,omupiira,Luganda,93.33333333333333,omupiira,Luganda,,0.0,,pending_gpu,
Mutyaba,mutyaba,,Unknown,mutabani,Luganda,80.0,mutabani,Luganda,,0.0,,pending_gpu,
tamanyi,tamanyi,,Unknown,amanyi,Luganda,92.3076923076923,amanyi,Luganda,,0.0,,pending_gpu,
kyamanyi,kyamanyi,,Unknown,amanyi,Luganda,85.71428571428572,amanyi,Luganda,,0.0,,pending_gpu,
muli,muli,,Unknown,omuli,Luganda,88.88888888888889,omuli,Luganda,,0.0,,pending_gpu,
kutisatisa,kutisatisa,,Unknown,okutisatiisa,Luganda,90.9090909090909,okutisatiisa,Luganda,,0.0,,pending_gpu,
naye,naye,naye,Luganda,,,0.0,naye,Luganda,,0.0,,pending_gpu,
mumupiira,mumupiira,,Unknown,omupiira,Luganda,82.35294117647058,omupiira,Luganda,,0.0,,pending_gpu,
mutyaba,mutyaba,,Unknown,mutabani,Luganda,80.0,mutabani,Luganda,,0.0,,pending_gpu,
kituufu,kituufu,kituufu,Luganda,,,0.0,kituufu,Luganda,,0.0,,pending_gpu,
tomuwa,tomuwa,,Unknown,omumwa,Luganda,83.33333333333334,omumwa,Luganda,,0.0,,pending_gpu,
ensonga,ensonga,ensonga,Luganda,,,0.0,ensonga,Luganda,,0.0,,pending_gpu,
Kituufu,kituufu,Kituufu,Luganda,,,0.0,Kituufu,Luganda,,0.0,,pending_gpu,
nnyo,nnyo,nnyo,Luganda,,,0.0,nnyo,Luganda,,0.0,,pending_gpu,
Mutyaba,mutyaba,,Unknown,mutabani,Luganda,80.0,mutabani,Luganda,,0.0,,pending_gpu,
Mutyaba,mutyaba,,Unknown,mutabani,Luganda,80.0,mutabani,Luganda,,0.0,,pending_gpu,
tamanyi,tamanyi,,Unknown,amanyi,Luganda,92.3076923076923,amanyi,Luganda,,0.0,,pending_gpu,
mupiira,mupiira,,Unknown,omupiira,Luganda,93.33333333333333,omupiira,Luganda,,0.0,,pending_gpu,
Ntebbe,ntebbe,,Unknown,ntebe,Luganda,90.9090909090909,ntebe,Luganda,,0.0,,pending_gpu,
Mutyaba,mutyaba,,Unknown,mutabani,Luganda,80.0,mutabani,Luganda,,0.0,,pending_gpu,
oba,oba,oba,Luganda,,,0.0,oba,Luganda,,0.0,,pending_gpu,
sente,sente,sente,Luganda,,,0.0,sente,Luganda,,0.0,,pending_gpu,
ekizibu,ekizibu,ekizibu,Luganda,,,0.0,ekizibu,Luganda,,0.0,,pending_gpu,
kya,kya,kya,Luganda,,,0.0,kya,Luganda,,0.0,,pending_gpu,
kyekyo,kyekyo,,Unknown,ekyo,Luganda,80.0,ekyo,Luganda,,0.0,,pending_gpu,
obukurembeze,obukurembeze,,Unknown,obukulembeze,Luganda,91.66666666666666,obukulembeze,Luganda,,0.0,,pending_gpu,
bwomupir,bwomupir,,Unknown,bwomuti,Luganda,80.0,bwomuti,Luganda,,0.0,,pending_gpu,
Wano,wano,Wano,Luganda,,,0.0,Wano,Luganda,,0.0,,pending_gpu,
wange,wange,wange,Luganda,,,0.0,wange,Luganda,,0.0,,pending_gpu,
jojo,jojo,,Unknown,jjo,Luganda,85.71428571428572,jjo,Luganda,,0.0,,pending_gpu,
Jojo,jojo,,Unknown,jjo,Luganda,85.71428571428572,jjo,Luganda,,0.0,,pending_gpu,
JOJO,jojo,,Unknown,jjo,Luganda,85.71428571428572,jjo,Luganda,,0.0,,pending_gpu,
Oli,oli,Oli,Luganda,,,0.0,Oli,Luganda,,0.0,,pending_gpu,
waddala,waddala,,Unknown,ddala,Luganda,83.33333333333334,ddala,Luganda,,0.0,,pending_gpu,
Jojo,jojo,,Unknown,jjo,Luganda,85.71428571428572,jjo,Luganda,,0.0,,pending_gpu,
magala,magala,magala,Luganda,,,0.0,magala,Luganda,,0.0,,pending_gpu,
Jojo,jojo,,Unknown,jjo,Luganda,85.71428571428572,jjo,Luganda,,0.0,,pending_gpu,
Jojo,jojo,,Unknown,jjo,Luganda,85.71428571428572,jjo,Luganda,,0.0,,pending_gpu,
Mukwano,mukwano,,Unknown,omukwano,Luganda,93.33333333333333,omukwano,Luganda,,0.0,,pending_gpu,
kubuyambi,kubuyambi,,Unknown,obuyambi,Luganda,82.35294117647058,obuyambi,Luganda,,0.0,,pending_gpu,
Mukwano,mukwano,,Unknown,omukwano,Luganda,93.33333333333333,omukwano,Luganda,,0.0,,pending_gpu,
okagala,okagala,,Unknown,okwagala,Luganda,93.33333333333333,okwagala,Luganda,,0.0,,pending_gpu,
kayina,kayina,kayina,Luganda,,,0.0,kayina,Luganda,,0.0,,pending_gpu,
Jojo,jojo,,Unknown,jjo,Luganda,85.71428571428572,jjo,Luganda,,0.0,,pending_gpu,
Jojo,jojo,,Unknown,jjo,Luganda,85.71428571428572,jjo,Luganda,,0.0,,pending_gpu,
nyabo,nyabo,,Unknown,nnyabo,Luganda,90.9090909090909,nnyabo,Luganda,,0.0,,pending_gpu,
JoJo,jojo,,Unknown,jjo,Luganda,85.71428571428572,jjo,Luganda,,0.0,,pending_gpu,
okitegera,okitegera,,Unknown,okutegera,Luganda,88.88888888888889,okutegera,Luganda,,0.0,,pending_gpu,
Jojo,jojo,,Unknown,jjo,Luganda,85.71428571428572,jjo,Luganda,,0.0,,pending_gpu,
wano,wano,wano,Luganda,,,0.0,wano,Luganda,,0.0,,pending_gpu,
Magaala,magaala,,Unknown,magala,Luganda,92.3076923076923,magala,Luganda,,0.0,,pending_gpu,
magala,magala,magala,Luganda,,,0.0,magala,Luganda,,0.0,,pending_gpu,
Magala,magala,Magala,Luganda,,,0.0,Magala,Luganda,,0.0,,pending_gpu,
munanansi,munanansi,,Unknown,munnansi,Luganda,94.11764705882352,munnansi,Luganda,,0.0,,pending_gpu,
Jojo,jojo,,Unknown,jjo,Luganda,85.71428571428572,jjo,Luganda,,0.0,,pending_gpu,
kiwanuka,kiwanuka,,Unknown,ekiwuka,Luganda,80.0,ekiwuka,Luganda,,0.0,,pending_gpu,
naye,naye,naye,Luganda,,,0.0,naye,Luganda,,0.0,,pending_gpu,
magala,magala,magala,Luganda,,,0.0,magala,Luganda,,0.0,,pending_gpu,
eyo,eyo,eyo,Luganda,,,0.0,eyo,Luganda,,0.0,,pending_gpu,
kimera,kimera,kimera,Luganda,,,0.0,kimera,Luganda,,0.0,,pending_gpu,
yange,yange,,Unknown,gyange,Luganda,90.9090909090909,gyange,Luganda,,0.0,,pending_gpu,
Kimera,kimera,Kimera,Luganda,,,0.0,Kimera,Luganda,,0.0,,pending_gpu,
Emaali,emaali,,Unknown,emabbali,Luganda,85.71428571428572,emabbali,Luganda,,0.0,,pending_gpu,
nayee,nayee,,Unknown,naye,Luganda,88.88888888888889,naye,Luganda,,0.0,,pending_gpu,
@KAVUYO,@kavuyo,,Unknown,akavuyo,Luganda,85.71428571428572,akavuyo,Luganda,,0.0,,pending_gpu,
kwesiva,kwesiva,,Unknown,okwesiga,Luganda,80.0,okwesiga,Luganda,,0.0,,pending_gpu,
mwana,mwana,mwana,Luganda,,,0.0,mwana,Luganda,,0.0,,pending_gpu,
Awo,awo,Awo,Luganda,,,0.0,Awo,Luganda,,0.0,,pending_gpu,
abayimbi,abayimbi,,Unknown,gwabayimbi,Luganda,88.88888888888889,gwabayimbi,Luganda,,0.0,,pending_gpu,
nga,nga,nga,Luganda,,,0.0,nga,Luganda,,0.0,,pending_gpu,
kurika,kurika,,Unknown,kuyurika,Luganda,85.71428571428572,kuyurika,Luganda,,0.0,,pending_gpu,
ekintu,ekintu,ekintu,Luganda,,,0.0,ekintu,Luganda,,0.0,,pending_gpu,
kyabadde,kyabadde,,Unknown,ekyambadde,Luganda,88.88888888888889,ekyambadde,Luganda,,0.0,,pending_gpu,
Naye,naye,Naye,Luganda,,,0.0,Naye,Luganda,,0.0,,pending_gpu,
Nga,nga,Nga,Luganda,,,0.0,Nga,Luganda,,0.0,,pending_gpu,
Gwe,gwe,Gwe,Luganda,,,0.0,Gwe,Luganda,,0.0,,pending_gpu,
wabadde,wabadde,,Unknown,abazadde,Luganda,80.0,abazadde,Luganda,,0.0,,pending_gpu,
esanyu,esanyu,,Unknown,essanyu,Luganda,92.3076923076923,essanyu,Luganda,,0.0,,pending_gpu,
gwe,gwe,gwe,Luganda,,,0.0,gwe,Luganda,,0.0,,pending_gpu,
mazima,mazima,,Unknown,amazima,Luganda,92.3076923076923,amazima,Luganda,,0.0,,pending_gpu,
naye,naye,naye,Luganda,,,0.0,naye,Luganda,,0.0,,pending_gpu,
muli,muli,,Unknown,omuli,Luganda,88.88888888888889,omuli,Luganda,,0.0,,pending_gpu,
mukuba,mukuba,,Unknown,kukuba,Luganda,83.33333333333334,kukuba,Luganda,,0.0,,pending_gpu,
mukomere,mukomere,,Unknown,mukomera,Luganda,87.5,mukomera,Luganda,,0.0,,pending_gpu,
kenya,kenya,kenya,Luganda,,,0.0,kenya,Luganda,,0.0,,pending_gpu,
mazima,mazima,,Unknown,amazima,Luganda,92.3076923076923,amazima,Luganda,,0.0,,pending_gpu,
kwagara,kwagara,,Unknown,okwagala,Luganda,80.0,okwagala,Luganda,,0.0,,pending_gpu,
omurungi,omurungi,,Unknown,omulungi,Luganda,87.5,omulungi,Luganda,,0.0,,pending_gpu,
wange,wange,wange,Luganda,,,0.0,wange,Luganda,,0.0,,pending_gpu,
omulungi,omulungi,omulungi,Luganda,,,0.0,omulungi,Luganda,,0.0,,pending_gpu,
wange,wange,wange,Luganda,,,0.0,wange,Luganda,,0.0,,pending_gpu,
omulungi,omulungi,omulungi,Luganda,,,0.0,omulungi,Luganda,,0.0,,pending_gpu,
wange,wange,wange,Luganda,,,0.0,wange,Luganda,,0.0,,pending_gpu,
mazima,mazima,,Unknown,amazima,Luganda,92.3076923076923,amazima,Luganda,,0.0,,pending_gpu,
Mazima,mazima,,Unknown,amazima,Luganda,92.3076923076923,amazima,Luganda,,0.0,,pending_gpu,
Mazima,mazima,,Unknown,amazima,Luganda,92.3076923076923,amazima,Luganda,,0.0,,pending_gpu,
Mazima,mazima,,Unknown,amazima,Luganda,92.3076923076923,amazima,Luganda,,0.0,,pending_gpu,
Mazima,mazima,,Unknown,amazima,Luganda,92.3076923076923,amazima,Luganda,,0.0,,pending_gpu,
Mazima,mazima,,Unknown,amazima,Luganda,92.3076923076923,amazima,Luganda,,0.0,,pending_gpu,
Mazima,mazima,,Unknown,amazima,Luganda,92.3076923076923,amazima,Luganda,,0.0,,pending_gpu,
Mazima,mazima,,Unknown,amazima,Luganda,92.3076923076923,amazima,Luganda,,0.0,,pending_gpu,
Mazima,mazima,,Unknown,amazima,Luganda,92.3076923076923,amazima,Luganda,,0.0,,pending_gpu,
Mazima,mazima,,Unknown,amazima,Luganda,92.3076923076923,amazima,Luganda,,0.0,,pending_gpu,
Mazima,mazima,,Unknown,amazima,Luganda,92.3076923076923,amazima,Luganda,,0.0,,pending_gpu,
Mazima,mazima,,Unknown,amazima,Luganda,92.3076923076923,amazima,Luganda,,0.0,,pending_gpu,
Mazima,mazima,,Unknown,amazima,Luganda,92.3076923076923,amazima,Luganda,,0.0,,pending_gpu,
Mazima,mazima,,Unknown,amazima,Luganda,92.3076923076923,amazima,Luganda,,0.0,,pending_gpu,
omulungi,omulungi,omulungi,Luganda,,,0.0,omulungi,Luganda,,0.0,,pending_gpu,
wange,wange,wange,Luganda,,,0.0,wange,Luganda,,0.0,,pending_gpu,
mazima,mazima,,Unknown,amazima,Luganda,92.3076923076923,amazima,Luganda,,0.0,,pending_gpu,
mazima,mazima,,Unknown,amazima,Luganda,92.3076923076923,amazima,Luganda,,0.0,,pending_gpu,
wange,wange,wange,Luganda,,,0.0,wange,Luganda,,0.0,,pending_gpu,
OKITEGELA,okitegela,,Unknown,okuteela,Luganda,82.35294117647058,okuteela,Luganda,,0.0,,pending_gpu,
OMULUNGI,omulungi,OMULUNGI,Luganda,,,0.0,OMULUNGI,Luganda,,0.0,,pending_gpu,
WANGYE,wangye,,Unknown,wange,Luganda,90.9090909090909,wange,Luganda,,0.0,,pending_gpu,
OMULUNGI,omulungi,OMULUNGI,Luganda,,,0.0,OMULUNGI,Luganda,,0.0,,pending_gpu,
OMULUNGI,omulungi,OMULUNGI,Luganda,,,0.0,OMULUNGI,Luganda,,0.0,,pending_gpu,
WANGYE,wangye,,Unknown,wange,Luganda,90.9090909090909,wange,Luganda,,0.0,,pending_gpu,
OMULUNGI,omulungi,OMULUNGI,Luganda,,,0.0,OMULUNGI,Luganda,,0.0,,pending_gpu,
OMULUNGI,omulungi,OMULUNGI,Luganda,,,0.0,OMULUNGI,Luganda,,0.0,,pending_gpu,
WANGYE,wangye,,Unknown,wange,Luganda,90.9090909090909,wange,Luganda,,0.0,,pending_gpu,
OMULUNGI,omulungi,OMULUNGI,Luganda,,,0.0,OMULUNGI,Luganda,,0.0,,pending_gpu,
OMULUNGI,omulungi,OMULUNGI,Luganda,,,0.0,OMULUNGI,Luganda,,0.0,,pending_gpu,
WANGYE,wangye,,Unknown,wange,Luganda,90.9090909090909,wange,Luganda,,0.0,,pending_gpu,
OMULUNGI,omulungi,OMULUNGI,Luganda,,,0.0,OMULUNGI,Luganda,,0.0,,pending_gpu,
OMULUNGI,omulungi,OMULUNGI,Luganda,,,0.0,OMULUNGI,Luganda,,0.0,,pending_gpu,
WANGYE,wangye,,Unknown,wange,Luganda,90.9090909090909,wange,Luganda,,0.0,,pending_gpu,
OMULUNGI,omulungi,OMULUNGI,Luganda,,,0.0,OMULUNGI,Luganda,,0.0,,pending_gpu,
OMULUNGI,omulungi,OMULUNGI,Luganda,,,0.0,OMULUNGI,Luganda,,0.0,,pending_gpu,
WANGYE,wangye,,Unknown,wange,Luganda,90.9090909090909,wange,Luganda,,0.0,,pending_gpu,
wange,wange,wange,Luganda,,,0.0,wange,Luganda,,0.0,,pending_gpu,
mazima,mazima,,Unknown,amazima,Luganda,92.3076923076923,amazima,Luganda,,0.0,,pending_gpu,
mazima,mazima,,Unknown,amazima,Luganda,92.3076923076923,amazima,Luganda,,0.0,,pending_gpu,
mazima,mazima,,Unknown,amazima,Luganda,92.3076923076923,amazima,Luganda,,0.0,,pending_gpu,
mazima,mazima,,Unknown,amazima,Luganda,92.3076923076923,amazima,Luganda,,0.0,,pending_gpu,
mazima,mazima,,Unknown,amazima,Luganda,92.3076923076923,amazima,Luganda,,0.0,,pending_gpu,
mazima,mazima,,Unknown,amazima,Luganda,92.3076923076923,amazima,Luganda,,0.0,,pending_gpu,
mazima,mazima,,Unknown,amazima,Luganda,92.3076923076923,amazima,Luganda,,0.0,,pending_gpu,
mazima,mazima,,Unknown,amazima,Luganda,92.3076923076923,amazima,Luganda,,0.0,,pending_gpu,
mazima,mazima,,Unknown,amazima,Luganda,92.3076923076923,amazima,Luganda,,0.0,,pending_gpu,
omulungi,omulungi,omulungi,Luganda,,,0.0,omulungi,Luganda,,0.0,,pending_gpu,
wange,wange,wange,Luganda,,,0.0,wange,Luganda,,0.0,,pending_gpu,
gwe,gwe,gwe,Luganda,,,0.0,gwe,Luganda,,0.0,,pending_gpu,
nkwagala,nkwagala,,Unknown,okwagala,Luganda,87.5,okwagala,Luganda,,0.0,,pending_gpu,
omulungi,omulungi,omulungi,Luganda,,,0.0,omulungi,Luganda,,0.0,,pending_gpu,
wange,wange,wange,Luganda,,,0.0,wange,Luganda,,0.0,,pending_gpu,
kange,kange,kange,Luganda,,,0.0,kange,Luganda,,0.0,,pending_gpu,
nga,nga,nga,Luganda,,,0.0,nga,Luganda,,0.0,,pending_gpu,
kange,kange,kange,Luganda,,,0.0,kange,Luganda,,0.0,,pending_gpu,
Maziima,maziima,,Unknown,amazima,Luganda,85.71428571428572,amazima,Luganda,,0.0,,pending_gpu,
wange,wange,wange,Luganda,,,0.0,wange,Luganda,,0.0,,pending_gpu,
mazima,mazima,,Unknown,amazima,Luganda,92.3076923076923,amazima,Luganda,,0.0,,pending_gpu,
Mazima,mazima,,Unknown,amazima,Luganda,92.3076923076923,amazima,Luganda,,0.0,,pending_gpu,
⌨️Mazima,⌨️mazima,,Unknown,amazima,Luganda,80.0,amazima,Luganda,,0.0,,pending_gpu,
Mazima,mazima,,Unknown,amazima,Luganda,92.3076923076923,amazima,Luganda,,0.0,,pending_gpu,
⌨️Mazima,⌨️mazima,,Unknown,amazima,Luganda,80.0,amazima,Luganda,,0.0,,pending_gpu,
Mazima,mazima,,Unknown,amazima,Luganda,92.3076923076923,amazima,Luganda,,0.0,,pending_gpu,
⌨️Mazima,⌨️mazima,,Unknown,amazima,Luganda,80.0,amazima,Luganda,,0.0,,pending_gpu,
Mazima,mazima,,Unknown,amazima,Luganda,92.3076923076923,amazima,Luganda,,0.0,,pending_gpu,
Mazima,mazima,,Unknown,amazima,Luganda,92.3076923076923,amazima,Luganda,,0.0,,pending_gpu,
Mazima,mazima,,Unknown,amazima,Luganda,92.3076923076923,amazima,Luganda,,0.0,,pending_gpu,
Mazima,mazima,,Unknown,amazima,Luganda,92.3076923076923,amazima,Luganda,,0.0,,pending_gpu,
Mazima,mazima,,Unknown,amazima,Luganda,92.3076923076923,amazima,Luganda,,0.0,,pending_gpu,
Mazima,mazima,,Unknown,amazima,Luganda,92.3076923076923,amazima,Luganda,,0.0,,pending_gpu,
Mazima,mazima,,Unknown,amazima,Luganda,92.3076923076923,amazima,Luganda,,0.0,,pending_gpu,
Mazima,mazima,,Unknown,amazima,Luganda,92.3076923076923,amazima,Luganda,,0.0,,pending_gpu,
Mazima,mazima,,Unknown,amazima,Luganda,92.3076923076923,amazima,Luganda,,0.0,,pending_gpu,
Mazima,mazima,,Unknown,amazima,Luganda,92.3076923076923,amazima,Luganda,,0.0,,pending_gpu,
Mazima,mazima,,Unknown,amazima,Luganda,92.3076923076923,amazima,Luganda,,0.0,,pending_gpu,
♥️Mazima,♥️mazima,,Unknown,amazima,Luganda,80.0,amazima,Luganda,,0.0,,pending_gpu,
Mazima,mazima,,Unknown,amazima,Luganda,92.3076923076923,amazima,Luganda,,0.0,,pending_gpu,
♥️Mazima,♥️mazima,,Unknown,amazima,Luganda,80.0,amazima,Luganda,,0.0,,pending_gpu,
Mazima,mazima,,Unknown,amazima,Luganda,92.3076923076923,amazima,Luganda,,0.0,,pending_gpu,
♥️Mazima,♥️mazima,,Unknown,amazima,Luganda,80.0,amazima,Luganda,,0.0,,pending_gpu,
Mazima,mazima,,Unknown,amazima,Luganda,92.3076923076923,amazima,Luganda,,0.0,,pending_gpu,
Omulunji,omulunji,,Unknown,omulungi,Luganda,87.5,omulungi,Luganda,,0.0,,pending_gpu,
wange,wange,wange,Luganda,,,0.0,wange,Luganda,,0.0,,pending_gpu,
OKITEGELA,okitegela,,Unknown,okuteela,Luganda,82.35294117647058,okuteela,Luganda,,0.0,,pending_gpu,
OMULUNGI,omulungi,OMULUNGI,Luganda,,,0.0,OMULUNGI,Luganda,,0.0,,pending_gpu,
WANGYE,wangye,,Unknown,wange,Luganda,90.9090909090909,wange,Luganda,,0.0,,pending_gpu,
OMULUNGI,omulungi,OMULUNGI,Luganda,,,0.0,OMULUNGI,Luganda,,0.0,,pending_gpu,
OMULUNGI,omulungi,OMULUNGI,Luganda,,,0.0,OMULUNGI,Luganda,,0.0,,pending_gpu,
WANGYE,wangye,,Unknown,wange,Luganda,90.9090909090909,wange,Luganda,,0.0,,pending_gpu,
OMULUNGI,omulungi,OMULUNGI,Luganda,,,0.0,OMULUNGI,Luganda,,0.0,,pending_gpu,
OMULUNGI,omulungi,OMULUNGI,Luganda,,,0.0,OMULUNGI,Luganda,,0.0,,pending_gpu,
WANGYE,wangye,,Unknown,wange,Luganda,90.9090909090909,wange,Luganda,,0.0,,pending_gpu,
OMULUNGI,omulungi,OMULUNGI,Luganda,,,0.0,OMULUNGI,Luganda,,0.0,,pending_gpu,
OMULUNGI,omulungi,OMULUNGI,Luganda,,,0.0,OMULUNGI,Luganda,,0.0,,pending_gpu,
WANGYE,wangye,,Unknown,wange,Luganda,90.9090909090909,wange,Luganda,,0.0,,pending_gpu,
OMULUNGI,omulungi,OMULUNGI,Luganda,,,0.0,OMULUNGI,Luganda,,0.0,,pending_gpu,
OMULUNGI,omulungi,OMULUNGI,Luganda,,,0.0,OMULUNGI,Luganda,,0.0,,pending_gpu,
WANGYE,wangye,,Unknown,wange,Luganda,90.9090909090909,wange,Luganda,,0.0,,pending_gpu,
OMULUNGI,omulungi,OMULUNGI,Luganda,,,0.0,OMULUNGI,Luganda,,0.0,,pending_gpu,
OMULUNGI,omulungi,OMULUNGI,Luganda,,,0.0,OMULUNGI,Luganda,,0.0,,pending_gpu,
WANGYE,wangye,,Unknown,wange,Luganda,90.9090909090909,wange,Luganda,,0.0,,pending_gpu,
wange,wange,wange,Luganda,,,0.0,wange,Luganda,,0.0,,pending_gpu,
omulungi,omulungi,omulungi,Luganda,,,0.0,omulungi,Luganda,,0.0,,pending_gpu,
wange,wange,wange,Luganda,,,0.0,wange,Luganda,,0.0,,pending_gpu,
wange,wange,wange,Luganda,,,0.0,wange,Luganda,,0.0,,pending_gpu,
mazima,mazima,,Unknown,amazima,Luganda,92.3076923076923,amazima,Luganda,,0.0,,pending_gpu,
mazima,mazima,,Unknown,amazima,Luganda,92.3076923076923,amazima,Luganda,,0.0,,pending_gpu,
mazima,mazima,,Unknown,amazima,Luganda,92.3076923076923,amazima,Luganda,,0.0,,pending_gpu,
mazima,mazima,,Unknown,amazima,Luganda,92.3076923076923,amazima,Luganda,,0.0,,pending_gpu,
mazima,mazima,,Unknown,amazima,Luganda,92.3076923076923,amazima,Luganda,,0.0,,pending_gpu,
mazima,mazima,,Unknown,amazima,Luganda,92.3076923076923,amazima,Luganda,,0.0,,pending_gpu,
mazima,mazima,,Unknown,amazima,Luganda,92.3076923076923,amazima,Luganda,,0.0,,pending_gpu,
mazima,mazima,,Unknown,amazima,Luganda,92.3076923076923,amazima,Luganda,,0.0,,pending_gpu,
mazima,mazima,,Unknown,amazima,Luganda,92.3076923076923,amazima,Luganda,,0.0,,pending_gpu,
mazima,mazima,,Unknown,amazima,Luganda,92.3076923076923,amazima,Luganda,,0.0,,pending_gpu,
mazima,mazima,,Unknown,amazima,Luganda,92.3076923076923,amazima,Luganda,,0.0,,pending_gpu,
Mazima,mazima,,Unknown,amazima,Luganda,92.3076923076923,amazima,Luganda,,0.0,,pending_gpu,
⌨️Mazima,⌨️mazima,,Unknown,amazima,Luganda,80.0,amazima,Luganda,,0.0,,pending_gpu,
Mazima,mazima,,Unknown,amazima,Luganda,92.3076923076923,amazima,Luganda,,0.0,,pending_gpu,
⌨️Mazima,⌨️mazima,,Unknown,amazima,Luganda,80.0,amazima,Luganda,,0.0,,pending_gpu,
Mazima,mazima,,Unknown,amazima,Luganda,92.3076923076923,amazima,Luganda,,0.0,,pending_gpu,
⌨️Mazima,⌨️mazima,,Unknown,amazima,Luganda,80.0,amazima,Luganda,,0.0,,pending_gpu,
Mazima,mazima,,Unknown,amazima,Luganda,92.3076923076923,amazima,Luganda,,0.0,,pending_gpu,
Mazima,mazima,,Unknown,amazima,Luganda,92.3076923076923,amazima,Luganda,,0.0,,pending_gpu,
Mazima,mazima,,Unknown,amazima,Luganda,92.3076923076923,amazima,Luganda,,0.0,,pending_gpu,
Mazima,mazima,,Unknown,amazima,Luganda,92.3076923076923,amazima,Luganda,,0.0,,pending_gpu,
Mazima,mazima,,Unknown,amazima,Luganda,92.3076923076923,amazima,Luganda,,0.0,,pending_gpu,
Mazima,mazima,,Unknown,amazima,Luganda,92.3076923076923,amazima,Luganda,,0.0,,pending_gpu,
Mazima,mazima,,Unknown,amazima,Luganda,92.3076923076923,amazima,Luganda,,0.0,,pending_gpu,
Mazima,mazima,,Unknown,amazima,Luganda,92.3076923076923,amazima,Luganda,,0.0,,pending_gpu,
Mazima,mazima,,Unknown,amazima,Luganda,92.3076923076923,amazima,Luganda,,0.0,,pending_gpu,
Mazima,mazima,,Unknown,amazima,Luganda,92.3076923076923,amazima,Luganda,,0.0,,pending_gpu,
Mazima,mazima,,Unknown,amazima,Luganda,92.3076923076923,amazima,Luganda,,0.0,,pending_gpu,
♥️Mazima,♥️mazima,,Unknown,amazima,Luganda,80.0,amazima,Luganda,,0.0,,pending_gpu,
Mazima,mazima,,Unknown,amazima,Luganda,92.3076923076923,amazima,Luganda,,0.0,,pending_gpu,
♥️Mazima,♥️mazima,,Unknown,amazima,Luganda,80.0,amazima,Luganda,,0.0,,pending_gpu,
Mazima,mazima,,Unknown,amazima,Luganda,92.3076923076923,amazima,Luganda,,0.0,,pending_gpu,
♥️Mazima,♥️mazima,,Unknown,amazima,Luganda,80.0,amazima,Luganda,,0.0,,pending_gpu,
Mazima,mazima,,Unknown,amazima,Luganda,92.3076923076923,amazima,Luganda,,0.0,,pending_gpu,
Omulunji,omulunji,,Unknown,omulungi,Luganda,87.5,omulungi,Luganda,,0.0,,pending_gpu,
wange,wange,wange,Luganda,,,0.0,wange,Luganda,,0.0,,pending_gpu,
mazima,mazima,,Unknown,amazima,Luganda,92.3076923076923,amazima,Luganda,,0.0,,pending_gpu,
mazima,mazima,,Unknown,amazima,Luganda,92.3076923076923,amazima,Luganda,,0.0,,pending_gpu,
mazima,mazima,,Unknown,amazima,Luganda,92.3076923076923,amazima,Luganda,,0.0,,pending_gpu,
mazima,mazima,,Unknown,amazima,Luganda,92.3076923076923,amazima,Luganda,,0.0,,pending_gpu,
mazima,mazima,,Unknown,amazima,Luganda,92.3076923076923,amazima,Luganda,,0.0,,pending_gpu,
mazima,mazima,,Unknown,amazima,Luganda,92.3076923076923,amazima,Luganda,,0.0,,pending_gpu,
mazima,mazima,,Unknown,amazima,Luganda,92.3076923076923,amazima,Luganda,,0.0,,pending_gpu,
mazima,mazima,,Unknown,amazima,Luganda,92.3076923076923,amazima,Luganda,,0.0,,pending_gpu,
mazima,mazima,,Unknown,amazima,Luganda,92.3076923076923,amazima,Luganda,,0.0,,pending_gpu,
mazima,mazima,,Unknown,amazima,Luganda,92.3076923076923,amazima,Luganda,,0.0,,pending_gpu,
mazima,mazima,,Unknown,amazima,Luganda,92.3076923076923,amazima,Luganda,,0.0,,pending_gpu,
mazima,mazima,,Unknown,amazima,Luganda,92.3076923076923,amazima,Luganda,,0.0,,pending_gpu,
mazima,mazima,,Unknown,amazima,Luganda,92.3076923076923,amazima,Luganda,,0.0,,pending_gpu,
mazima,mazima,,Unknown,amazima,Luganda,92.3076923076923,amazima,Luganda,,0.0,,pending_gpu,
mazima,mazima,,Unknown,amazima,Luganda,92.3076923076923,amazima,Luganda,,0.0,,pending_gpu,
mazima,mazima,,Unknown,amazima,Luganda,92.3076923076923,amazima,Luganda,,0.0,,pending_gpu,
mazima,mazima,,Unknown,amazima,Luganda,92.3076923076923,amazima,Luganda,,0.0,,pending_gpu,
mazima,mazima,,Unknown,amazima,Luganda,92.3076923076923,amazima,Luganda,,0.0,,pending_gpu,
mazima,mazima,,Unknown,amazima,Luganda,92.3076923076923,amazima,Luganda,,0.0,,pending_gpu,
mazima,mazima,,Unknown,amazima,Luganda,92.3076923076923,amazima,Luganda,,0.0,,pending_gpu,
mazima,mazima,,Unknown,amazima,Luganda,92.3076923076923,amazima,Luganda,,0.0,,pending_gpu,
mazima,mazima,,Unknown,amazima,Luganda,92.3076923076923,amazima,Luganda,,0.0,,pending_gpu,
mazima,mazima,,Unknown,amazima,Luganda,92.3076923076923,amazima,Luganda,,0.0,,pending_gpu,
mazima,mazima,,Unknown,amazima,Luganda,92.3076923076923,amazima,Luganda,,0.0,,pending_gpu,
mazima,mazima,,Unknown,amazima,Luganda,92.3076923076923,amazima,Luganda,,0.0,,pending_gpu,
mazima,mazima,,Unknown,amazima,Luganda,92.3076923076923,amazima,Luganda,,0.0,,pending_gpu,
mazima,mazima,,Unknown,amazima,Luganda,92.3076923076923,amazima,Luganda,,0.0,,pending_gpu,
mazima,mazima,,Unknown,amazima,Luganda,92.3076923076923,amazima,Luganda,,0.0,,pending_gpu,
mazima,mazima,,Unknown,amazima,Luganda,92.3076923076923,amazima,Luganda,,0.0,,pending_gpu,
mazima,mazima,,Unknown,amazima,Luganda,92.3076923076923,amazima,Luganda,,0.0,,pending_gpu,
mazima,mazima,,Unknown,amazima,Luganda,92.3076923076923,amazima,Luganda,,0.0,,pending_gpu,
mazima,mazima,,Unknown,amazima,Luganda,92.3076923076923,amazima,Luganda,,0.0,,pending_gpu,
mazima,mazima,,Unknown,amazima,Luganda,92.3076923076923,amazima,Luganda,,0.0,,pending_gpu,
mazima,mazima,,Unknown,amazima,Luganda,92.3076923076923,amazima,Luganda,,0.0,,pending_gpu,
mazima,mazima,,Unknown,amazima,Luganda,92.3076923076923,amazima,Luganda,,0.0,,pending_gpu,
mazima,mazima,,Unknown,amazima,Luganda,92.3076923076923,amazima,Luganda,,0.0,,pending_gpu,
mazima,mazima,,Unknown,amazima,Luganda,92.3076923076923,amazima,Luganda,,0.0,,pending_gpu,
mazima,mazima,,Unknown,amazima,Luganda,92.3076923076923,amazima,Luganda,,0.0,,pending_gpu,
mazima,mazima,,Unknown,amazima,Luganda,92.3076923076923,amazima,Luganda,,0.0,,pending_gpu,
mazima,mazima,,Unknown,amazima,Luganda,92.3076923076923,amazima,Luganda,,0.0,,pending_gpu,
mazima,mazima,,Unknown,amazima,Luganda,92.3076923076923,amazima,Luganda,,0.0,,pending_gpu,
mazima,mazima,,Unknown,amazima,Luganda,92.3076923076923,amazima,Luganda,,0.0,,pending_gpu,
mazima,mazima,,Unknown,amazima,Luganda,92.3076923076923,amazima,Luganda,,0.0,,pending_gpu,
mazima,mazima,,Unknown,amazima,Luganda,92.3076923076923,amazima,Luganda,,0.0,,pending_gpu,
mazima,mazima,,Unknown,amazima,Luganda,92.3076923076923,amazima,Luganda,,0.0,,pending_gpu,
mazima,mazima,,Unknown,amazima,Luganda,92.3076923076923,amazima,Luganda,,0.0,,pending_gpu,
mazima,mazima,,Unknown,amazima,Luganda,92.3076923076923,amazima,Luganda,,0.0,,pending_gpu,
mazima,mazima,,Unknown,amazima,Luganda,92.3076923076923,amazima,Luganda,,0.0,,pending_gpu,
mazima,mazima,,Unknown,amazima,Luganda,92.3076923076923,amazima,Luganda,,0.0,,pending_gpu,
mazima,mazima,,Unknown,amazima,Luganda,92.3076923076923,amazima,Luganda,,0.0,,pending_gpu,
mazima,mazima,,Unknown,amazima,Luganda,92.3076923076923,amazima,Luganda,,0.0,,pending_gpu,
mazima,mazima,,Unknown,amazima,Luganda,92.3076923076923,amazima,Luganda,,0.0,,pending_gpu,
mazima,mazima,,Unknown,amazima,Luganda,92.3076923076923,amazima,Luganda,,0.0,,pending_gpu,
mazima,mazima,,Unknown,amazima,Luganda,92.3076923076923,amazima,Luganda,,0.0,,pending_gpu,
mazima,mazima,,Unknown,amazima,Luganda,92.3076923076923,amazima,Luganda,,0.0,,pending_gpu,
mazima,mazima,,Unknown,amazima,Luganda,92.3076923076923,amazima,Luganda,,0.0,,pending_gpu,
mazima,mazima,,Unknown,amazima,Luganda,92.3076923076923,amazima,Luganda,,0.0,,pending_gpu,
mazima,mazima,,Unknown,amazima,Luganda,92.3076923076923,amazima,Luganda,,0.0,,pending_gpu,
mazima,mazima,,Unknown,amazima,Luganda,92.3076923076923,amazima,Luganda,,0.0,,pending_gpu,
mazima,mazima,,Unknown,amazima,Luganda,92.3076923076923,amazima,Luganda,,0.0,,pending_gpu,
mazima,mazima,,Unknown,amazima,Luganda,92.3076923076923,amazima,Luganda,,0.0,,pending_gpu,
mazima,mazima,,Unknown,amazima,Luganda,92.3076923076923,amazima,Luganda,,0.0,,pending_gpu,
mazima,mazima,,Unknown,amazima,Luganda,92.3076923076923,amazima,Luganda,,0.0,,pending_gpu,
mazima,mazima,,Unknown,amazima,Luganda,92.3076923076923,amazima,Luganda,,0.0,,pending_gpu,
mazima,mazima,,Unknown,amazima,Luganda,92.3076923076923,amazima,Luganda,,0.0,,pending_gpu,
mazima,mazima,,Unknown,amazima,Luganda,92.3076923076923,amazima,Luganda,,0.0,,pending_gpu,
mazima,mazima,,Unknown,amazima,Luganda,92.3076923076923,amazima,Luganda,,0.0,,pending_gpu,
mazima,mazima,,Unknown,amazima,Luganda,92.3076923076923,amazima,Luganda,,0.0,,pending_gpu,
mazima,mazima,,Unknown,amazima,Luganda,92.3076923076923,amazima,Luganda,,0.0,,pending_gpu,
mazima,mazima,,Unknown,amazima,Luganda,92.3076923076923,amazima,Luganda,,0.0,,pending_gpu,
mazima,mazima,,Unknown,amazima,Luganda,92.3076923076923,amazima,Luganda,,0.0,,pending_gpu,
mazima,mazima,,Unknown,amazima,Luganda,92.3076923076923,amazima,Luganda,,0.0,,pending_gpu,
omulungi,omulungi,omulungi,Luganda,,,0.0,omulungi,Luganda,,0.0,,pending_gpu,
wange,wange,wange,Luganda,,,0.0,wange,Luganda,,0.0,,pending_gpu,
maziiima,maziiima,,Unknown,amazima,Luganda,80.0,amazima,Luganda,,0.0,,pending_gpu,
maziiima,maziiima,,Unknown,amazima,Luganda,80.0,amazima,Luganda,,0.0,,pending_gpu,
maziiima,maziiima,,Unknown,amazima,Luganda,80.0,amazima,Luganda,,0.0,,pending_gpu,
maziiima,maziiima,,Unknown,amazima,Luganda,80.0,amazima,Luganda,,0.0,,pending_gpu,
maziiima,maziiima,,Unknown,amazima,Luganda,80.0,amazima,Luganda,,0.0,,pending_gpu,
maziiima,maziiima,,Unknown,amazima,Luganda,80.0,amazima,Luganda,,0.0,,pending_gpu,
maziiima,maziiima,,Unknown,amazima,Luganda,80.0,amazima,Luganda,,0.0,,pending_gpu,
maziiima,maziiima,,Unknown,amazima,Luganda,80.0,amazima,Luganda,,0.0,,pending_gpu,
maziiima,maziiima,,Unknown,amazima,Luganda,80.0,amazima,Luganda,,0.0,,pending_gpu,
maziiima,maziiima,,Unknown,amazima,Luganda,80.0,amazima,Luganda,,0.0,,pending_gpu,
maziiima,maziiima,,Unknown,amazima,Luganda,80.0,amazima,Luganda,,0.0,,pending_gpu,
maziiima,maziiima,,Unknown,amazima,Luganda,80.0,amazima,Luganda,,0.0,,pending_gpu,
mazima,mazima,,Unknown,amazima,Luganda,92.3076923076923,amazima,Luganda,,0.0,,pending_gpu,
mazima,mazima,,Unknown,amazima,Luganda,92.3076923076923,amazima,Luganda,,0.0,,pending_gpu,
mazima,mazima,,Unknown,amazima,Luganda,92.3076923076923,amazima,Luganda,,0.0,,pending_gpu,
mazima,mazima,,Unknown,amazima,Luganda,92.3076923076923,amazima,Luganda,,0.0,,pending_gpu,
mazima,mazima,,Unknown,amazima,Luganda,92.3076923076923,amazima,Luganda,,0.0,,pending_gpu,
mazima,mazima,,Unknown,amazima,Luganda,92.3076923076923,amazima,Luganda,,0.0,,pending_gpu,
mazima,mazima,,Unknown,amazima,Luganda,92.3076923076923,amazima,Luganda,,0.0,,pending_gpu,
mazima,mazima,,Unknown,amazima,Luganda,92.3076923076923,amazima,Luganda,,0.0,,pending_gpu,
mazima,mazima,,Unknown,amazima,Luganda,92.3076923076923,amazima,Luganda,,0.0,,pending_gpu,
mazima,mazima,,Unknown,amazima,Luganda,92.3076923076923,amazima,Luganda,,0.0,,pending_gpu,
mazima,mazima,,Unknown,amazima,Luganda,92.3076923076923,amazima,Luganda,,0.0,,pending_gpu,
mazima,mazima,,Unknown,amazima,Luganda,92.3076923076923,amazima,Luganda,,0.0,,pending_gpu,
mazima,mazima,,Unknown,amazima,Luganda,92.3076923076923,amazima,Luganda,,0.0,,pending_gpu,
mazima,mazima,,Unknown,amazima,Luganda,92.3076923076923,amazima,Luganda,,0.0,,pending_gpu,
mazima,mazima,,Unknown,amazima,Luganda,92.3076923076923,amazima,Luganda,,0.0,,pending_gpu,
kayina,kayina,kayina,Luganda,,,0.0,kayina,Luganda,,0.0,,pending_gpu,
wange,wange,wange,Luganda,,,0.0,wange,Luganda,,0.0,,pending_gpu,
luweero,luweero,,Unknown,fuluweero,Luganda,87.5,fuluweero,Luganda,,0.0,,pending_gpu,
omwana,omwana,omwana,Luganda,,,0.0,omwana,Luganda,,0.0,,pending_gpu,
oluyimba,oluyimba,oluyimba,Luganda,,,0.0,oluyimba,Luganda,,0.0,,pending_gpu,
lwange,lwange,,Unknown,wange,Luganda,90.9090909090909,wange,Luganda,,0.0,,pending_gpu,
mwana,mwana,mwana,Luganda,,,0.0,mwana,Luganda,,0.0,,pending_gpu,
maziima,maziima,,Unknown,amazima,Luganda,85.71428571428572,amazima,Luganda,,0.0,,pending_gpu,
oliyimba,oliyimba,,Unknown,oluyimba,Luganda,87.5,oluyimba,Luganda,,0.0,,pending_gpu,
lwange,lwange,,Unknown,wange,Luganda,90.9090909090909,wange,Luganda,,0.0,,pending_gpu,
mwana,mwana,mwana,Luganda,,,0.0,mwana,Luganda,,0.0,,pending_gpu,
nyo,nyo,,Unknown,nnyo,Luganda,85.71428571428572,nnyo,Luganda,,0.0,,pending_gpu,
mazima,mazima,,Unknown,amazima,Luganda,92.3076923076923,amazima,Luganda,,0.0,,pending_gpu,
mazima,mazima,,Unknown,amazima,Luganda,92.3076923076923,amazima,Luganda,,0.0,,pending_gpu,
mazima,mazima,,Unknown,amazima,Luganda,92.3076923076923,amazima,Luganda,,0.0,,pending_gpu,
mazima,mazima,,Unknown,amazima,Luganda,92.3076923076923,amazima,Luganda,,0.0,,pending_gpu,
wange,wange,wange,Luganda,,,0.0,wange,Luganda,,0.0,,pending_gpu,
omulungi,omulungi,omulungi,Luganda,,,0.0,omulungi,Luganda,,0.0,,pending_gpu,
mazima,mazima,,Unknown,amazima,Luganda,92.3076923076923,amazima,Luganda,,0.0,,pending_gpu,
Mazima,mazima,,Unknown,amazima,Luganda,92.3076923076923,amazima,Luganda,,0.0,,pending_gpu,
mwana,mwana,mwana,Luganda,,,0.0,mwana,Luganda,,0.0,,pending_gpu,
Kamazima,kamazima,,Unknown,amazima,Luganda,93.33333333333333,amazima,Luganda,,0.0,,pending_gpu,
mazima,mazima,,Unknown,amazima,Luganda,92.3076923076923,amazima,Luganda,,0.0,,pending_gpu,
mazima,mazima,,Unknown,amazima,Luganda,92.3076923076923,amazima,Luganda,,0.0,,pending_gpu,
mazima,mazima,,Unknown,amazima,Luganda,92.3076923076923,amazima,Luganda,,0.0,,pending_gpu,
mazima,mazima,,Unknown,amazima,Luganda,92.3076923076923,amazima,Luganda,,0.0,,pending_gpu,
mazima,mazima,,Unknown,amazima,Luganda,92.3076923076923,amazima,Luganda,,0.0,,pending_gpu,
wange,wange,wange,Luganda,,,0.0,wange,Luganda,,0.0,,pending_gpu,
mazima,mazima,,Unknown,amazima,Luganda,92.3076923076923,amazima,Luganda,,0.0,,pending_gpu,
mazima,mazima,,Unknown,amazima,Luganda,92.3076923076923,amazima,Luganda,,0.0,,pending_gpu,
mazima,mazima,,Unknown,amazima,Luganda,92.3076923076923,amazima,Luganda,,0.0,,pending_gpu,
mazimaa,mazimaa,,Unknown,amazima,Luganda,85.71428571428572,amazima,Luganda,,0.0,,pending_gpu,
mazima,mazima,,Unknown,amazima,Luganda,92.3076923076923,amazima,Luganda,,0.0,,pending_gpu,
mazima,mazima,,Unknown,amazima,Luganda,92.3076923076923,amazima,Luganda,,0.0,,pending_gpu,
mazima,mazima,,Unknown,amazima,Luganda,92.3076923076923,amazima,Luganda,,0.0,,pending_gpu,
mazima,mazima,,Unknown,amazima,Luganda,92.3076923076923,amazima,Luganda,,0.0,,pending_gpu,
Wano,wano,Wano,Luganda,,,0.0,Wano,Luganda,,0.0,,pending_gpu,
mazima,mazima,,Unknown,amazima,Luganda,92.3076923076923,amazima,Luganda,,0.0,,pending_gpu,
musajja,musajja,,Unknown,omusajja,Luganda,93.33333333333333,omusajja,Luganda,,0.0,,pending_gpu,
gwe,gwe,gwe,Luganda,,,0.0,gwe,Luganda,,0.0,,pending_gpu,
kwesiva,kwesiva,,Unknown,okwesiga,Luganda,80.0,okwesiga,Luganda,,0.0,,pending_gpu,
kubawo,kubawo,,Unknown,okubawo,Luganda,92.3076923076923,okubawo,Luganda,,0.0,,pending_gpu,
nnyo,nnyo,nnyo,Luganda,,,0.0,nnyo,Luganda,,0.0,,pending_gpu,
awo,awo,awo,Luganda,,,0.0,awo,Luganda,,0.0,,pending_gpu,
webale,webale,webale,Luganda,,,0.0,webale,Luganda,,0.0,,pending_gpu,
nyo,nyo,,Unknown,nnyo,Luganda,85.71428571428572,nnyo,Luganda,,0.0,,pending_gpu,
kutwagala,kutwagala,,Unknown,okutagala,Luganda,88.88888888888889,okutagala,Luganda,,0.0,,pending_gpu,
wange,wange,wange,Luganda,,,0.0,wange,Luganda,,0.0,,pending_gpu,
okitegera,okitegera,,Unknown,okutegera,Luganda,88.88888888888889,okutegera,Luganda,,0.0,,pending_gpu,
mazima,mazima,,Unknown,amazima,Luganda,92.3076923076923,amazima,Luganda,,0.0,,pending_gpu,
okyitegera,okyitegera,,Unknown,okutegera,Luganda,84.21052631578947,okutegera,Luganda,,0.0,,pending_gpu,
naye,naye,naye,Luganda,,,0.0,naye,Luganda,,0.0,,pending_gpu,
owa,owa,owa,Luganda,,,0.0,owa,Luganda,,0.0,,pending_gpu,
Mazima,mazima,,Unknown,amazima,Luganda,92.3076923076923,amazima,Luganda,,0.0,,pending_gpu,
Mazima,mazima,,Unknown,amazima,Luganda,92.3076923076923,amazima,Luganda,,0.0,,pending_gpu,
kyekyo,kyekyo,,Unknown,ekyo,Luganda,80.0,ekyo,Luganda,,0.0,,pending_gpu,
okitegera,okitegera,,Unknown,okutegera,Luganda,88.88888888888889,okutegera,Luganda,,0.0,,pending_gpu,
Mazima.,mazima.,,Unknown,amazima,Luganda,85.71428571428572,amazima,Luganda,,0.0,,pending_gpu,
mazima,mazima,,Unknown,amazima,Luganda,92.3076923076923,amazima,Luganda,,0.0,,pending_gpu,
kituufu,kituufu,kituufu,Luganda,,,0.0,kituufu,Luganda,,0.0,,pending_gpu,
mazima,mazima,,Unknown,amazima,Luganda,92.3076923076923,amazima,Luganda,,0.0,,pending_gpu,
manzima,manzima,,Unknown,amazima,Luganda,85.71428571428572,amazima,Luganda,,0.0,,pending_gpu,
mazimaa,mazimaa,,Unknown,amazima,Luganda,85.71428571428572,amazima,Luganda,,0.0,,pending_gpu,
mazima,mazima,,Unknown,amazima,Luganda,92.3076923076923,amazima,Luganda,,0.0,,pending_gpu,
Amazima,amazima,Amazima,Luganda,,,0.0,Amazima,Luganda,,0.0,,pending_gpu,
mazima,mazima,,Unknown,amazima,Luganda,92.3076923076923,amazima,Luganda,,0.0,,pending_gpu,
mazima,mazima,,Unknown,amazima,Luganda,92.3076923076923,amazima,Luganda,,0.0,,pending_gpu,
mazima,mazima,,Unknown,amazima,Luganda,92.3076923076923,amazima,Luganda,,0.0,,pending_gpu,
mazima,mazima,,Unknown,amazima,Luganda,92.3076923076923,amazima,Luganda,,0.0,,pending_gpu,
mazima,mazima,,Unknown,amazima,Luganda,92.3076923076923,amazima,Luganda,,0.0,,pending_gpu,
mazima,mazima,,Unknown,amazima,Luganda,92.3076923076923,amazima,Luganda,,0.0,,pending_gpu,
mazima,mazima,,Unknown,amazima,Luganda,92.3076923076923,amazima,Luganda,,0.0,,pending_gpu,
mazima,mazima,,Unknown,amazima,Luganda,92.3076923076923,amazima,Luganda,,0.0,,pending_gpu,
mazima,mazima,,Unknown,amazima,Luganda,92.3076923076923,amazima,Luganda,,0.0,,pending_gpu,
mazima,mazima,,Unknown,amazima,Luganda,92.3076923076923,amazima,Luganda,,0.0,,pending_gpu,
mazima,mazima,,Unknown,amazima,Luganda,92.3076923076923,amazima,Luganda,,0.0,,pending_gpu,
mazima,mazima,,Unknown,amazima,Luganda,92.3076923076923,amazima,Luganda,,0.0,,pending_gpu,
mazima,mazima,,Unknown,amazima,Luganda,92.3076923076923,amazima,Luganda,,0.0,,pending_gpu,
mazima,mazima,,Unknown,amazima,Luganda,92.3076923076923,amazima,Luganda,,0.0,,pending_gpu,
mazima,mazima,,Unknown,amazima,Luganda,92.3076923076923,amazima,Luganda,,0.0,,pending_gpu,
mazima,mazima,,Unknown,amazima,Luganda,92.3076923076923,amazima,Luganda,,0.0,,pending_gpu,
Mazima,mazima,,Unknown,amazima,Luganda,92.3076923076923,amazima,Luganda,,0.0,,pending_gpu,
Mazima,mazima,,Unknown,amazima,Luganda,92.3076923076923,amazima,Luganda,,0.0,,pending_gpu,
mazima,mazima,,Unknown,amazima,Luganda,92.3076923076923,amazima,Luganda,,0.0,,pending_gpu,
mwana,mwana,mwana,Luganda,,,0.0,mwana,Luganda,,0.0,,pending_gpu,
abakazi,abakazi,,Unknown,akakazi,Luganda,85.71428571428572,akakazi,Luganda,,0.0,,pending_gpu,
owa,owa,owa,Luganda,,,0.0,owa,Luganda,,0.0,,pending_gpu,
naye,naye,naye,Luganda,,,0.0,naye,Luganda,,0.0,,pending_gpu,
enanansi,enanansi,,Unknown,enanaansi,Luganda,94.11764705882352,enanaansi,Luganda,,0.0,,pending_gpu,
Naye,naye,Naye,Luganda,,,0.0,Naye,Luganda,,0.0,,pending_gpu,
enjala,enjala,enjala,Luganda,,,0.0,enjala,Luganda,,0.0,,pending_gpu,
abasajja,abasajja,,Unknown,basajja,Luganda,93.33333333333333,basajja,Luganda,,0.0,,pending_gpu,
kumwana,kumwana,,Unknown,kulwana,Luganda,85.71428571428572,kulwana,Luganda,,0.0,,pending_gpu,
olabika,olabika,,Unknown,okulabika,Luganda,87.5,okulabika,Luganda,,0.0,,pending_gpu,
mwana,mwana,mwana,Luganda,,,0.0,mwana,Luganda,,0.0,,pending_gpu,
kumwana,kumwana,,Unknown,kulwana,Luganda,85.71428571428572,kulwana,Luganda,,0.0,,pending_gpu,
olabika,olabika,,Unknown,okulabika,Luganda,87.5,okulabika,Luganda,,0.0,,pending_gpu,
mwana,mwana,mwana,Luganda,,,0.0,mwana,Luganda,,0.0,,pending_gpu,
naye,naye,naye,Luganda,,,0.0,naye,Luganda,,0.0,,pending_gpu,
sente,sente,sente,Luganda,,,0.0,sente,Luganda,,0.0,,pending_gpu,
maama,maama,maama,Luganda,,,0.0,maama,Luganda,,0.0,,pending_gpu,
kisenyi,kisenyi,,Unknown,ekisanyi,Luganda,80.0,ekisanyi,Luganda,,0.0,,pending_gpu,
ku,ku,ku,Luganda,,,0.0,ku,Luganda,,0.0,,pending_gpu,
Jjaajja,jjaajja,,Unknown,jjajja,Luganda,92.3076923076923,jjajja,Luganda,,0.0,,pending_gpu,
kitufu,kitufu,,Unknown,ekitufu,Luganda,92.3076923076923,ekitufu,Luganda,,0.0,,pending_gpu,
ekunoonya..,ekunoonya..,,Unknown,okunoonya,Luganda,80.0,okunoonya,Luganda,,0.0,,pending_gpu,
luganda,luganda,,Unknown,oluganda,Luganda,93.33333333333333,oluganda,Luganda,,0.0,,pending_gpu,
Ku,ku,Ku,Luganda,,,0.0,Ku,Luganda,,0.0,,pending_gpu,
nti,nti,nti,Luganda,,,0.0,nti,Luganda,,0.0,,pending_gpu,
ekisera,ekisera,,Unknown,ekiseera,Luganda,93.33333333333333,ekiseera,Luganda,,0.0,,pending_gpu,
naye,naye,naye,Luganda,,,0.0,naye,Luganda,,0.0,,pending_gpu,
oyimba,oyimba,,Unknown,oluyimba,Luganda,85.71428571428572,oluyimba,Luganda,,0.0,,pending_gpu,
bulungi,bulungi,bulungi,Luganda,,,0.0,bulungi,Luganda,,0.0,,pending_gpu,
naye,naye,naye,Luganda,,,0.0,naye,Luganda,,0.0,,pending_gpu,
Mukama,mukama,Mukama,Luganda,,,0.0,Mukama,Luganda,,0.0,,pending_gpu,
naye,naye,naye,Luganda,,,0.0,naye,Luganda,,0.0,,pending_gpu,
muganda,muganda,muganda,Luganda,,,0.0,muganda,Luganda,,0.0,,pending_gpu,
wange,wange,wange,Luganda,,,0.0,wange,Luganda,,0.0,,pending_gpu,
Mazima,mazima,,Unknown,amazima,Luganda,92.3076923076923,amazima,Luganda,,0.0,,pending_gpu,
naye,naye,naye,Luganda,,,0.0,naye,Luganda,,0.0,,pending_gpu,
ogusaja,ogusaja,,Unknown,omusajja,Luganda,80.0,omusajja,Luganda,,0.0,,pending_gpu,
nenfaaa,nenfaaa,,Unknown,enfaana,Luganda,85.71428571428572,enfaana,Luganda,,0.0,,pending_gpu,
Omwana,omwana,Omwana,Luganda,,,0.0,Omwana,Luganda,,0.0,,pending_gpu,
Luzzi,luzzi,,Unknown,oluzzi,Luganda,90.9090909090909,oluzzi,Luganda,,0.0,,pending_gpu,
Luzzi,luzzi,,Unknown,oluzzi,Luganda,90.9090909090909,oluzzi,Luganda,,0.0,,pending_gpu,
Gulu,gulu,Gulu,Luganda,,,0.0,Gulu,Luganda,,0.0,,pending_gpu,
ento,ento,ento,Luganda,,,0.0,ento,Luganda,,0.0,,pending_gpu,
musiru,musiru,musiru,Luganda,,,0.0,musiru,Luganda,,0.0,,pending_gpu,
gwe,gwe,gwe,Luganda,,,0.0,gwe,Luganda,,0.0,,pending_gpu,
mazima,mazima,,Unknown,amazima,Luganda,92.3076923076923,amazima,Luganda,,0.0,,pending_gpu,
mazimaa,mazimaa,,Unknown,amazima,Luganda,85.71428571428572,amazima,Luganda,,0.0,,pending_gpu,
oluvanyuma,oluvanyuma,oluvanyuma,Luganda,,,0.0,oluvanyuma,Luganda,,0.0,,pending_gpu,
naye,naye,naye,Luganda,,,0.0,naye,Luganda,,0.0,,pending_gpu,
naye,naye,naye,Luganda,,,0.0,naye,Luganda,,0.0,,pending_gpu,
Mazima,mazima,,Unknown,amazima,Luganda,92.3076923076923,amazima,Luganda,,0.0,,pending_gpu,
bulungi,bulungi,bulungi,Luganda,,,0.0,bulungi,Luganda,,0.0,,pending_gpu,
mazima,mazima,,Unknown,amazima,Luganda,92.3076923076923,amazima,Luganda,,0.0,,pending_gpu,
kwesiva,kwesiva,,Unknown,okwesiga,Luganda,80.0,okwesiga,Luganda,,0.0,,pending_gpu,
mazima,mazima,,Unknown,amazima,Luganda,92.3076923076923,amazima,Luganda,,0.0,,pending_gpu,
Mazima,mazima,,Unknown,amazima,Luganda,92.3076923076923,amazima,Luganda,,0.0,,pending_gpu,
onyumira,onyumira,,Unknown,okunyumirwa,Luganda,84.21052631578947,okunyumirwa,Luganda,,0.0,,pending_gpu,
mazima,mazima,,Unknown,amazima,Luganda,92.3076923076923,amazima,Luganda,,0.0,,pending_gpu,
naye,naye,naye,Luganda,,,0.0,naye,Luganda,,0.0,,pending_gpu,
ku,ku,ku,Luganda,,,0.0,ku,Luganda,,0.0,,pending_gpu,
naye,naye,naye,Luganda,,,0.0,naye,Luganda,,0.0,,pending_gpu,
kalungi,kalungi,,Unknown,kilungi,Luganda,85.71428571428572,kilungi,Luganda,,0.0,,pending_gpu,
oba,oba,oba,Luganda,,,0.0,oba,Luganda,,0.0,,pending_gpu,
mazima,mazima,,Unknown,amazima,Luganda,92.3076923076923,amazima,Luganda,,0.0,,pending_gpu,
mazima,mazima,,Unknown,amazima,Luganda,92.3076923076923,amazima,Luganda,,0.0,,pending_gpu,
naye,naye,naye,Luganda,,,0.0,naye,Luganda,,0.0,,pending_gpu,
eyo,eyo,eyo,Luganda,,,0.0,eyo,Luganda,,0.0,,pending_gpu,
mazima,mazima,,Unknown,amazima,Luganda,92.3076923076923,amazima,Luganda,,0.0,,pending_gpu,
kojja,kojja,kojja,Luganda,,,0.0,kojja,Luganda,,0.0,,pending_gpu,
naye,naye,naye,Luganda,,,0.0,naye,Luganda,,0.0,,pending_gpu,
mwana,mwana,mwana,Luganda,,,0.0,mwana,Luganda,,0.0,,pending_gpu,
okolera,okolera,,Unknown,okuwolera,Luganda,87.5,okuwolera,Luganda,,0.0,,pending_gpu,
olunaku,olunaku,olunaku,Luganda,,,0.0,olunaku,Luganda,,0.0,,pending_gpu,
wange,wange,wange,Luganda,,,0.0,wange,Luganda,,0.0,,pending_gpu,
nayeee,nayeee,,Unknown,naye,Luganda,80.0,naye,Luganda,,0.0,,pending_gpu,
Nsumba,nsumba,,Unknown,ensuma,Luganda,83.33333333333334,ensuma,Luganda,,0.0,,pending_gpu,
Kalanzi,kalanzi,,Unknown,kalaani,Luganda,85.71428571428572,kalaani,Luganda,,0.0,,pending_gpu,
Akabbozi,akabbozi,,Unknown,akayozi,Luganda,80.0,akayozi,Luganda,,0.0,,pending_gpu,
nsumba,nsumba,,Unknown,ensuma,Luganda,83.33333333333334,ensuma,Luganda,,0.0,,pending_gpu,
nedda,nedda,nedda,Luganda,,,0.0,nedda,Luganda,,0.0,,pending_gpu,
sebbo,sebbo,,Unknown,ssebo,Luganda,80.0,ssebo,Luganda,,0.0,,pending_gpu,
matovu,matovu,,Unknown,matu,Luganda,80.0,matu,Luganda,,0.0,,pending_gpu,
buddu,buddu,,Unknown,obuddu,Luganda,90.9090909090909,obuddu,Luganda,,0.0,,pending_gpu,
wamanyi,wamanyi,,Unknown,amanyi,Luganda,92.3076923076923,amanyi,Luganda,,0.0,,pending_gpu,
kalanzi,kalanzi,,Unknown,kalaani,Luganda,85.71428571428572,kalaani,Luganda,,0.0,,pending_gpu,
kalanzi,kalanzi,,Unknown,kalaani,Luganda,85.71428571428572,kalaani,Luganda,,0.0,,pending_gpu,
nti,nti,nti,Luganda,,,0.0,nti,Luganda,,0.0,,pending_gpu,
ku,ku,ku,Luganda,,,0.0,ku,Luganda,,0.0,,pending_gpu,
oyo,oyo,oyo,Luganda,,,0.0,oyo,Luganda,,0.0,,pending_gpu,
Kalanzi,kalanzi,,Unknown,kalaani,Luganda,85.71428571428572,kalaani,Luganda,,0.0,,pending_gpu,
omutabizi,omutabizi,,Unknown,omulabirizi,Luganda,80.0,omulabirizi,Luganda,,0.0,,pending_gpu,
abasajja,abasajja,,Unknown,basajja,Luganda,93.33333333333333,basajja,Luganda,,0.0,,pending_gpu,
ku,ku,ku,Luganda,,,0.0,ku,Luganda,,0.0,,pending_gpu,
buddu,buddu,,Unknown,obuddu,Luganda,90.9090909090909,obuddu,Luganda,,0.0,,pending_gpu,
Kalanzi,kalanzi,,Unknown,kalaani,Luganda,85.71428571428572,kalaani,Luganda,,0.0,,pending_gpu,
ejja,ejja,,Unknown,lejja,Luganda,88.88888888888889,lejja,Luganda,,0.0,,pending_gpu,
ku,ku,ku,Luganda,,,0.0,ku,Luganda,,0.0,,pending_gpu,
kalanzi,kalanzi,,Unknown,kalaani,Luganda,85.71428571428572,kalaani,Luganda,,0.0,,pending_gpu,
kyambadde,kyambadde,,Unknown,ekyambadde,Luganda,94.73684210526316,ekyambadde,Luganda,,0.0,,pending_gpu,
ku,ku,ku,Luganda,,,0.0,ku,Luganda,,0.0,,pending_gpu,
ku,ku,ku,Luganda,,,0.0,ku,Luganda,,0.0,,pending_gpu,
emandduso,emandduso,,Unknown,emanduso,Luganda,94.11764705882352,emanduso,Luganda,,0.0,,pending_gpu,
kalanzi,kalanzi,,Unknown,kalaani,Luganda,85.71428571428572,kalaani,Luganda,,0.0,,pending_gpu,
kalanzi,kalanzi,,Unknown,kalaani,Luganda,85.71428571428572,kalaani,Luganda,,0.0,,pending_gpu,
kwesiva,kwesiva,,Unknown,okwesiga,Luganda,80.0,okwesiga,Luganda,,0.0,,pending_gpu,
kalanzi,kalanzi,,Unknown,kalaani,Luganda,85.71428571428572,kalaani,Luganda,,0.0,,pending_gpu,
kalanzi,kalanzi,,Unknown,kalaani,Luganda,85.71428571428572,kalaani,Luganda,,0.0,,pending_gpu,
nsumba,nsumba,,Unknown,ensuma,Luganda,83.33333333333334,ensuma,Luganda,,0.0,,pending_gpu,
Kabaka,kabaka,Kabaka,Luganda,,,0.0,Kabaka,Luganda,,0.0,,pending_gpu,
nedda,nedda,nedda,Luganda,,,0.0,nedda,Luganda,,0.0,,pending_gpu,
sebo,sebo,,Unknown,ssebo,Luganda,88.88888888888889,ssebo,Luganda,,0.0,,pending_gpu,
"luganda,","luganda,",,Unknown,oluganda,Luganda,87.5,oluganda,Luganda,,0.0,,pending_gpu,
omusipana,omusipana,,Unknown,omusana,Luganda,87.5,omusana,Luganda,,0.0,,pending_gpu,
Matovu,matovu,,Unknown,matu,Luganda,80.0,matu,Luganda,,0.0,,pending_gpu,
buddu,buddu,,Unknown,obuddu,Luganda,90.9090909090909,obuddu,Luganda,,0.0,,pending_gpu,
kiibi,kiibi,,Unknown,kibi,Luganda,88.88888888888889,kibi,Luganda,,0.0,,pending_gpu,
dakiika,dakiika,,Unknown,eddakiika,Luganda,87.5,eddakiika,Luganda,,0.0,,pending_gpu,
mugwano,mugwano,,Unknown,omukwano,Luganda,80.0,omukwano,Luganda,,0.0,,pending_gpu,
bugrere,bugrere,,Unknown,oburere,Luganda,85.71428571428572,oburere,Luganda,,0.0,,pending_gpu,
Kalanzi,kalanzi,,Unknown,kalaani,Luganda,85.71428571428572,kalaani,Luganda,,0.0,,pending_gpu,
Akaboozi,akaboozi,,Unknown,akajjoozi,Luganda,82.35294117647058,akajjoozi,Luganda,,0.0,,pending_gpu,
Masanyalaze,masanyalaze,,Unknown,amasanyalaze,Luganda,95.65217391304348,amasanyalaze,Luganda,,0.0,,pending_gpu,
ku,ku,ku,Luganda,,,0.0,ku,Luganda,,0.0,,pending_gpu,
Ssbo,ssbo,,Unknown,ssebo,Luganda,88.88888888888889,ssebo,Luganda,,0.0,,pending_gpu,
Ssebo,ssebo,Ssebo,Luganda,,,0.0,Ssebo,Luganda,,0.0,,pending_gpu,
Kalanzi,kalanzi,,Unknown,kalaani,Luganda,85.71428571428572,kalaani,Luganda,,0.0,,pending_gpu,
Oli,oli,Oli,Luganda,,,0.0,Oli,Luganda,,0.0,,pending_gpu,
mulwadde,mulwadde,,Unknown,omulwadde,Luganda,94.11764705882352,omulwadde,Luganda,,0.0,,pending_gpu,
kwesiva,kwesiva,,Unknown,okwesiga,Luganda,80.0,okwesiga,Luganda,,0.0,,pending_gpu,
Akaawooma,akaawooma,,Unknown,akaama,Luganda,80.0,akaama,Luganda,,0.0,,pending_gpu,
mwana,mwana,mwana,Luganda,,,0.0,mwana,Luganda,,0.0,,pending_gpu,
nsumba,nsumba,,Unknown,ensuma,Luganda,83.33333333333334,ensuma,Luganda,,0.0,,pending_gpu,
kimere,kimere,,Unknown,kimera,Luganda,83.33333333333334,kimera,Luganda,,0.0,,pending_gpu,
kimera,kimera,kimera,Luganda,,,0.0,kimera,Luganda,,0.0,,pending_gpu,
masanyalaze,masanyalaze,,Unknown,amasanyalaze,Luganda,95.65217391304348,amasanyalaze,Luganda,,0.0,,pending_gpu,
nze,nze,nze,Luganda,,,0.0,nze,Luganda,,0.0,,pending_gpu,
kimuli,kimuli,,Unknown,ekimuli,Luganda,92.3076923076923,ekimuli,Luganda,,0.0,,pending_gpu,
edobozi,edobozi,,Unknown,edoboozi,Luganda,93.33333333333333,edoboozi,Luganda,,0.0,,pending_gpu,
Oyo,oyo,Oyo,Luganda,,,0.0,Oyo,Luganda,,0.0,,pending_gpu,
akubisa,akubisa,,Unknown,kukubisa,Luganda,80.0,kukubisa,Luganda,,0.0,,pending_gpu,
nga,nga,nga,Luganda,,,0.0,nga,Luganda,,0.0,,pending_gpu,
kyambadde,kyambadde,,Unknown,ekyambadde,Luganda,94.73684210526316,ekyambadde,Luganda,,0.0,,pending_gpu,
ku,ku,ku,Luganda,,,0.0,ku,Luganda,,0.0,,pending_gpu,
mukulu,mukulu,,Unknown,omukulu,Luganda,92.3076923076923,omukulu,Luganda,,0.0,,pending_gpu,
"masanyala,e","masanyala,e",,Unknown,amasanyalaze,Luganda,86.95652173913044,amasanyalaze,Luganda,,0.0,,pending_gpu,
ku,ku,ku,Luganda,,,0.0,ku,Luganda,,0.0,,pending_gpu,
omupira,omupira,,Unknown,omupiira,Luganda,93.33333333333333,omupiira,Luganda,,0.0,,pending_gpu,
katimba.,katimba.,,Unknown,akatimba,Luganda,87.5,akatimba,Luganda,,0.0,,pending_gpu,
masanyalaze,masanyalaze,,Unknown,amasanyalaze,Luganda,95.65217391304348,amasanyalaze,Luganda,,0.0,,pending_gpu,
ku,ku,ku,Luganda,,,0.0,ku,Luganda,,0.0,,pending_gpu,
birimunda,birimunda,,Unknown,ekirimunda,Luganda,84.21052631578947,ekirimunda,Luganda,,0.0,,pending_gpu,
Naye,naye,Naye,Luganda,,,0.0,Naye,Luganda,,0.0,,pending_gpu,
Ddungu,ddungu,,Unknown,eddungu,Luganda,92.3076923076923,eddungu,Luganda,,0.0,,pending_gpu,
ndala,ndala,,Unknown,endala,Luganda,90.9090909090909,endala,Luganda,,0.0,,pending_gpu,
nsumba,nsumba,,Unknown,ensuma,Luganda,83.33333333333334,ensuma,Luganda,,0.0,,pending_gpu,
nsumba,nsumba,,Unknown,ensuma,Luganda,83.33333333333334,ensuma,Luganda,,0.0,,pending_gpu,
Nsumba,nsumba,,Unknown,ensuma,Luganda,83.33333333333334,ensuma,Luganda,,0.0,,pending_gpu,
oyo,oyo,oyo,Luganda,,,0.0,oyo,Luganda,,0.0,,pending_gpu,
@Ddungu,@ddungu,,Unknown,eddungu,Luganda,85.71428571428572,eddungu,Luganda,,0.0,,pending_gpu,
Myke,myke,,Unknown,mye,Luganda,85.71428571428572,mye,Luganda,,0.0,,pending_gpu,
Masanyalaze,masanyalaze,,Unknown,amasanyalaze,Luganda,95.65217391304348,amasanyalaze,Luganda,,0.0,,pending_gpu,
Nsumba,nsumba,,Unknown,ensuma,Luganda,83.33333333333334,ensuma,Luganda,,0.0,,pending_gpu,
Nsumba,nsumba,,Unknown,ensuma,Luganda,83.33333333333334,ensuma,Luganda,,0.0,,pending_gpu,
Nsumba,nsumba,,Unknown,ensuma,Luganda,83.33333333333334,ensuma,Luganda,,0.0,,pending_gpu,
Kabaka,kabaka,Kabaka,Luganda,,,0.0,Kabaka,Luganda,,0.0,,pending_gpu,
Ddungu,ddungu,,Unknown,eddungu,Luganda,92.3076923076923,eddungu,Luganda,,0.0,,pending_gpu,
Owa,owa,Owa,Luganda,,,0.0,Owa,Luganda,,0.0,,pending_gpu,
@omusipana,@omusipana,,Unknown,omusana,Luganda,82.35294117647058,omusana,Luganda,,0.0,,pending_gpu,
mulalamu,mulalamu,,Unknown,omulalu,Luganda,80.0,omulalu,Luganda,,0.0,,pending_gpu,
ku,ku,ku,Luganda,,,0.0,ku,Luganda,,0.0,,pending_gpu,
Masanyalaze,masanyalaze,,Unknown,amasanyalaze,Luganda,95.65217391304348,amasanyalaze,Luganda,,0.0,,pending_gpu,
luganda,luganda,,Unknown,oluganda,Luganda,93.33333333333333,oluganda,Luganda,,0.0,,pending_gpu,
muko,muko,,Unknown,omuko,Luganda,88.88888888888889,omuko,Luganda,,0.0,,pending_gpu,
mazima,mazima,,Unknown,amazima,Luganda,92.3076923076923,amazima,Luganda,,0.0,,pending_gpu,
naye,naye,naye,Luganda,,,0.0,naye,Luganda,,0.0,,pending_gpu,
naye,naye,naye,Luganda,,,0.0,naye,Luganda,,0.0,,pending_gpu,
wano,wano,wano,Luganda,,,0.0,wano,Luganda,,0.0,,pending_gpu,
wange,wange,wange,Luganda,,,0.0,wange,Luganda,,0.0,,pending_gpu,
sambula,sambula,,Unknown,kasambula,Luganda,87.5,kasambula,Luganda,,0.0,,pending_gpu,
Mazima,mazima,,Unknown,amazima,Luganda,92.3076923076923,amazima,Luganda,,0.0,,pending_gpu,
jjaja,jjaja,,Unknown,jjajja,Luganda,90.9090909090909,jjajja,Luganda,,0.0,,pending_gpu,
ekitiibya,ekitiibya,,Unknown,ekitiibwa,Luganda,88.88888888888889,ekitiibwa,Luganda,,0.0,,pending_gpu,
Dhakaba,dhakaba,,Unknown,akaba,Luganda,83.33333333333334,akaba,Luganda,,0.0,,pending_gpu,
oyo,oyo,oyo,Luganda,,,0.0,oyo,Luganda,,0.0,,pending_gpu,
musiru,musiru,musiru,Luganda,,,0.0,musiru,Luganda,,0.0,,pending_gpu,
nyo,nyo,,Unknown,nnyo,Luganda,85.71428571428572,nnyo,Luganda,,0.0,,pending_gpu,
nga,nga,nga,Luganda,,,0.0,nga,Luganda,,0.0,,pending_gpu,
ku,ku,ku,Luganda,,,0.0,ku,Luganda,,0.0,,pending_gpu,
kapiira,kapiira,,Unknown,akapiira,Luganda,93.33333333333333,akapiira,Luganda,,0.0,,pending_gpu,
kutuuka,kutuuka,,Unknown,okutuuka,Luganda,93.33333333333333,okutuuka,Luganda,,0.0,,pending_gpu,
oba,oba,oba,Luganda,,,0.0,oba,Luganda,,0.0,,pending_gpu,
kumuluka,kumuluka,,Unknown,okululuka,Luganda,82.35294117647058,okululuka,Luganda,,0.0,,pending_gpu,
naye,naye,naye,Luganda,,,0.0,naye,Luganda,,0.0,,pending_gpu,
akategera,akategera,,Unknown,atategeera,Luganda,84.21052631578947,atategeera,Luganda,,0.0,,pending_gpu,
enyo,enyo,enyo,Luganda,,,0.0,enyo,Luganda,,0.0,,pending_gpu,
ogenda,ogenda,,Unknown,okugenda,Luganda,85.71428571428572,okugenda,Luganda,,0.0,,pending_gpu,
oli,oli,oli,Luganda,,,0.0,oli,Luganda,,0.0,,pending_gpu,
nga,nga,nga,Luganda,,,0.0,nga,Luganda,,0.0,,pending_gpu,
takubila,takubila,,Unknown,kubila,Luganda,85.71428571428572,kubila,Luganda,,0.0,,pending_gpu,
naye,naye,naye,Luganda,,,0.0,naye,Luganda,,0.0,,pending_gpu,
nga,nga,nga,Luganda,,,0.0,nga,Luganda,,0.0,,pending_gpu,
omussambi,omussambi,,Unknown,omuyambi,Luganda,82.35294117647058,omuyambi,Luganda,,0.0,,pending_gpu,
wano,wano,wano,Luganda,,,0.0,wano,Luganda,,0.0,,pending_gpu,
Oyo,oyo,Oyo,Luganda,,,0.0,Oyo,Luganda,,0.0,,pending_gpu,
nsaasira,nsaasira,,Unknown,ensaasi,Luganda,80.0,ensaasi,Luganda,,0.0,,pending_gpu,
abamuwuliliza,abamuwuliliza,,Unknown,abawuliriza,Luganda,83.33333333333334,abawuliriza,Luganda,,0.0,,pending_gpu,
omwo,omwo,,Unknown,omweso,Luganda,80.0,omweso,Luganda,,0.0,,pending_gpu,
nze,nze,nze,Luganda,,,0.0,nze,Luganda,,0.0,,pending_gpu,
awo,awo,awo,Luganda,,,0.0,awo,Luganda,,0.0,,pending_gpu,
ku,ku,ku,Luganda,,,0.0,ku,Luganda,,0.0,,pending_gpu,
mazima,mazima,,Unknown,amazima,Luganda,92.3076923076923,amazima,Luganda,,0.0,,pending_gpu,
Lwaki,lwaki,,Unknown,lwaaki,Luganda,90.9090909090909,lwaaki,Luganda,,0.0,,pending_gpu,
Nze,nze,Nze,Luganda,,,0.0,Nze,Luganda,,0.0,,pending_gpu,
nga,nga,nga,Luganda,,,0.0,nga,Luganda,,0.0,,pending_gpu,
Ssemboga,ssemboga,,Unknown,emboga,Luganda,85.71428571428572,emboga,Luganda,,0.0,,pending_gpu,
Ssentamu,ssentamu,,Unknown,entamu,Luganda,85.71428571428572,entamu,Luganda,,0.0,,pending_gpu,
Obulamu,obulamu,Obulamu,Luganda,,,0.0,Obulamu,Luganda,,0.0,,pending_gpu,
kiiro,kiiro,,Unknown,ekiro,Luganda,80.0,ekiro,Luganda,,0.0,,pending_gpu,
kisumuluzo,kisumuluzo,,Unknown,ekisumuluzo,Luganda,95.23809523809523,ekisumuluzo,Luganda,,0.0,,pending_gpu,
kisumuluzo,kisumuluzo,,Unknown,ekisumuluzo,Luganda,95.23809523809523,ekisumuluzo,Luganda,,0.0,,pending_gpu,
muko,muko,,Unknown,omuko,Luganda,88.88888888888889,omuko,Luganda,,0.0,,pending_gpu,
muko,muko,,Unknown,omuko,Luganda,88.88888888888889,omuko,Luganda,,0.0,,pending_gpu,
Taata,taata,Taata,Luganda,,,0.0,Taata,Luganda,,0.0,,pending_gpu,
webale,webale,webale,Luganda,,,0.0,webale,Luganda,,0.0,,pending_gpu,
taata,taata,taata,Luganda,,,0.0,taata,Luganda,,0.0,,pending_gpu,
tukwebaza,tukwebaza,,Unknown,okwebaza,Luganda,82.35294117647058,okwebaza,Luganda,,0.0,,pending_gpu,
okuba,okuba,okuba,Luganda,,,0.0,okuba,Luganda,,0.0,,pending_gpu,
manzima,manzima,,Unknown,amazima,Luganda,85.71428571428572,amazima,Luganda,,0.0,,pending_gpu,
mukama,mukama,mukama,Luganda,,,0.0,mukama,Luganda,,0.0,,pending_gpu,
kuuma,kuuma,kuuma,Luganda,,,0.0,kuuma,Luganda,,0.0,,pending_gpu,
taata,taata,taata,Luganda,,,0.0,taata,Luganda,,0.0,,pending_gpu,
mukama,mukama,mukama,Luganda,,,0.0,mukama,Luganda,,0.0,,pending_gpu,
kuuma,kuuma,kuuma,Luganda,,,0.0,kuuma,Luganda,,0.0,,pending_gpu,
taata,taata,taata,Luganda,,,0.0,taata,Luganda,,0.0,,pending_gpu,
wano,wano,wano,Luganda,,,0.0,wano,Luganda,,0.0,,pending_gpu,
wannge,wannge,,Unknown,wange,Luganda,90.9090909090909,wange,Luganda,,0.0,,pending_gpu,
ffe,ffe,ffe,Luganda,,,0.0,ffe,Luganda,,0.0,,pending_gpu,
nokuziimba,nokuziimba,,Unknown,okuzimba,Luganda,88.88888888888889,okuzimba,Luganda,,0.0,,pending_gpu,
okwekuba,okwekuba,,Unknown,okwewuba,Luganda,87.5,okwewuba,Luganda,,0.0,,pending_gpu,
engaloo,engaloo,,Unknown,engalo,Luganda,92.3076923076923,engalo,Luganda,,0.0,,pending_gpu,
nga,nga,nga,Luganda,,,0.0,nga,Luganda,,0.0,,pending_gpu,
:wano,:wano,,Unknown,wano,Luganda,88.88888888888889,wano,Luganda,,0.0,,pending_gpu,
wannge,wannge,,Unknown,wange,Luganda,90.9090909090909,wange,Luganda,,0.0,,pending_gpu,
mukama,mukama,mukama,Luganda,,,0.0,mukama,Luganda,,0.0,,pending_gpu,
buli,buli,buli,Luganda,,,0.0,buli,Luganda,,0.0,,pending_gpu,
yange,yange,,Unknown,gyange,Luganda,90.9090909090909,gyange,Luganda,,0.0,,pending_gpu,
Maama,maama,Maama,Luganda,,,0.0,Maama,Luganda,,0.0,,pending_gpu,
ku,ku,ku,Luganda,,,0.0,ku,Luganda,,0.0,,pending_gpu,
sente,sente,sente,Luganda,,,0.0,sente,Luganda,,0.0,,pending_gpu,
omuyimbi,omuyimbi,omuyimbi,Luganda,,,0.0,omuyimbi,Luganda,,0.0,,pending_gpu,
wange,wange,wange,Luganda,,,0.0,wange,Luganda,,0.0,,pending_gpu,
kapiripiti,kapiripiti,,Unknown,akabiriiti,Luganda,80.0,akabiriiti,Luganda,,0.0,,pending_gpu,
taata,taata,taata,Luganda,,,0.0,taata,Luganda,,0.0,,pending_gpu,
mazima,mazima,,Unknown,amazima,Luganda,92.3076923076923,amazima,Luganda,,0.0,,pending_gpu,
mwana,mwana,mwana,Luganda,,,0.0,mwana,Luganda,,0.0,,pending_gpu,
nkunonya,nkunonya,,Unknown,okunoonya,Luganda,82.35294117647058,okunoonya,Luganda,,0.0,,pending_gpu,
yange,yange,,Unknown,gyange,Luganda,90.9090909090909,gyange,Luganda,,0.0,,pending_gpu,
nze,nze,nze,Luganda,,,0.0,nze,Luganda,,0.0,,pending_gpu,
nkugwa,nkugwa,,Unknown,kugwa,Luganda,90.9090909090909,kugwa,Luganda,,0.0,,pending_gpu,
Nkola,nkola,,Unknown,enkola,Luganda,90.9090909090909,enkola,Luganda,,0.0,,pending_gpu,
Ku,ku,Ku,Luganda,,,0.0,Ku,Luganda,,0.0,,pending_gpu,
naye,naye,naye,Luganda,,,0.0,naye,Luganda,,0.0,,pending_gpu,
Kati,kati,Kati,Luganda,,,0.0,Kati,Luganda,,0.0,,pending_gpu,
mukimanyi,mukimanyi,,Unknown,omumanyi,Luganda,82.35294117647058,omumanyi,Luganda,,0.0,,pending_gpu,
nti,nti,nti,Luganda,,,0.0,nti,Luganda,,0.0,,pending_gpu,
kyangu,kyangu,kyangu,Luganda,,,0.0,kyangu,Luganda,,0.0,,pending_gpu,
nnyo,nnyo,nnyo,Luganda,,,0.0,nnyo,Luganda,,0.0,,pending_gpu,
okujako,okujako,,Unknown,okujyako,Luganda,93.33333333333333,okujyako,Luganda,,0.0,,pending_gpu,
naye,naye,naye,Luganda,,,0.0,naye,Luganda,,0.0,,pending_gpu,
kizibu,kizibu,,Unknown,ekizibu,Luganda,92.3076923076923,ekizibu,Luganda,,0.0,,pending_gpu,
nyo,nyo,,Unknown,nnyo,Luganda,85.71428571428572,nnyo,Luganda,,0.0,,pending_gpu,
okujako,okujako,,Unknown,okujyako,Luganda,93.33333333333333,okujyako,Luganda,,0.0,,pending_gpu,
kubwa,kubwa,,Unknown,kubbwa,Luganda,90.9090909090909,kubbwa,Luganda,,0.0,,pending_gpu,
bwa,bwa,bwa,Luganda,,,0.0,bwa,Luganda,,0.0,,pending_gpu,
omupiira,omupiira,omupiira,Luganda,,,0.0,omupiira,Luganda,,0.0,,pending_gpu,
bonna,bonna,bonna,Luganda,,,0.0,bonna,Luganda,,0.0,,pending_gpu,
mabegawo,mabegawo,,Unknown,emabega,Luganda,80.0,emabega,Luganda,,0.0,,pending_gpu,
oyo,oyo,oyo,Luganda,,,0.0,oyo,Luganda,,0.0,,pending_gpu,
buli,buli,buli,Luganda,,,0.0,buli,Luganda,,0.0,,pending_gpu,
wamu,wamu,wamu,Luganda,,,0.0,wamu,Luganda,,0.0,,pending_gpu,
bamugoba,bamugoba,,Unknown,amagoba,Luganda,80.0,amagoba,Luganda,,0.0,,pending_gpu,
Kati,kati,Kati,Luganda,,,0.0,Kati,Luganda,,0.0,,pending_gpu,
ffe,ffe,ffe,Luganda,,,0.0,ffe,Luganda,,0.0,,pending_gpu,
oyo,oyo,oyo,Luganda,,,0.0,oyo,Luganda,,0.0,,pending_gpu,
oyo,oyo,oyo,Luganda,,,0.0,oyo,Luganda,,0.0,,pending_gpu,
kamukulu,kamukulu,,Unknown,omukulu,Luganda,80.0,omukulu,Luganda,,0.0,,pending_gpu,
nga,nga,nga,Luganda,,,0.0,nga,Luganda,,0.0,,pending_gpu,
mubintu,mubintu,,Unknown,mukintu,Luganda,85.71428571428572,mukintu,Luganda,,0.0,,pending_gpu,
Oyo,oyo,Oyo,Luganda,,,0.0,Oyo,Luganda,,0.0,,pending_gpu,
butamanya.,butamanya.,,Unknown,obutamanya,Luganda,90.0,obutamanya,Luganda,,0.0,,pending_gpu,
kati,kati,kati,Luganda,,,0.0,kati,Luganda,,0.0,,pending_gpu,
mupiira,mupiira,,Unknown,omupiira,Luganda,93.33333333333333,omupiira,Luganda,,0.0,,pending_gpu,
mutyaba,mutyaba,,Unknown,mutabani,Luganda,80.0,mutabani,Luganda,,0.0,,pending_gpu,
Mutyaba,mutyaba,,Unknown,mutabani,Luganda,80.0,mutabani,Luganda,,0.0,,pending_gpu,
mutyaba,mutyaba,,Unknown,mutabani,Luganda,80.0,mutabani,Luganda,,0.0,,pending_gpu,
tamanyi,tamanyi,,Unknown,amanyi,Luganda,92.3076923076923,amanyi,Luganda,,0.0,,pending_gpu,
kyamanyi,kyamanyi,,Unknown,amanyi,Luganda,85.71428571428572,amanyi,Luganda,,0.0,,pending_gpu,
muli,muli,,Unknown,omuli,Luganda,88.88888888888889,omuli,Luganda,,0.0,,pending_gpu,
Ku,ku,Ku,Luganda,,,0.0,Ku,Luganda,,0.0,,pending_gpu,
mupiira,mupiira,,Unknown,omupiira,Luganda,93.33333333333333,omupiira,Luganda,,0.0,,pending_gpu,
ensonga,ensonga,ensonga,Luganda,,,0.0,ensonga,Luganda,,0.0,,pending_gpu,
kituufu,kituufu,kituufu,Luganda,,,0.0,kituufu,Luganda,,0.0,,pending_gpu,
tomuwa,tomuwa,,Unknown,omumwa,Luganda,83.33333333333334,omumwa,Luganda,,0.0,,pending_gpu,
naye,naye,naye,Luganda,,,0.0,naye,Luganda,,0.0,,pending_gpu,
mumupiira,mumupiira,,Unknown,omupiira,Luganda,82.35294117647058,omupiira,Luganda,,0.0,,pending_gpu,
kutisatisa,kutisatisa,,Unknown,okutisatiisa,Luganda,90.9090909090909,okutisatiisa,Luganda,,0.0,,pending_gpu,
Kituufu,kituufu,Kituufu,Luganda,,,0.0,Kituufu,Luganda,,0.0,,pending_gpu,
nnyo,nnyo,nnyo,Luganda,,,0.0,nnyo,Luganda,,0.0,,pending_gpu,
Mutyaba,mutyaba,,Unknown,mutabani,Luganda,80.0,mutabani,Luganda,,0.0,,pending_gpu,
Mutyaba,mutyaba,,Unknown,mutabani,Luganda,80.0,mutabani,Luganda,,0.0,,pending_gpu,
tamanyi,tamanyi,,Unknown,amanyi,Luganda,92.3076923076923,amanyi,Luganda,,0.0,,pending_gpu,
mupiira,mupiira,,Unknown,omupiira,Luganda,93.33333333333333,omupiira,Luganda,,0.0,,pending_gpu,
Ntebbe,ntebbe,,Unknown,ntebe,Luganda,90.9090909090909,ntebe,Luganda,,0.0,,pending_gpu,
Mutyaba,mutyaba,,Unknown,mutabani,Luganda,80.0,mutabani,Luganda,,0.0,,pending_gpu,
oba,oba,oba,Luganda,,,0.0,oba,Luganda,,0.0,,pending_gpu,
sente,sente,sente,Luganda,,,0.0,sente,Luganda,,0.0,,pending_gpu,
ekizibu,ekizibu,ekizibu,Luganda,,,0.0,ekizibu,Luganda,,0.0,,pending_gpu,
kya,kya,kya,Luganda,,,0.0,kya,Luganda,,0.0,,pending_gpu,
kyekyo,kyekyo,,Unknown,ekyo,Luganda,80.0,ekyo,Luganda,,0.0,,pending_gpu,
obukurembeze,obukurembeze,,Unknown,obukulembeze,Luganda,91.66666666666666,obukulembeze,Luganda,,0.0,,pending_gpu,
bwomupir,bwomupir,,Unknown,bwomuti,Luganda,80.0,bwomuti,Luganda,,0.0,,pending_gpu,
Jojo,jojo,,Unknown,jjo,Luganda,85.71428571428572,jjo,Luganda,,0.0,,pending_gpu,
magala,magala,magala,Luganda,,,0.0,magala,Luganda,,0.0,,pending_gpu,
Jojo,jojo,,Unknown,jjo,Luganda,85.71428571428572,jjo,Luganda,,0.0,,pending_gpu,
okagala,okagala,,Unknown,okwagala,Luganda,93.33333333333333,okwagala,Luganda,,0.0,,pending_gpu,
kayina,kayina,kayina,Luganda,,,0.0,kayina,Luganda,,0.0,,pending_gpu,
JOJO,jojo,,Unknown,jjo,Luganda,85.71428571428572,jjo,Luganda,,0.0,,pending_gpu,
Oli,oli,Oli,Luganda,,,0.0,Oli,Luganda,,0.0,,pending_gpu,
waddala,waddala,,Unknown,ddala,Luganda,83.33333333333334,ddala,Luganda,,0.0,,pending_gpu,
Jojo,jojo,,Unknown,jjo,Luganda,85.71428571428572,jjo,Luganda,,0.0,,pending_gpu,
Jojo,jojo,,Unknown,jjo,Luganda,85.71428571428572,jjo,Luganda,,0.0,,pending_gpu,
JoJo,jojo,,Unknown,jjo,Luganda,85.71428571428572,jjo,Luganda,,0.0,,pending_gpu,
Jojo,jojo,,Unknown,jjo,Luganda,85.71428571428572,jjo,Luganda,,0.0,,pending_gpu,
Mukwano,mukwano,,Unknown,omukwano,Luganda,93.33333333333333,omukwano,Luganda,,0.0,,pending_gpu,
kubuyambi,kubuyambi,,Unknown,obuyambi,Luganda,82.35294117647058,obuyambi,Luganda,,0.0,,pending_gpu,
Mukwano,mukwano,,Unknown,omukwano,Luganda,93.33333333333333,omukwano,Luganda,,0.0,,pending_gpu,
nyabo,nyabo,,Unknown,nnyabo,Luganda,90.9090909090909,nnyabo,Luganda,,0.0,,pending_gpu,
Jojo,jojo,,Unknown,jjo,Luganda,85.71428571428572,jjo,Luganda,,0.0,,pending_gpu,
Jojo,jojo,,Unknown,jjo,Luganda,85.71428571428572,jjo,Luganda,,0.0,,pending_gpu,
okitegera,okitegera,,Unknown,okutegera,Luganda,88.88888888888889,okutegera,Luganda,,0.0,,pending_gpu,
wano,wano,wano,Luganda,,,0.0,wano,Luganda,,0.0,,pending_gpu,
Wano,wano,Wano,Luganda,,,0.0,Wano,Luganda,,0.0,,pending_gpu,
wange,wange,wange,Luganda,,,0.0,wange,Luganda,,0.0,,pending_gpu,
jojo,jojo,,Unknown,jjo,Luganda,85.71428571428572,jjo,Luganda,,0.0,,pending_gpu,
Magaala,magaala,,Unknown,magala,Luganda,92.3076923076923,magala,Luganda,,0.0,,pending_gpu,
magala,magala,magala,Luganda,,,0.0,magala,Luganda,,0.0,,pending_gpu,
Magala,magala,Magala,Luganda,,,0.0,Magala,Luganda,,0.0,,pending_gpu,
munanansi,munanansi,,Unknown,munnansi,Luganda,94.11764705882352,munnansi,Luganda,,0.0,,pending_gpu,
kiwanuka,kiwanuka,,Unknown,ekiwuka,Luganda,80.0,ekiwuka,Luganda,,0.0,,pending_gpu,
Jojo,jojo,,Unknown,jjo,Luganda,85.71428571428572,jjo,Luganda,,0.0,,pending_gpu,
naye,naye,naye,Luganda,,,0.0,naye,Luganda,,0.0,,pending_gpu,
magala,magala,magala,Luganda,,,0.0,magala,Luganda,,0.0,,pending_gpu,
eyo,eyo,eyo,Luganda,,,0.0,eyo,Luganda,,0.0,,pending_gpu,
kimera,kimera,kimera,Luganda,,,0.0,kimera,Luganda,,0.0,,pending_gpu,
Kimera,kimera,Kimera,Luganda,,,0.0,Kimera,Luganda,,0.0,,pending_gpu,
yange,yange,,Unknown,gyange,Luganda,90.9090909090909,gyange,Luganda,,0.0,,pending_gpu,
Emaali,emaali,,Unknown,emabbali,Luganda,85.71428571428572,emabbali,Luganda,,0.0,,pending_gpu,
nayee,nayee,,Unknown,naye,Luganda,88.88888888888889,naye,Luganda,,0.0,,pending_gpu,
@KAVUYO,@kavuyo,,Unknown,akavuyo,Luganda,85.71428571428572,akavuyo,Luganda,,0.0,,pending_gpu,
kwesiva,kwesiva,,Unknown,okwesiga,Luganda,80.0,okwesiga,Luganda,,0.0,,pending_gpu,
mwana,mwana,mwana,Luganda,,,0.0,mwana,Luganda,,0.0,,pending_gpu,
Awo,awo,Awo,Luganda,,,0.0,Awo,Luganda,,0.0,,pending_gpu,
kurika,kurika,,Unknown,kuyurika,Luganda,85.71428571428572,kuyurika,Luganda,,0.0,,pending_gpu,
abayimbi,abayimbi,,Unknown,gwabayimbi,Luganda,88.88888888888889,gwabayimbi,Luganda,,0.0,,pending_gpu,
nga,nga,nga,Luganda,,,0.0,nga,Luganda,,0.0,,pending_gpu,
ekintu,ekintu,ekintu,Luganda,,,0.0,ekintu,Luganda,,0.0,,pending_gpu,
kyabadde,kyabadde,,Unknown,ekyambadde,Luganda,88.88888888888889,ekyambadde,Luganda,,0.0,,pending_gpu,
Naye,naye,Naye,Luganda,,,0.0,Naye,Luganda,,0.0,,pending_gpu,
Nga,nga,Nga,Luganda,,,0.0,Nga,Luganda,,0.0,,pending_gpu,
Gwe,gwe,Gwe,Luganda,,,0.0,Gwe,Luganda,,0.0,,pending_gpu,
wabadde,wabadde,,Unknown,abazadde,Luganda,80.0,abazadde,Luganda,,0.0,,pending_gpu,
esanyu,esanyu,,Unknown,essanyu,Luganda,92.3076923076923,essanyu,Luganda,,0.0,,pending_gpu,
gwe,gwe,gwe,Luganda,,,0.0,gwe,Luganda,,0.0,,pending_gpu,
mazima,mazima,,Unknown,amazima,Luganda,92.3076923076923,amazima,Luganda,,0.0,,pending_gpu,
naye,naye,naye,Luganda,,,0.0,naye,Luganda,,0.0,,pending_gpu,
muli,muli,,Unknown,omuli,Luganda,88.88888888888889,omuli,Luganda,,0.0,,pending_gpu,
mukuba,mukuba,,Unknown,kukuba,Luganda,83.33333333333334,kukuba,Luganda,,0.0,,pending_gpu,
mukomere,mukomere,,Unknown,mukomera,Luganda,87.5,mukomera,Luganda,,0.0,,pending_gpu,
kenya,kenya,kenya,Luganda,,,0.0,kenya,Luganda,,0.0,,pending_gpu,
wange,wange,wange,Luganda,,,0.0,wange,Luganda,,0.0,,pending_gpu,
WANGE,wange,WANGE,Luganda,,,0.0,WANGE,Luganda,,0.0,,pending_gpu,
WANGE,wange,WANGE,Luganda,,,0.0,WANGE,Luganda,,0.0,,pending_gpu,
kwagara,kwagara,,Unknown,okwagala,Luganda,80.0,okwagala,Luganda,,0.0,,pending_gpu,
omurungi,omurungi,,Unknown,omulungi,Luganda,87.5,omulungi,Luganda,,0.0,,pending_gpu,
wange,wange,wange,Luganda,,,0.0,wange,Luganda,,0.0,,pending_gpu,
gwe,gwe,gwe,Luganda,,,0.0,gwe,Luganda,,0.0,,pending_gpu,
nkwagala,nkwagala,,Unknown,okwagala,Luganda,87.5,okwagala,Luganda,,0.0,,pending_gpu,
omulungi,omulungi,omulungi,Luganda,,,0.0,omulungi,Luganda,,0.0,,pending_gpu,
wange,wange,wange,Luganda,,,0.0,wange,Luganda,,0.0,,pending_gpu,
kange,kange,kange,Luganda,,,0.0,kange,Luganda,,0.0,,pending_gpu,
nga,nga,nga,Luganda,,,0.0,nga,Luganda,,0.0,,pending_gpu,
kange,kange,kange,Luganda,,,0.0,kange,Luganda,,0.0,,pending_gpu,
OKITEGELA,okitegela,,Unknown,okuteela,Luganda,82.35294117647058,okuteela,Luganda,,0.0,,pending_gpu,
OMULUNGI,omulungi,OMULUNGI,Luganda,,,0.0,OMULUNGI,Luganda,,0.0,,pending_gpu,
WANGYE,wangye,,Unknown,wange,Luganda,90.9090909090909,wange,Luganda,,0.0,,pending_gpu,
OMULUNGI,omulungi,OMULUNGI,Luganda,,,0.0,OMULUNGI,Luganda,,0.0,,pending_gpu,
OMULUNGI,omulungi,OMULUNGI,Luganda,,,0.0,OMULUNGI,Luganda,,0.0,,pending_gpu,
WANGYE,wangye,,Unknown,wange,Luganda,90.9090909090909,wange,Luganda,,0.0,,pending_gpu,
OMULUNGI,omulungi,OMULUNGI,Luganda,,,0.0,OMULUNGI,Luganda,,0.0,,pending_gpu,
OMULUNGI,omulungi,OMULUNGI,Luganda,,,0.0,OMULUNGI,Luganda,,0.0,,pending_gpu,
WANGYE,wangye,,Unknown,wange,Luganda,90.9090909090909,wange,Luganda,,0.0,,pending_gpu,
OMULUNGI,omulungi,OMULUNGI,Luganda,,,0.0,OMULUNGI,Luganda,,0.0,,pending_gpu,
OMULUNGI,omulungi,OMULUNGI,Luganda,,,0.0,OMULUNGI,Luganda,,0.0,,pending_gpu,
WANGYE,wangye,,Unknown,wange,Luganda,90.9090909090909,wange,Luganda,,0.0,,pending_gpu,
OMULUNGI,omulungi,OMULUNGI,Luganda,,,0.0,OMULUNGI,Luganda,,0.0,,pending_gpu,
OMULUNGI,omulungi,OMULUNGI,Luganda,,,0.0,OMULUNGI,Luganda,,0.0,,pending_gpu,
WANGYE,wangye,,Unknown,wange,Luganda,90.9090909090909,wange,Luganda,,0.0,,pending_gpu,
OMULUNGI,omulungi,OMULUNGI,Luganda,,,0.0,OMULUNGI,Luganda,,0.0,,pending_gpu,
OMULUNGI,omulungi,OMULUNGI,Luganda,,,0.0,OMULUNGI,Luganda,,0.0,,pending_gpu,
WANGYE,wangye,,Unknown,wange,Luganda,90.9090909090909,wange,Luganda,,0.0,,pending_gpu,
mazima,mazima,,Unknown,amazima,Luganda,92.3076923076923,amazima,Luganda,,0.0,,pending_gpu,
mazima,mazima,,Unknown,amazima,Luganda,92.3076923076923,amazima,Luganda,,0.0,,pending_gpu,
mazima,mazima,,Unknown,amazima,Luganda,92.3076923076923,amazima,Luganda,,0.0,,pending_gpu,
mazima,mazima,,Unknown,amazima,Luganda,92.3076923076923,amazima,Luganda,,0.0,,pending_gpu,
mazima,mazima,,Unknown,amazima,Luganda,92.3076923076923,amazima,Luganda,,0.0,,pending_gpu,
mazima,mazima,,Unknown,amazima,Luganda,92.3076923076923,amazima,Luganda,,0.0,,pending_gpu,
mazima,mazima,,Unknown,amazima,Luganda,92.3076923076923,amazima,Luganda,,0.0,,pending_gpu,
mazima,mazima,,Unknown,amazima,Luganda,92.3076923076923,amazima,Luganda,,0.0,,pending_gpu,
wange,wange,wange,Luganda,,,0.0,wange,Luganda,,0.0,,pending_gpu,
mazima,mazima,,Unknown,amazima,Luganda,92.3076923076923,amazima,Luganda,,0.0,,pending_gpu,
wange,wange,wange,Luganda,,,0.0,wange,Luganda,,0.0,,pending_gpu,
omulungi,omulungi,omulungi,Luganda,,,0.0,omulungi,Luganda,,0.0,,pending_gpu,
wange,wange,wange,Luganda,,,0.0,wange,Luganda,,0.0,,pending_gpu,
omulungi,omulungi,omulungi,Luganda,,,0.0,omulungi,Luganda,,0.0,,pending_gpu,
wange,wange,wange,Luganda,,,0.0,wange,Luganda,,0.0,,pending_gpu,
Mazima,mazima,,Unknown,amazima,Luganda,92.3076923076923,amazima,Luganda,,0.0,,pending_gpu,
Mazima,mazima,,Unknown,amazima,Luganda,92.3076923076923,amazima,Luganda,,0.0,,pending_gpu,
Mazima,mazima,,Unknown,amazima,Luganda,92.3076923076923,amazima,Luganda,,0.0,,pending_gpu,
Mazima,mazima,,Unknown,amazima,Luganda,92.3076923076923,amazima,Luganda,,0.0,,pending_gpu,
Mazima,mazima,,Unknown,amazima,Luganda,92.3076923076923,amazima,Luganda,,0.0,,pending_gpu,
Mazima,mazima,,Unknown,amazima,Luganda,92.3076923076923,amazima,Luganda,,0.0,,pending_gpu,
Mazima,mazima,,Unknown,amazima,Luganda,92.3076923076923,amazima,Luganda,,0.0,,pending_gpu,
Mazima,mazima,,Unknown,amazima,Luganda,92.3076923076923,amazima,Luganda,,0.0,,pending_gpu,
Mazima,mazima,,Unknown,amazima,Luganda,92.3076923076923,amazima,Luganda,,0.0,,pending_gpu,
Mazima,mazima,,Unknown,amazima,Luganda,92.3076923076923,amazima,Luganda,,0.0,,pending_gpu,
Mazima,mazima,,Unknown,amazima,Luganda,92.3076923076923,amazima,Luganda,,0.0,,pending_gpu,
Mazima,mazima,,Unknown,amazima,Luganda,92.3076923076923,amazima,Luganda,,0.0,,pending_gpu,
Mazima,mazima,,Unknown,amazima,Luganda,92.3076923076923,amazima,Luganda,,0.0,,pending_gpu,
Maziima,maziima,,Unknown,amazima,Luganda,85.71428571428572,amazima,Luganda,,0.0,,pending_gpu,
Mazima,mazima,,Unknown,amazima,Luganda,92.3076923076923,amazima,Luganda,,0.0,,pending_gpu,
⌨️Mazima,⌨️mazima,,Unknown,amazima,Luganda,80.0,amazima,Luganda,,0.0,,pending_gpu,
Mazima,mazima,,Unknown,amazima,Luganda,92.3076923076923,amazima,Luganda,,0.0,,pending_gpu,
⌨️Mazima,⌨️mazima,,Unknown,amazima,Luganda,80.0,amazima,Luganda,,0.0,,pending_gpu,
Mazima,mazima,,Unknown,amazima,Luganda,92.3076923076923,amazima,Luganda,,0.0,,pending_gpu,
⌨️Mazima,⌨️mazima,,Unknown,amazima,Luganda,80.0,amazima,Luganda,,0.0,,pending_gpu,
Mazima,mazima,,Unknown,amazima,Luganda,92.3076923076923,amazima,Luganda,,0.0,,pending_gpu,
Mazima,mazima,,Unknown,amazima,Luganda,92.3076923076923,amazima,Luganda,,0.0,,pending_gpu,
Mazima,mazima,,Unknown,amazima,Luganda,92.3076923076923,amazima,Luganda,,0.0,,pending_gpu,
Mazima,mazima,,Unknown,amazima,Luganda,92.3076923076923,amazima,Luganda,,0.0,,pending_gpu,
Mazima,mazima,,Unknown,amazima,Luganda,92.3076923076923,amazima,Luganda,,0.0,,pending_gpu,
Mazima,mazima,,Unknown,amazima,Luganda,92.3076923076923,amazima,Luganda,,0.0,,pending_gpu,
Mazima,mazima,,Unknown,amazima,Luganda,92.3076923076923,amazima,Luganda,,0.0,,pending_gpu,
Mazima,mazima,,Unknown,amazima,Luganda,92.3076923076923,amazima,Luganda,,0.0,,pending_gpu,
Mazima,mazima,,Unknown,amazima,Luganda,92.3076923076923,amazima,Luganda,,0.0,,pending_gpu,
Mazima,mazima,,Unknown,amazima,Luganda,92.3076923076923,amazima,Luganda,,0.0,,pending_gpu,
Mazima,mazima,,Unknown,amazima,Luganda,92.3076923076923,amazima,Luganda,,0.0,,pending_gpu,
♥️Mazima,♥️mazima,,Unknown,amazima,Luganda,80.0,amazima,Luganda,,0.0,,pending_gpu,
Mazima,mazima,,Unknown,amazima,Luganda,92.3076923076923,amazima,Luganda,,0.0,,pending_gpu,
♥️Mazima,♥️mazima,,Unknown,amazima,Luganda,80.0,amazima,Luganda,,0.0,,pending_gpu,
Mazima,mazima,,Unknown,amazima,Luganda,92.3076923076923,amazima,Luganda,,0.0,,pending_gpu,
♥️Mazima,♥️mazima,,Unknown,amazima,Luganda,80.0,amazima,Luganda,,0.0,,pending_gpu,
Mazima,mazima,,Unknown,amazima,Luganda,92.3076923076923,amazima,Luganda,,0.0,,pending_gpu,
Omulunji,omulunji,,Unknown,omulungi,Luganda,87.5,omulungi,Luganda,,0.0,,pending_gpu,
wange,wange,wange,Luganda,,,0.0,wange,Luganda,,0.0,,pending_gpu,
wange,wange,wange,Luganda,,,0.0,wange,Luganda,,0.0,,pending_gpu,
okitegera,okitegera,,Unknown,okutegera,Luganda,88.88888888888889,okutegera,Luganda,,0.0,,pending_gpu,
mazima,mazima,,Unknown,amazima,Luganda,92.3076923076923,amazima,Luganda,,0.0,,pending_gpu,
Sawa,sawa,Sawa,Luganda,,,0.0,Sawa,Luganda,,0.0,,pending_gpu,
yona,yona,,Unknown,yonna,Luganda,88.88888888888889,yonna,Luganda,,0.0,,pending_gpu,
mazima,mazima,,Unknown,amazima,Luganda,92.3076923076923,amazima,Luganda,,0.0,,pending_gpu,
omulungi,omulungi,omulungi,Luganda,,,0.0,omulungi,Luganda,,0.0,,pending_gpu,
wange,wange,wange,Luganda,,,0.0,wange,Luganda,,0.0,,pending_gpu,
mazima,mazima,,Unknown,amazima,Luganda,92.3076923076923,amazima,Luganda,,0.0,,pending_gpu,
Mazima,mazima,,Unknown,amazima,Luganda,92.3076923076923,amazima,Luganda,,0.0,,pending_gpu,
mazima,mazima,,Unknown,amazima,Luganda,92.3076923076923,amazima,Luganda,,0.0,,pending_gpu,
mazima,mazima,,Unknown,amazima,Luganda,92.3076923076923,amazima,Luganda,,0.0,,pending_gpu,
mazima,mazima,,Unknown,amazima,Luganda,92.3076923076923,amazima,Luganda,,0.0,,pending_gpu,
mazima,mazima,,Unknown,amazima,Luganda,92.3076923076923,amazima,Luganda,,0.0,,pending_gpu,
mazima,mazima,,Unknown,amazima,Luganda,92.3076923076923,amazima,Luganda,,0.0,,pending_gpu,
mazima,mazima,,Unknown,amazima,Luganda,92.3076923076923,amazima,Luganda,,0.0,,pending_gpu,
mazima,mazima,,Unknown,amazima,Luganda,92.3076923076923,amazima,Luganda,,0.0,,pending_gpu,
mazima,mazima,,Unknown,amazima,Luganda,92.3076923076923,amazima,Luganda,,0.0,,pending_gpu,
mazima,mazima,,Unknown,amazima,Luganda,92.3076923076923,amazima,Luganda,,0.0,,pending_gpu,
mazima,mazima,,Unknown,amazima,Luganda,92.3076923076923,amazima,Luganda,,0.0,,pending_gpu,
mazima,mazima,,Unknown,amazima,Luganda,92.3076923076923,amazima,Luganda,,0.0,,pending_gpu,
mazima,mazima,,Unknown,amazima,Luganda,92.3076923076923,amazima,Luganda,,0.0,,pending_gpu,
mazima,mazima,,Unknown,amazima,Luganda,92.3076923076923,amazima,Luganda,,0.0,,pending_gpu,
mazima,mazima,,Unknown,amazima,Luganda,92.3076923076923,amazima,Luganda,,0.0,,pending_gpu,
mazima,mazima,,Unknown,amazima,Luganda,92.3076923076923,amazima,Luganda,,0.0,,pending_gpu,
mazima,mazima,,Unknown,amazima,Luganda,92.3076923076923,amazima,Luganda,,0.0,,pending_gpu,
mazima,mazima,,Unknown,amazima,Luganda,92.3076923076923,amazima,Luganda,,0.0,,pending_gpu,
mazima,mazima,,Unknown,amazima,Luganda,92.3076923076923,amazima,Luganda,,0.0,,pending_gpu,
mazima,mazima,,Unknown,amazima,Luganda,92.3076923076923,amazima,Luganda,,0.0,,pending_gpu,
mazima,mazima,,Unknown,amazima,Luganda,92.3076923076923,amazima,Luganda,,0.0,,pending_gpu,
mazima,mazima,,Unknown,amazima,Luganda,92.3076923076923,amazima,Luganda,,0.0,,pending_gpu,
mazima,mazima,,Unknown,amazima,Luganda,92.3076923076923,amazima,Luganda,,0.0,,pending_gpu,
mazima,mazima,,Unknown,amazima,Luganda,92.3076923076923,amazima,Luganda,,0.0,,pending_gpu,
mazima,mazima,,Unknown,amazima,Luganda,92.3076923076923,amazima,Luganda,,0.0,,pending_gpu,
mazima,mazima,,Unknown,amazima,Luganda,92.3076923076923,amazima,Luganda,,0.0,,pending_gpu,
mazima,mazima,,Unknown,amazima,Luganda,92.3076923076923,amazima,Luganda,,0.0,,pending_gpu,
mazima,mazima,,Unknown,amazima,Luganda,92.3076923076923,amazima,Luganda,,0.0,,pending_gpu,
mazima,mazima,,Unknown,amazima,Luganda,92.3076923076923,amazima,Luganda,,0.0,,pending_gpu,
mazima,mazima,,Unknown,amazima,Luganda,92.3076923076923,amazima,Luganda,,0.0,,pending_gpu,
mazima,mazima,,Unknown,amazima,Luganda,92.3076923076923,amazima,Luganda,,0.0,,pending_gpu,
mazima,mazima,,Unknown,amazima,Luganda,92.3076923076923,amazima,Luganda,,0.0,,pending_gpu,
mazima,mazima,,Unknown,amazima,Luganda,92.3076923076923,amazima,Luganda,,0.0,,pending_gpu,
mazima,mazima,,Unknown,amazima,Luganda,92.3076923076923,amazima,Luganda,,0.0,,pending_gpu,
mazima,mazima,,Unknown,amazima,Luganda,92.3076923076923,amazima,Luganda,,0.0,,pending_gpu,
mazima,mazima,,Unknown,amazima,Luganda,92.3076923076923,amazima,Luganda,,0.0,,pending_gpu,
mazima,mazima,,Unknown,amazima,Luganda,92.3076923076923,amazima,Luganda,,0.0,,pending_gpu,
mazima,mazima,,Unknown,amazima,Luganda,92.3076923076923,amazima,Luganda,,0.0,,pending_gpu,
omulungi,omulungi,omulungi,Luganda,,,0.0,omulungi,Luganda,,0.0,,pending_gpu,
wange,wange,wange,Luganda,,,0.0,wange,Luganda,,0.0,,pending_gpu,
mazima,mazima,,Unknown,amazima,Luganda,92.3076923076923,amazima,Luganda,,0.0,,pending_gpu,
mazima,mazima,,Unknown,amazima,Luganda,92.3076923076923,amazima,Luganda,,0.0,,pending_gpu,
mazima,mazima,,Unknown,amazima,Luganda,92.3076923076923,amazima,Luganda,,0.0,,pending_gpu,
mazima,mazima,,Unknown,amazima,Luganda,92.3076923076923,amazima,Luganda,,0.0,,pending_gpu,
mazima,mazima,,Unknown,amazima,Luganda,92.3076923076923,amazima,Luganda,,0.0,,pending_gpu,
mazima,mazima,,Unknown,amazima,Luganda,92.3076923076923,amazima,Luganda,,0.0,,pending_gpu,
mazima,mazima,,Unknown,amazima,Luganda,92.3076923076923,amazima,Luganda,,0.0,,pending_gpu,
mazima,mazima,,Unknown,amazima,Luganda,92.3076923076923,amazima,Luganda,,0.0,,pending_gpu,
mazima,mazima,,Unknown,amazima,Luganda,92.3076923076923,amazima,Luganda,,0.0,,pending_gpu,
mazima,mazima,,Unknown,amazima,Luganda,92.3076923076923,amazima,Luganda,,0.0,,pending_gpu,
mazima,mazima,,Unknown,amazima,Luganda,92.3076923076923,amazima,Luganda,,0.0,,pending_gpu,
mazima,mazima,,Unknown,amazima,Luganda,92.3076923076923,amazima,Luganda,,0.0,,pending_gpu,
mazima,mazima,,Unknown,amazima,Luganda,92.3076923076923,amazima,Luganda,,0.0,,pending_gpu,
mazima,mazima,,Unknown,amazima,Luganda,92.3076923076923,amazima,Luganda,,0.0,,pending_gpu,
mazima,mazima,,Unknown,amazima,Luganda,92.3076923076923,amazima,Luganda,,0.0,,pending_gpu,
mazima,mazima,,Unknown,amazima,Luganda,92.3076923076923,amazima,Luganda,,0.0,,pending_gpu,
mazima,mazima,,Unknown,amazima,Luganda,92.3076923076923,amazima,Luganda,,0.0,,pending_gpu,
mazima,mazima,,Unknown,amazima,Luganda,92.3076923076923,amazima,Luganda,,0.0,,pending_gpu,
mazima,mazima,,Unknown,amazima,Luganda,92.3076923076923,amazima,Luganda,,0.0,,pending_gpu,
mazima,mazima,,Unknown,amazima,Luganda,92.3076923076923,amazima,Luganda,,0.0,,pending_gpu,
mazima,mazima,,Unknown,amazima,Luganda,92.3076923076923,amazima,Luganda,,0.0,,pending_gpu,
mazima,mazima,,Unknown,amazima,Luganda,92.3076923076923,amazima,Luganda,,0.0,,pending_gpu,
mazima,mazima,,Unknown,amazima,Luganda,92.3076923076923,amazima,Luganda,,0.0,,pending_gpu,
mazima,mazima,,Unknown,amazima,Luganda,92.3076923076923,amazima,Luganda,,0.0,,pending_gpu,
mazima,mazima,,Unknown,amazima,Luganda,92.3076923076923,amazima,Luganda,,0.0,,pending_gpu,
mazima,mazima,,Unknown,amazima,Luganda,92.3076923076923,amazima,Luganda,,0.0,,pending_gpu,
mazima,mazima,,Unknown,amazima,Luganda,92.3076923076923,amazima,Luganda,,0.0,,pending_gpu,
mazima,mazima,,Unknown,amazima,Luganda,92.3076923076923,amazima,Luganda,,0.0,,pending_gpu,
mazima,mazima,,Unknown,amazima,Luganda,92.3076923076923,amazima,Luganda,,0.0,,pending_gpu,
mazima,mazima,,Unknown,amazima,Luganda,92.3076923076923,amazima,Luganda,,0.0,,pending_gpu,
mazima,mazima,,Unknown,amazima,Luganda,92.3076923076923,amazima,Luganda,,0.0,,pending_gpu,
mazima,mazima,,Unknown,amazima,Luganda,92.3076923076923,amazima,Luganda,,0.0,,pending_gpu,
mazima,mazima,,Unknown,amazima,Luganda,92.3076923076923,amazima,Luganda,,0.0,,pending_gpu,
mazima,mazima,,Unknown,amazima,Luganda,92.3076923076923,amazima,Luganda,,0.0,,pending_gpu,
mazima,mazima,,Unknown,amazima,Luganda,92.3076923076923,amazima,Luganda,,0.0,,pending_gpu,
mazima,mazima,,Unknown,amazima,Luganda,92.3076923076923,amazima,Luganda,,0.0,,pending_gpu,
mazima,mazima,,Unknown,amazima,Luganda,92.3076923076923,amazima,Luganda,,0.0,,pending_gpu,
mazima,mazima,,Unknown,amazima,Luganda,92.3076923076923,amazima,Luganda,,0.0,,pending_gpu,
mazima,mazima,,Unknown,amazima,Luganda,92.3076923076923,amazima,Luganda,,0.0,,pending_gpu,
mazima,mazima,,Unknown,amazima,Luganda,92.3076923076923,amazima,Luganda,,0.0,,pending_gpu,
mazima,mazima,,Unknown,amazima,Luganda,92.3076923076923,amazima,Luganda,,0.0,,pending_gpu,
mazima,mazima,,Unknown,amazima,Luganda,92.3076923076923,amazima,Luganda,,0.0,,pending_gpu,
mazima,mazima,,Unknown,amazima,Luganda,92.3076923076923,amazima,Luganda,,0.0,,pending_gpu,
mazima,mazima,,Unknown,amazima,Luganda,92.3076923076923,amazima,Luganda,,0.0,,pending_gpu,
mazima,mazima,,Unknown,amazima,Luganda,92.3076923076923,amazima,Luganda,,0.0,,pending_gpu,
mazima,mazima,,Unknown,amazima,Luganda,92.3076923076923,amazima,Luganda,,0.0,,pending_gpu,
mazima,mazima,,Unknown,amazima,Luganda,92.3076923076923,amazima,Luganda,,0.0,,pending_gpu,
mazima,mazima,,Unknown,amazima,Luganda,92.3076923076923,amazima,Luganda,,0.0,,pending_gpu,
mazima,mazima,,Unknown,amazima,Luganda,92.3076923076923,amazima,Luganda,,0.0,,pending_gpu,
mazima,mazima,,Unknown,amazima,Luganda,92.3076923076923,amazima,Luganda,,0.0,,pending_gpu,
mazima,mazima,,Unknown,amazima,Luganda,92.3076923076923,amazima,Luganda,,0.0,,pending_gpu,
mazima,mazima,,Unknown,amazima,Luganda,92.3076923076923,amazima,Luganda,,0.0,,pending_gpu,
maziiima,maziiima,,Unknown,amazima,Luganda,80.0,amazima,Luganda,,0.0,,pending_gpu,
maziiima,maziiima,,Unknown,amazima,Luganda,80.0,amazima,Luganda,,0.0,,pending_gpu,
maziiima,maziiima,,Unknown,amazima,Luganda,80.0,amazima,Luganda,,0.0,,pending_gpu,
maziiima,maziiima,,Unknown,amazima,Luganda,80.0,amazima,Luganda,,0.0,,pending_gpu,
maziiima,maziiima,,Unknown,amazima,Luganda,80.0,amazima,Luganda,,0.0,,pending_gpu,
maziiima,maziiima,,Unknown,amazima,Luganda,80.0,amazima,Luganda,,0.0,,pending_gpu,
maziiima,maziiima,,Unknown,amazima,Luganda,80.0,amazima,Luganda,,0.0,,pending_gpu,
maziiima,maziiima,,Unknown,amazima,Luganda,80.0,amazima,Luganda,,0.0,,pending_gpu,
maziiima,maziiima,,Unknown,amazima,Luganda,80.0,amazima,Luganda,,0.0,,pending_gpu,
maziiima,maziiima,,Unknown,amazima,Luganda,80.0,amazima,Luganda,,0.0,,pending_gpu,
maziiima,maziiima,,Unknown,amazima,Luganda,80.0,amazima,Luganda,,0.0,,pending_gpu,
maziiima,maziiima,,Unknown,amazima,Luganda,80.0,amazima,Luganda,,0.0,,pending_gpu,
Oba,oba,Oba,Luganda,,,0.0,Oba,Luganda,,0.0,,pending_gpu,
kayina,kayina,kayina,Luganda,,,0.0,kayina,Luganda,,0.0,,pending_gpu,
maziima,maziima,,Unknown,amazima,Luganda,85.71428571428572,amazima,Luganda,,0.0,,pending_gpu,
oliwadala,oliwadala,,Unknown,olwaala,Luganda,87.5,olwaala,Luganda,,0.0,,pending_gpu,
webale,webale,webale,Luganda,,,0.0,webale,Luganda,,0.0,,pending_gpu,
kuyamba,kuyamba,kuyamba,Luganda,,,0.0,kuyamba,Luganda,,0.0,,pending_gpu,
mwana,mwana,mwana,Luganda,,,0.0,mwana,Luganda,,0.0,,pending_gpu,
mwana,mwana,mwana,Luganda,,,0.0,mwana,Luganda,,0.0,,pending_gpu,
omwana,omwana,omwana,Luganda,,,0.0,omwana,Luganda,,0.0,,pending_gpu,
oluyimba,oluyimba,oluyimba,Luganda,,,0.0,oluyimba,Luganda,,0.0,,pending_gpu,
lwange,lwange,,Unknown,wange,Luganda,90.9090909090909,wange,Luganda,,0.0,,pending_gpu,
wange,wange,wange,Luganda,,,0.0,wange,Luganda,,0.0,,pending_gpu,
luweero,luweero,,Unknown,fuluweero,Luganda,87.5,fuluweero,Luganda,,0.0,,pending_gpu,
mwana,mwana,mwana,Luganda,,,0.0,mwana,Luganda,,0.0,,pending_gpu,
naye,naye,naye,Luganda,,,0.0,naye,Luganda,,0.0,,pending_gpu,
tukubanja,tukubanja,,Unknown,okubanja,Luganda,82.35294117647058,okubanja,Luganda,,0.0,,pending_gpu,
mwana,mwana,mwana,Luganda,,,0.0,mwana,Luganda,,0.0,,pending_gpu,
wange,wange,wange,Luganda,,,0.0,wange,Luganda,,0.0,,pending_gpu,
luweero,luweero,,Unknown,fuluweero,Luganda,87.5,fuluweero,Luganda,,0.0,,pending_gpu,
mwana,mwana,mwana,Luganda,,,0.0,mwana,Luganda,,0.0,,pending_gpu,
muwe,muwe,,Unknown,omunwe,Luganda,80.0,omunwe,Luganda,,0.0,,pending_gpu,
amasanyalaze,amasanyalaze,amasanyalaze,Luganda,,,0.0,amasanyalaze,Luganda,,0.0,,pending_gpu,
ssebo,ssebo,ssebo,Luganda,,,0.0,ssebo,Luganda,,0.0,,pending_gpu,
nyo,nyo,,Unknown,nnyo,Luganda,85.71428571428572,nnyo,Luganda,,0.0,,pending_gpu,
oliyimba,oliyimba,,Unknown,oluyimba,Luganda,87.5,oluyimba,Luganda,,0.0,,pending_gpu,
lwange,lwange,,Unknown,wange,Luganda,90.9090909090909,wange,Luganda,,0.0,,pending_gpu,
mwana,mwana,mwana,Luganda,,,0.0,mwana,Luganda,,0.0,,pending_gpu,
mukama,mukama,mukama,Luganda,,,0.0,mukama,Luganda,,0.0,,pending_gpu,
taata,taata,taata,Luganda,,,0.0,taata,Luganda,,0.0,,pending_gpu,
maama,maama,maama,Luganda,,,0.0,maama,Luganda,,0.0,,pending_gpu,
mirembe,mirembe,,Unknown,emirembe,Luganda,93.33333333333333,emirembe,Luganda,,0.0,,pending_gpu,
mirembe,mirembe,,Unknown,emirembe,Luganda,93.33333333333333,emirembe,Luganda,,0.0,,pending_gpu,
kamuli,kamuli,,Unknown,akamuli,Luganda,92.3076923076923,akamuli,Luganda,,0.0,,pending_gpu,
",naye",",naye",,Unknown,naye,Luganda,88.88888888888889,naye,Luganda,,0.0,,pending_gpu,
mazima,mazima,,Unknown,amazima,Luganda,92.3076923076923,amazima,Luganda,,0.0,,pending_gpu,
mazima,mazima,,Unknown,amazima,Luganda,92.3076923076923,amazima,Luganda,,0.0,,pending_gpu,
mazima,mazima,,Unknown,amazima,Luganda,92.3076923076923,amazima,Luganda,,0.0,,pending_gpu,
mazima,mazima,,Unknown,amazima,Luganda,92.3076923076923,amazima,Luganda,,0.0,,pending_gpu,
mazima,mazima,,Unknown,amazima,Luganda,92.3076923076923,amazima,Luganda,,0.0,,pending_gpu,
mazima,mazima,,Unknown,amazima,Luganda,92.3076923076923,amazima,Luganda,,0.0,,pending_gpu,
wange,wange,wange,Luganda,,,0.0,wange,Luganda,,0.0,,pending_gpu,
omulungi,omulungi,omulungi,Luganda,,,0.0,omulungi,Luganda,,0.0,,pending_gpu,
Kamazima,kamazima,,Unknown,amazima,Luganda,93.33333333333333,amazima,Luganda,,0.0,,pending_gpu,
mwana,mwana,mwana,Luganda,,,0.0,mwana,Luganda,,0.0,,pending_gpu,
mazima,mazima,,Unknown,amazima,Luganda,92.3076923076923,amazima,Luganda,,0.0,,pending_gpu,
mazima,mazima,,Unknown,amazima,Luganda,92.3076923076923,amazima,Luganda,,0.0,,pending_gpu,
mazimaa,mazimaa,,Unknown,amazima,Luganda,85.71428571428572,amazima,Luganda,,0.0,,pending_gpu,
mazima,mazima,,Unknown,amazima,Luganda,92.3076923076923,amazima,Luganda,,0.0,,pending_gpu,
mazima,mazima,,Unknown,amazima,Luganda,92.3076923076923,amazima,Luganda,,0.0,,pending_gpu,
mazima,mazima,,Unknown,amazima,Luganda,92.3076923076923,amazima,Luganda,,0.0,,pending_gpu,
mazima,mazima,,Unknown,amazima,Luganda,92.3076923076923,amazima,Luganda,,0.0,,pending_gpu,
mazima,mazima,,Unknown,amazima,Luganda,92.3076923076923,amazima,Luganda,,0.0,,pending_gpu,
mazima,mazima,,Unknown,amazima,Luganda,92.3076923076923,amazima,Luganda,,0.0,,pending_gpu,
mazima,mazima,,Unknown,amazima,Luganda,92.3076923076923,amazima,Luganda,,0.0,,pending_gpu,
mazima,mazima,,Unknown,amazima,Luganda,92.3076923076923,amazima,Luganda,,0.0,,pending_gpu,
Mazima,mazima,,Unknown,amazima,Luganda,92.3076923076923,amazima,Luganda,,0.0,,pending_gpu,
mazima,mazima,,Unknown,amazima,Luganda,92.3076923076923,amazima,Luganda,,0.0,,pending_gpu,
mazima,mazima,,Unknown,amazima,Luganda,92.3076923076923,amazima,Luganda,,0.0,,pending_gpu,
musajja,musajja,,Unknown,omusajja,Luganda,93.33333333333333,omusajja,Luganda,,0.0,,pending_gpu,
gwe,gwe,gwe,Luganda,,,0.0,gwe,Luganda,,0.0,,pending_gpu,
kwesiva,kwesiva,,Unknown,okwesiga,Luganda,80.0,okwesiga,Luganda,,0.0,,pending_gpu,
webale,webale,webale,Luganda,,,0.0,webale,Luganda,,0.0,,pending_gpu,
nyo,nyo,,Unknown,nnyo,Luganda,85.71428571428572,nnyo,Luganda,,0.0,,pending_gpu,
kutwagala,kutwagala,,Unknown,okutagala,Luganda,88.88888888888889,okutagala,Luganda,,0.0,,pending_gpu,
kubawo,kubawo,,Unknown,okubawo,Luganda,92.3076923076923,okubawo,Luganda,,0.0,,pending_gpu,
nnyo,nnyo,nnyo,Luganda,,,0.0,nnyo,Luganda,,0.0,,pending_gpu,
awo,awo,awo,Luganda,,,0.0,awo,Luganda,,0.0,,pending_gpu,
okitegera,okitegera,,Unknown,okutegera,Luganda,88.88888888888889,okutegera,Luganda,,0.0,,pending_gpu,
wange,wange,wange,Luganda,,,0.0,wange,Luganda,,0.0,,pending_gpu,
okyitegera,okyitegera,,Unknown,okutegera,Luganda,84.21052631578947,okutegera,Luganda,,0.0,,pending_gpu,
mazima,mazima,,Unknown,amazima,Luganda,92.3076923076923,amazima,Luganda,,0.0,,pending_gpu,
naye,naye,naye,Luganda,,,0.0,naye,Luganda,,0.0,,pending_gpu,
owa,owa,owa,Luganda,,,0.0,owa,Luganda,,0.0,,pending_gpu,
okitegera,okitegera,,Unknown,okutegera,Luganda,88.88888888888889,okutegera,Luganda,,0.0,,pending_gpu,
Mazima,mazima,,Unknown,amazima,Luganda,92.3076923076923,amazima,Luganda,,0.0,,pending_gpu,
Mazima,mazima,,Unknown,amazima,Luganda,92.3076923076923,amazima,Luganda,,0.0,,pending_gpu,
kyekyo,kyekyo,,Unknown,ekyo,Luganda,80.0,ekyo,Luganda,,0.0,,pending_gpu,
mazima,mazima,,Unknown,amazima,Luganda,92.3076923076923,amazima,Luganda,,0.0,,pending_gpu,
mazima,mazima,,Unknown,amazima,Luganda,92.3076923076923,amazima,Luganda,,0.0,,pending_gpu,
mazimaa,mazimaa,,Unknown,amazima,Luganda,85.71428571428572,amazima,Luganda,,0.0,,pending_gpu,
Mazima.,mazima.,,Unknown,amazima,Luganda,85.71428571428572,amazima,Luganda,,0.0,,pending_gpu,
kituufu,kituufu,kituufu,Luganda,,,0.0,kituufu,Luganda,,0.0,,pending_gpu,
manzima,manzima,,Unknown,amazima,Luganda,85.71428571428572,amazima,Luganda,,0.0,,pending_gpu,
mazima,mazima,,Unknown,amazima,Luganda,92.3076923076923,amazima,Luganda,,0.0,,pending_gpu,
mazima,mazima,,Unknown,amazima,Luganda,92.3076923076923,amazima,Luganda,,0.0,,pending_gpu,
Amazima,amazima,Amazima,Luganda,,,0.0,Amazima,Luganda,,0.0,,pending_gpu,
mazima,mazima,,Unknown,amazima,Luganda,92.3076923076923,amazima,Luganda,,0.0,,pending_gpu,
mazima,mazima,,Unknown,amazima,Luganda,92.3076923076923,amazima,Luganda,,0.0,,pending_gpu,
mazima,mazima,,Unknown,amazima,Luganda,92.3076923076923,amazima,Luganda,,0.0,,pending_gpu,
mazima,mazima,,Unknown,amazima,Luganda,92.3076923076923,amazima,Luganda,,0.0,,pending_gpu,
mazima,mazima,,Unknown,amazima,Luganda,92.3076923076923,amazima,Luganda,,0.0,,pending_gpu,
mazima,mazima,,Unknown,amazima,Luganda,92.3076923076923,amazima,Luganda,,0.0,,pending_gpu,
mazima,mazima,,Unknown,amazima,Luganda,92.3076923076923,amazima,Luganda,,0.0,,pending_gpu,
mazima,mazima,,Unknown,amazima,Luganda,92.3076923076923,amazima,Luganda,,0.0,,pending_gpu,
mazima,mazima,,Unknown,amazima,Luganda,92.3076923076923,amazima,Luganda,,0.0,,pending_gpu,
mazima,mazima,,Unknown,amazima,Luganda,92.3076923076923,amazima,Luganda,,0.0,,pending_gpu,
mazima,mazima,,Unknown,amazima,Luganda,92.3076923076923,amazima,Luganda,,0.0,,pending_gpu,
mazima,mazima,,Unknown,amazima,Luganda,92.3076923076923,amazima,Luganda,,0.0,,pending_gpu,
mazima,mazima,,Unknown,amazima,Luganda,92.3076923076923,amazima,Luganda,,0.0,,pending_gpu,
mazima,mazima,,Unknown,amazima,Luganda,92.3076923076923,amazima,Luganda,,0.0,,pending_gpu,
mazima,mazima,,Unknown,amazima,Luganda,92.3076923076923,amazima,Luganda,,0.0,,pending_gpu,
Mazima,mazima,,Unknown,amazima,Luganda,92.3076923076923,amazima,Luganda,,0.0,,pending_gpu,
Mazima,mazima,,Unknown,amazima,Luganda,92.3076923076923,amazima,Luganda,,0.0,,pending_gpu,
mazima,mazima,,Unknown,amazima,Luganda,92.3076923076923,amazima,Luganda,,0.0,,pending_gpu,
mwana,mwana,mwana,Luganda,,,0.0,mwana,Luganda,,0.0,,pending_gpu,
abakazi,abakazi,,Unknown,akakazi,Luganda,85.71428571428572,akakazi,Luganda,,0.0,,pending_gpu,
owa,owa,owa,Luganda,,,0.0,owa,Luganda,,0.0,,pending_gpu,
naye,naye,naye,Luganda,,,0.0,naye,Luganda,,0.0,,pending_gpu,
enanansi,enanansi,,Unknown,enanaansi,Luganda,94.11764705882352,enanaansi,Luganda,,0.0,,pending_gpu,
Naye,naye,Naye,Luganda,,,0.0,Naye,Luganda,,0.0,,pending_gpu,
enjala,enjala,enjala,Luganda,,,0.0,enjala,Luganda,,0.0,,pending_gpu,
abasajja,abasajja,,Unknown,basajja,Luganda,93.33333333333333,basajja,Luganda,,0.0,,pending_gpu,
kumwana,kumwana,,Unknown,kulwana,Luganda,85.71428571428572,kulwana,Luganda,,0.0,,pending_gpu,
olabika,olabika,,Unknown,okulabika,Luganda,87.5,okulabika,Luganda,,0.0,,pending_gpu,
mwana,mwana,mwana,Luganda,,,0.0,mwana,Luganda,,0.0,,pending_gpu,
kumwana,kumwana,,Unknown,kulwana,Luganda,85.71428571428572,kulwana,Luganda,,0.0,,pending_gpu,
olabika,olabika,,Unknown,okulabika,Luganda,87.5,okulabika,Luganda,,0.0,,pending_gpu,
mwana,mwana,mwana,Luganda,,,0.0,mwana,Luganda,,0.0,,pending_gpu,
naye,naye,naye,Luganda,,,0.0,naye,Luganda,,0.0,,pending_gpu,
sente,sente,sente,Luganda,,,0.0,sente,Luganda,,0.0,,pending_gpu,
maama,maama,maama,Luganda,,,0.0,maama,Luganda,,0.0,,pending_gpu,
kisenyi,kisenyi,,Unknown,ekisanyi,Luganda,80.0,ekisanyi,Luganda,,0.0,,pending_gpu,
ku,ku,ku,Luganda,,,0.0,ku,Luganda,,0.0,,pending_gpu,
Jjaajja,jjaajja,,Unknown,jjajja,Luganda,92.3076923076923,jjajja,Luganda,,0.0,,pending_gpu,
kitufu,kitufu,,Unknown,ekitufu,Luganda,92.3076923076923,ekitufu,Luganda,,0.0,,pending_gpu,
ekunoonya..,ekunoonya..,,Unknown,okunoonya,Luganda,80.0,okunoonya,Luganda,,0.0,,pending_gpu,
luganda,luganda,,Unknown,oluganda,Luganda,93.33333333333333,oluganda,Luganda,,0.0,,pending_gpu,
Ku,ku,Ku,Luganda,,,0.0,Ku,Luganda,,0.0,,pending_gpu,
nti,nti,nti,Luganda,,,0.0,nti,Luganda,,0.0,,pending_gpu,
ekisera,ekisera,,Unknown,ekiseera,Luganda,93.33333333333333,ekiseera,Luganda,,0.0,,pending_gpu,
naye,naye,naye,Luganda,,,0.0,naye,Luganda,,0.0,,pending_gpu,
oyimba,oyimba,,Unknown,oluyimba,Luganda,85.71428571428572,oluyimba,Luganda,,0.0,,pending_gpu,
bulungi,bulungi,bulungi,Luganda,,,0.0,bulungi,Luganda,,0.0,,pending_gpu,
naye,naye,naye,Luganda,,,0.0,naye,Luganda,,0.0,,pending_gpu,
muganda,muganda,muganda,Luganda,,,0.0,muganda,Luganda,,0.0,,pending_gpu,
wange,wange,wange,Luganda,,,0.0,wange,Luganda,,0.0,,pending_gpu,
naye,naye,naye,Luganda,,,0.0,naye,Luganda,,0.0,,pending_gpu,
Mukama,mukama,Mukama,Luganda,,,0.0,Mukama,Luganda,,0.0,,pending_gpu,
Mazima,mazima,,Unknown,amazima,Luganda,92.3076923076923,amazima,Luganda,,0.0,,pending_gpu,
naye,naye,naye,Luganda,,,0.0,naye,Luganda,,0.0,,pending_gpu,
ogusaja,ogusaja,,Unknown,omusajja,Luganda,80.0,omusajja,Luganda,,0.0,,pending_gpu,
nenfaaa,nenfaaa,,Unknown,enfaana,Luganda,85.71428571428572,enfaana,Luganda,,0.0,,pending_gpu,
yomukazi,yomukazi,,Unknown,omukazi,Luganda,93.33333333333333,omukazi,Luganda,,0.0,,pending_gpu,
Luzzi,luzzi,,Unknown,oluzzi,Luganda,90.9090909090909,oluzzi,Luganda,,0.0,,pending_gpu,
Luzzi,luzzi,,Unknown,oluzzi,Luganda,90.9090909090909,oluzzi,Luganda,,0.0,,pending_gpu,
Gulu,gulu,Gulu,Luganda,,,0.0,Gulu,Luganda,,0.0,,pending_gpu,
ento,ento,ento,Luganda,,,0.0,ento,Luganda,,0.0,,pending_gpu,
naye,naye,naye,Luganda,,,0.0,naye,Luganda,,0.0,,pending_gpu,
musiru,musiru,musiru,Luganda,,,0.0,musiru,Luganda,,0.0,,pending_gpu,
gwe,gwe,gwe,Luganda,,,0.0,gwe,Luganda,,0.0,,pending_gpu,
bulungi,bulungi,bulungi,Luganda,,,0.0,bulungi,Luganda,,0.0,,pending_gpu,
Mazima,mazima,,Unknown,amazima,Luganda,92.3076923076923,amazima,Luganda,,0.0,,pending_gpu,
kwesiva,kwesiva,,Unknown,okwesiga,Luganda,80.0,okwesiga,Luganda,,0.0,,pending_gpu,
onyumira,onyumira,,Unknown,okunyumirwa,Luganda,84.21052631578947,okunyumirwa,Luganda,,0.0,,pending_gpu,
naye,naye,naye,Luganda,,,0.0,naye,Luganda,,0.0,,pending_gpu,
mazima,mazima,,Unknown,amazima,Luganda,92.3076923076923,amazima,Luganda,,0.0,,pending_gpu,
oluvanyuma,oluvanyuma,oluvanyuma,Luganda,,,0.0,oluvanyuma,Luganda,,0.0,,pending_gpu,
Mazima,mazima,,Unknown,amazima,Luganda,92.3076923076923,amazima,Luganda,,0.0,,pending_gpu,
mazimaa,mazimaa,,Unknown,amazima,Luganda,85.71428571428572,amazima,Luganda,,0.0,,pending_gpu,
mazima,mazima,,Unknown,amazima,Luganda,92.3076923076923,amazima,Luganda,,0.0,,pending_gpu,
mazima,mazima,,Unknown,amazima,Luganda,92.3076923076923,amazima,Luganda,,0.0,,pending_gpu,
mazima,mazima,,Unknown,amazima,Luganda,92.3076923076923,amazima,Luganda,,0.0,,pending_gpu,
naye,naye,naye,Luganda,,,0.0,naye,Luganda,,0.0,,pending_gpu,
mazima,mazima,,Unknown,amazima,Luganda,92.3076923076923,amazima,Luganda,,0.0,,pending_gpu,
nayeee,nayeee,,Unknown,naye,Luganda,80.0,naye,Luganda,,0.0,,pending_gpu,
ku,ku,ku,Luganda,,,0.0,ku,Luganda,,0.0,,pending_gpu,
eyo,eyo,eyo,Luganda,,,0.0,eyo,Luganda,,0.0,,pending_gpu,
naye,naye,naye,Luganda,,,0.0,naye,Luganda,,0.0,,pending_gpu,
kalungi,kalungi,,Unknown,kilungi,Luganda,85.71428571428572,kilungi,Luganda,,0.0,,pending_gpu,
oba,oba,oba,Luganda,,,0.0,oba,Luganda,,0.0,,pending_gpu,
mazima,mazima,,Unknown,amazima,Luganda,92.3076923076923,amazima,Luganda,,0.0,,pending_gpu,
naye,naye,naye,Luganda,,,0.0,naye,Luganda,,0.0,,pending_gpu,
kojja,kojja,kojja,Luganda,,,0.0,kojja,Luganda,,0.0,,pending_gpu,
mazima,mazima,,Unknown,amazima,Luganda,92.3076923076923,amazima,Luganda,,0.0,,pending_gpu,
naye,naye,naye,Luganda,,,0.0,naye,Luganda,,0.0,,pending_gpu,
mwana,mwana,mwana,Luganda,,,0.0,mwana,Luganda,,0.0,,pending_gpu,
okolera,okolera,,Unknown,okuwolera,Luganda,87.5,okuwolera,Luganda,,0.0,,pending_gpu,
olunaku,olunaku,olunaku,Luganda,,,0.0,olunaku,Luganda,,0.0,,pending_gpu,
wange,wange,wange,Luganda,,,0.0,wange,Luganda,,0.0,,pending_gpu,
Nsumba,nsumba,,Unknown,ensuma,Luganda,83.33333333333334,ensuma,Luganda,,0.0,,pending_gpu,
kalanzi,kalanzi,,Unknown,kalaani,Luganda,85.71428571428572,kalaani,Luganda,,0.0,,pending_gpu,
nti,nti,nti,Luganda,,,0.0,nti,Luganda,,0.0,,pending_gpu,
ku,ku,ku,Luganda,,,0.0,ku,Luganda,,0.0,,pending_gpu,
Kalanzi,kalanzi,,Unknown,kalaani,Luganda,85.71428571428572,kalaani,Luganda,,0.0,,pending_gpu,
Akabbozi,akabbozi,,Unknown,akayozi,Luganda,80.0,akayozi,Luganda,,0.0,,pending_gpu,
kalanzi,kalanzi,,Unknown,kalaani,Luganda,85.71428571428572,kalaani,Luganda,,0.0,,pending_gpu,
nedda,nedda,nedda,Luganda,,,0.0,nedda,Luganda,,0.0,,pending_gpu,
sebbo,sebbo,,Unknown,ssebo,Luganda,80.0,ssebo,Luganda,,0.0,,pending_gpu,
kalanzi,kalanzi,,Unknown,kalaani,Luganda,85.71428571428572,kalaani,Luganda,,0.0,,pending_gpu,
matovu,matovu,,Unknown,matu,Luganda,80.0,matu,Luganda,,0.0,,pending_gpu,
buddu,buddu,,Unknown,obuddu,Luganda,90.9090909090909,obuddu,Luganda,,0.0,,pending_gpu,
wamanyi,wamanyi,,Unknown,amanyi,Luganda,92.3076923076923,amanyi,Luganda,,0.0,,pending_gpu,
oyo,oyo,oyo,Luganda,,,0.0,oyo,Luganda,,0.0,,pending_gpu,
Kalanzi,kalanzi,,Unknown,kalaani,Luganda,85.71428571428572,kalaani,Luganda,,0.0,,pending_gpu,
omutabizi,omutabizi,,Unknown,omulabirizi,Luganda,80.0,omulabirizi,Luganda,,0.0,,pending_gpu,
kalanzi,kalanzi,,Unknown,kalaani,Luganda,85.71428571428572,kalaani,Luganda,,0.0,,pending_gpu,
ejja,ejja,,Unknown,lejja,Luganda,88.88888888888889,lejja,Luganda,,0.0,,pending_gpu,
ku,ku,ku,Luganda,,,0.0,ku,Luganda,,0.0,,pending_gpu,
Kalanzi,kalanzi,,Unknown,kalaani,Luganda,85.71428571428572,kalaani,Luganda,,0.0,,pending_gpu,
omusipana,omusipana,,Unknown,omusana,Luganda,87.5,omusana,Luganda,,0.0,,pending_gpu,
kalanzi,kalanzi,,Unknown,kalaani,Luganda,85.71428571428572,kalaani,Luganda,,0.0,,pending_gpu,
kalanzi,kalanzi,,Unknown,kalaani,Luganda,85.71428571428572,kalaani,Luganda,,0.0,,pending_gpu,
kwesiva,kwesiva,,Unknown,okwesiga,Luganda,80.0,okwesiga,Luganda,,0.0,,pending_gpu,
ku,ku,ku,Luganda,,,0.0,ku,Luganda,,0.0,,pending_gpu,
ku,ku,ku,Luganda,,,0.0,ku,Luganda,,0.0,,pending_gpu,
emandduso,emandduso,,Unknown,emanduso,Luganda,94.11764705882352,emanduso,Luganda,,0.0,,pending_gpu,
abasajja,abasajja,,Unknown,basajja,Luganda,93.33333333333333,basajja,Luganda,,0.0,,pending_gpu,
ku,ku,ku,Luganda,,,0.0,ku,Luganda,,0.0,,pending_gpu,
buddu,buddu,,Unknown,obuddu,Luganda,90.9090909090909,obuddu,Luganda,,0.0,,pending_gpu,
Kalanzi,kalanzi,,Unknown,kalaani,Luganda,85.71428571428572,kalaani,Luganda,,0.0,,pending_gpu,
Akaboozi,akaboozi,,Unknown,akajjoozi,Luganda,82.35294117647058,akajjoozi,Luganda,,0.0,,pending_gpu,
Masanyalaze,masanyalaze,,Unknown,amasanyalaze,Luganda,95.65217391304348,amasanyalaze,Luganda,,0.0,,pending_gpu,
nsumba,nsumba,,Unknown,ensuma,Luganda,83.33333333333334,ensuma,Luganda,,0.0,,pending_gpu,
Ssbo,ssbo,,Unknown,ssebo,Luganda,88.88888888888889,ssebo,Luganda,,0.0,,pending_gpu,
Ssebo,ssebo,Ssebo,Luganda,,,0.0,Ssebo,Luganda,,0.0,,pending_gpu,
Kalanzi,kalanzi,,Unknown,kalaani,Luganda,85.71428571428572,kalaani,Luganda,,0.0,,pending_gpu,
nsumba,nsumba,,Unknown,ensuma,Luganda,83.33333333333334,ensuma,Luganda,,0.0,,pending_gpu,
Matovu,matovu,,Unknown,matu,Luganda,80.0,matu,Luganda,,0.0,,pending_gpu,
buddu,buddu,,Unknown,obuddu,Luganda,90.9090909090909,obuddu,Luganda,,0.0,,pending_gpu,
mwana,mwana,mwana,Luganda,,,0.0,mwana,Luganda,,0.0,,pending_gpu,
nsumba,nsumba,,Unknown,ensuma,Luganda,83.33333333333334,ensuma,Luganda,,0.0,,pending_gpu,
nedda,nedda,nedda,Luganda,,,0.0,nedda,Luganda,,0.0,,pending_gpu,
sebo,sebo,,Unknown,ssebo,Luganda,88.88888888888889,ssebo,Luganda,,0.0,,pending_gpu,
kimera,kimera,kimera,Luganda,,,0.0,kimera,Luganda,,0.0,,pending_gpu,
"luganda,","luganda,",,Unknown,oluganda,Luganda,87.5,oluganda,Luganda,,0.0,,pending_gpu,
kwesiva,kwesiva,,Unknown,okwesiga,Luganda,80.0,okwesiga,Luganda,,0.0,,pending_gpu,
kiibi,kiibi,,Unknown,kibi,Luganda,88.88888888888889,kibi,Luganda,,0.0,,pending_gpu,
dakiika,dakiika,,Unknown,eddakiika,Luganda,87.5,eddakiika,Luganda,,0.0,,pending_gpu,
mugwano,mugwano,,Unknown,omukwano,Luganda,80.0,omukwano,Luganda,,0.0,,pending_gpu,
bugrere,bugrere,,Unknown,oburere,Luganda,85.71428571428572,oburere,Luganda,,0.0,,pending_gpu,
Kabaka,kabaka,Kabaka,Luganda,,,0.0,Kabaka,Luganda,,0.0,,pending_gpu,
kalanzi,kalanzi,,Unknown,kalaani,Luganda,85.71428571428572,kalaani,Luganda,,0.0,,pending_gpu,
kyambadde,kyambadde,,Unknown,ekyambadde,Luganda,94.73684210526316,ekyambadde,Luganda,,0.0,,pending_gpu,
Akaawooma,akaawooma,,Unknown,akaama,Luganda,80.0,akaama,Luganda,,0.0,,pending_gpu,
ku,ku,ku,Luganda,,,0.0,ku,Luganda,,0.0,,pending_gpu,
Oli,oli,Oli,Luganda,,,0.0,Oli,Luganda,,0.0,,pending_gpu,
mulwadde,mulwadde,,Unknown,omulwadde,Luganda,94.11764705882352,omulwadde,Luganda,,0.0,,pending_gpu,
masanyalaze,masanyalaze,,Unknown,amasanyalaze,Luganda,95.65217391304348,amasanyalaze,Luganda,,0.0,,pending_gpu,
kimere,kimere,,Unknown,kimera,Luganda,83.33333333333334,kimera,Luganda,,0.0,,pending_gpu,
nze,nze,nze,Luganda,,,0.0,nze,Luganda,,0.0,,pending_gpu,
kimuli,kimuli,,Unknown,ekimuli,Luganda,92.3076923076923,ekimuli,Luganda,,0.0,,pending_gpu,
edobozi,edobozi,,Unknown,edoboozi,Luganda,93.33333333333333,edoboozi,Luganda,,0.0,,pending_gpu,
Oyo,oyo,Oyo,Luganda,,,0.0,Oyo,Luganda,,0.0,,pending_gpu,
akubisa,akubisa,,Unknown,kukubisa,Luganda,80.0,kukubisa,Luganda,,0.0,,pending_gpu,
nga,nga,nga,Luganda,,,0.0,nga,Luganda,,0.0,,pending_gpu,
kyambadde,kyambadde,,Unknown,ekyambadde,Luganda,94.73684210526316,ekyambadde,Luganda,,0.0,,pending_gpu,
masanyalaze,masanyalaze,,Unknown,amasanyalaze,Luganda,95.65217391304348,amasanyalaze,Luganda,,0.0,,pending_gpu,
ku,ku,ku,Luganda,,,0.0,ku,Luganda,,0.0,,pending_gpu,
ku,ku,ku,Luganda,,,0.0,ku,Luganda,,0.0,,pending_gpu,
mukulu,mukulu,,Unknown,omukulu,Luganda,92.3076923076923,omukulu,Luganda,,0.0,,pending_gpu,
"masanyala,e","masanyala,e",,Unknown,amasanyalaze,Luganda,86.95652173913044,amasanyalaze,Luganda,,0.0,,pending_gpu,
ku,ku,ku,Luganda,,,0.0,ku,Luganda,,0.0,,pending_gpu,
omupira,omupira,,Unknown,omupiira,Luganda,93.33333333333333,omupiira,Luganda,,0.0,,pending_gpu,
katimba.,katimba.,,Unknown,akatimba,Luganda,87.5,akatimba,Luganda,,0.0,,pending_gpu,
birimunda,birimunda,,Unknown,ekirimunda,Luganda,84.21052631578947,ekirimunda,Luganda,,0.0,,pending_gpu,
Naye,naye,Naye,Luganda,,,0.0,Naye,Luganda,,0.0,,pending_gpu,
Ddungu,ddungu,,Unknown,eddungu,Luganda,92.3076923076923,eddungu,Luganda,,0.0,,pending_gpu,
ndala,ndala,,Unknown,endala,Luganda,90.9090909090909,endala,Luganda,,0.0,,pending_gpu,
nsumba,nsumba,,Unknown,ensuma,Luganda,83.33333333333334,ensuma,Luganda,,0.0,,pending_gpu,
nsumba,nsumba,,Unknown,ensuma,Luganda,83.33333333333334,ensuma,Luganda,,0.0,,pending_gpu,
Nsumba,nsumba,,Unknown,ensuma,Luganda,83.33333333333334,ensuma,Luganda,,0.0,,pending_gpu,
oyo,oyo,oyo,Luganda,,,0.0,oyo,Luganda,,0.0,,pending_gpu,
@Ddungu,@ddungu,,Unknown,eddungu,Luganda,85.71428571428572,eddungu,Luganda,,0.0,,pending_gpu,
Myke,myke,,Unknown,mye,Luganda,85.71428571428572,mye,Luganda,,0.0,,pending_gpu,
Masanyalaze,masanyalaze,,Unknown,amasanyalaze,Luganda,95.65217391304348,amasanyalaze,Luganda,,0.0,,pending_gpu,
Nsumba,nsumba,,Unknown,ensuma,Luganda,83.33333333333334,ensuma,Luganda,,0.0,,pending_gpu,
Nsumba,nsumba,,Unknown,ensuma,Luganda,83.33333333333334,ensuma,Luganda,,0.0,,pending_gpu,
Nsumba,nsumba,,Unknown,ensuma,Luganda,83.33333333333334,ensuma,Luganda,,0.0,,pending_gpu,
Kabaka,kabaka,Kabaka,Luganda,,,0.0,Kabaka,Luganda,,0.0,,pending_gpu,
Ddungu,ddungu,,Unknown,eddungu,Luganda,92.3076923076923,eddungu,Luganda,,0.0,,pending_gpu,
Owa,owa,Owa,Luganda,,,0.0,Owa,Luganda,,0.0,,pending_gpu,
@omusipana,@omusipana,,Unknown,omusana,Luganda,82.35294117647058,omusana,Luganda,,0.0,,pending_gpu,
mulalamu,mulalamu,,Unknown,omulalu,Luganda,80.0,omulalu,Luganda,,0.0,,pending_gpu,
ku,ku,ku,Luganda,,,0.0,ku,Luganda,,0.0,,pending_gpu,
Masanyalaze,masanyalaze,,Unknown,amasanyalaze,Luganda,95.65217391304348,amasanyalaze,Luganda,,0.0,,pending_gpu,
luganda,luganda,,Unknown,oluganda,Luganda,93.33333333333333,oluganda,Luganda,,0.0,,pending_gpu,
muko,muko,,Unknown,omuko,Luganda,88.88888888888889,omuko,Luganda,,0.0,,pending_gpu,
mazima,mazima,,Unknown,amazima,Luganda,92.3076923076923,amazima,Luganda,,0.0,,pending_gpu,
maanyi,maanyi,,Unknown,amaanyi,Luganda,92.3076923076923,amaanyi,Luganda,,0.0,,pending_gpu,
nti,nti,nti,Luganda,,,0.0,nti,Luganda,,0.0,,pending_gpu,
emmere,emmere,emmere,Luganda,,,0.0,emmere,Luganda,,0.0,,pending_gpu,
y'obwerere,y'obwerere,,Unknown,obwerere,Luganda,88.88888888888889,obwerere,Luganda,,0.0,,pending_gpu,
okwegezaamu,okwegezaamu,,Unknown,okwongezaamu,Luganda,86.95652173913044,okwongezaamu,Luganda,,0.0,,pending_gpu,
okutta...,okutta...,,Unknown,okutta,Luganda,80.0,okutta,Luganda,,0.0,,pending_gpu,
mwana,mwana,mwana,Luganda,,,0.0,mwana,Luganda,,0.0,,pending_gpu,
wange,wange,wange,Luganda,,,0.0,wange,Luganda,,0.0,,pending_gpu,
kamwokya,kamwokya,,Unknown,okwokya,Luganda,80.0,okwokya,Luganda,,0.0,,pending_gpu,
okwoza,okwoza,,Unknown,kwoza,Luganda,90.9090909090909,kwoza,Luganda,,0.0,,pending_gpu,
ebintu,ebintu,ebintu,Luganda,,,0.0,ebintu,Luganda,,0.0,,pending_gpu,
kati,kati,kati,Luganda,,,0.0,kati,Luganda,,0.0,,pending_gpu,
ebisanyi,ebisanyi,,Unknown,ekisanyi,Luganda,87.5,ekisanyi,Luganda,,0.0,,pending_gpu,
nyanbo,nyanbo,,Unknown,nnyabo,Luganda,83.33333333333334,nnyabo,Luganda,,0.0,,pending_gpu,
Nokola,nokola,,Unknown,enkola,Luganda,83.33333333333334,enkola,Luganda,,0.0,,pending_gpu,
naye,naye,naye,Luganda,,,0.0,naye,Luganda,,0.0,,pending_gpu,
lwaki,lwaki,,Unknown,lwaaki,Luganda,90.9090909090909,lwaaki,Luganda,,0.0,,pending_gpu,
mukozesa,mukozesa,,Unknown,okukozesa,Luganda,82.35294117647058,okukozesa,Luganda,,0.0,,pending_gpu,
emirimu,emirimu,,Unknown,emizimu,Luganda,85.71428571428572,emizimu,Luganda,,0.0,,pending_gpu,
mukwano,mukwano,,Unknown,omukwano,Luganda,93.33333333333333,omukwano,Luganda,,0.0,,pending_gpu,
nze,nze,nze,Luganda,,,0.0,nze,Luganda,,0.0,,pending_gpu,
omusaja,omusaja,,Unknown,omusajja,Luganda,93.33333333333333,omusajja,Luganda,,0.0,,pending_gpu,
okutwala,okutwala,okutwala,Luganda,,,0.0,okutwala,Luganda,,0.0,,pending_gpu,
sente,sente,sente,Luganda,,,0.0,sente,Luganda,,0.0,,pending_gpu,
sitawana,sitawana,,Unknown,sitaani,Luganda,80.0,sitaani,Luganda,,0.0,,pending_gpu,
sebo,sebo,,Unknown,ssebo,Luganda,88.88888888888889,ssebo,Luganda,,0.0,,pending_gpu,
akanamba,akanamba,,Unknown,akaama,Luganda,85.71428571428572,akaama,Luganda,,0.0,,pending_gpu,
Kati,kati,Kati,Luganda,,,0.0,Kati,Luganda,,0.0,,pending_gpu,
lwakyi,lwakyi,,Unknown,lwaaki,Luganda,83.33333333333334,lwaaki,Luganda,,0.0,,pending_gpu,
kinyabo,kinyabo,,Unknown,kiyabo,Luganda,92.3076923076923,kiyabo,Luganda,,0.0,,pending_gpu,
yalina,yalina,,Unknown,yekalina,Luganda,85.71428571428572,yekalina,Luganda,,0.0,,pending_gpu,
ebanja,ebanja,ebanja,Luganda,,,0.0,ebanja,Luganda,,0.0,,pending_gpu,
kubanga,kubanga,kubanga,Luganda,,,0.0,kubanga,Luganda,,0.0,,pending_gpu,
mwana,mwana,mwana,Luganda,,,0.0,mwana,Luganda,,0.0,,pending_gpu,
kumbagga,kumbagga,,Unknown,kubanga,Luganda,80.0,kubanga,Luganda,,0.0,,pending_gpu,
Oyo,oyo,Oyo,Luganda,,,0.0,Oyo,Luganda,,0.0,,pending_gpu,
Oli,oli,Oli,Luganda,,,0.0,Oli,Luganda,,0.0,,pending_gpu,
muzibu,muzibu,,Unknown,omuzibu,Luganda,92.3076923076923,omuzibu,Luganda,,0.0,,pending_gpu,
kukiriza,kukiriza,,Unknown,okukiriza,Luganda,94.11764705882352,okukiriza,Luganda,,0.0,,pending_gpu,
nze,nze,nze,Luganda,,,0.0,nze,Luganda,,0.0,,pending_gpu,
ebyo,ebyo,,Unknown,eyo,Luganda,85.71428571428572,eyo,Luganda,,0.0,,pending_gpu,
buzibu,buzibu,,Unknown,obuzibu,Luganda,92.3076923076923,obuzibu,Luganda,,0.0,,pending_gpu,
naye,naye,naye,Luganda,,,0.0,naye,Luganda,,0.0,,pending_gpu,
Nze,nze,Nze,Luganda,,,0.0,Nze,Luganda,,0.0,,pending_gpu,
ku,ku,ku,Luganda,,,0.0,ku,Luganda,,0.0,,pending_gpu,
ebyendola,ebyendola,,Unknown,ebyeenda,Luganda,82.35294117647058,ebyeenda,Luganda,,0.0,,pending_gpu,
Oli,oli,Oli,Luganda,,,0.0,Oli,Luganda,,0.0,,pending_gpu,
muzibu,muzibu,,Unknown,omuzibu,Luganda,92.3076923076923,omuzibu,Luganda,,0.0,,pending_gpu,
Naye,naye,Naye,Luganda,,,0.0,Naye,Luganda,,0.0,,pending_gpu,
kwoza,kwoza,kwoza,Luganda,,,0.0,kwoza,Luganda,,0.0,,pending_gpu,
motooka,motooka,,Unknown,kumotooka,Luganda,87.5,kumotooka,Luganda,,0.0,,pending_gpu,
Omuko,omuko,Omuko,Luganda,,,0.0,Omuko,Luganda,,0.0,,pending_gpu,
kulya,kulya,kulya,Luganda,,,0.0,kulya,Luganda,,0.0,,pending_gpu,
ku,ku,ku,Luganda,,,0.0,ku,Luganda,,0.0,,pending_gpu,
wange,wange,wange,Luganda,,,0.0,wange,Luganda,,0.0,,pending_gpu,
wano,wano,wano,Luganda,,,0.0,wano,Luganda,,0.0,,pending_gpu,
mazima,mazima,,Unknown,amazima,Luganda,92.3076923076923,amazima,Luganda,,0.0,,pending_gpu,
mazima,mazima,,Unknown,amazima,Luganda,92.3076923076923,amazima,Luganda,,0.0,,pending_gpu,
mazima,mazima,,Unknown,amazima,Luganda,92.3076923076923,amazima,Luganda,,0.0,,pending_gpu,
mukwano,mukwano,,Unknown,omukwano,Luganda,93.33333333333333,omukwano,Luganda,,0.0,,pending_gpu,
wano,wano,wano,Luganda,,,0.0,wano,Luganda,,0.0,,pending_gpu,
mukwano,mukwano,,Unknown,omukwano,Luganda,93.33333333333333,omukwano,Luganda,,0.0,,pending_gpu,
mazima,mazima,,Unknown,amazima,Luganda,92.3076923076923,amazima,Luganda,,0.0,,pending_gpu,
Oba,oba,Oba,Luganda,,,0.0,Oba,Luganda,,0.0,,pending_gpu,
obweda,obweda,,Unknown,obwa,Luganda,80.0,obwa,Luganda,,0.0,,pending_gpu,
nyimba,nyimba,,Unknown,nnyimba,Luganda,92.3076923076923,nnyimba,Luganda,,0.0,,pending_gpu,
nze,nze,nze,Luganda,,,0.0,nze,Luganda,,0.0,,pending_gpu,
nyimba,nyimba,,Unknown,nnyimba,Luganda,92.3076923076923,nnyimba,Luganda,,0.0,,pending_gpu,
ompana,ompana,,Unknown,omwana,Luganda,83.33333333333334,omwana,Luganda,,0.0,,pending_gpu,
kupama,kupama,,Unknown,okupamga,Luganda,85.71428571428572,okupamga,Luganda,,0.0,,pending_gpu,
oba,oba,oba,Luganda,,,0.0,oba,Luganda,,0.0,,pending_gpu,
obweda,obweda,,Unknown,obwa,Luganda,80.0,obwa,Luganda,,0.0,,pending_gpu,
nyimba,nyimba,,Unknown,nnyimba,Luganda,92.3076923076923,nnyimba,Luganda,,0.0,,pending_gpu,
Oyo,oyo,Oyo,Luganda,,,0.0,Oyo,Luganda,,0.0,,pending_gpu,
musiramu,musiramu,,Unknown,omusiraamu,Luganda,88.88888888888889,omusiraamu,Luganda,,0.0,,pending_gpu,
wano,wano,wano,Luganda,,,0.0,wano,Luganda,,0.0,,pending_gpu,
Kumbe,kumbe,,Unknown,kibumbe,Luganda,83.33333333333334,kibumbe,Luganda,,0.0,,pending_gpu,
kimera,kimera,kimera,Luganda,,,0.0,kimera,Luganda,,0.0,,pending_gpu,
Ompana,ompana,,Unknown,omwana,Luganda,83.33333333333334,omwana,Luganda,,0.0,,pending_gpu,
Naye,naye,Naye,Luganda,,,0.0,Naye,Luganda,,0.0,,pending_gpu,
Naye,naye,Naye,Luganda,,,0.0,Naye,Luganda,,0.0,,pending_gpu,
kati,kati,kati,Luganda,,,0.0,kati,Luganda,,0.0,,pending_gpu,
kyokola,kyokola,,Unknown,kayoola,Luganda,85.71428571428572,kayoola,Luganda,,0.0,,pending_gpu,
neda,neda,,Unknown,nedda,Luganda,88.88888888888889,nedda,Luganda,,0.0,,pending_gpu,
amazina,amazina,amazina,Luganda,,,0.0,amazina,Luganda,,0.0,,pending_gpu,
amazina,amazina,amazina,Luganda,,,0.0,amazina,Luganda,,0.0,,pending_gpu,
naye,naye,naye,Luganda,,,0.0,naye,Luganda,,0.0,,pending_gpu,
Eyo,eyo,Eyo,Luganda,,,0.0,Eyo,Luganda,,0.0,,pending_gpu,
bnaye,bnaye,,Unknown,naye,Luganda,88.88888888888889,naye,Luganda,,0.0,,pending_gpu,
naye,naye,naye,Luganda,,,0.0,naye,Luganda,,0.0,,pending_gpu,
Owakana,owakana,,Unknown,okuwakana,Luganda,87.5,okuwakana,Luganda,,0.0,,pending_gpu,
nze,nze,nze,Luganda,,,0.0,nze,Luganda,,0.0,,pending_gpu,
naye,naye,naye,Luganda,,,0.0,naye,Luganda,,0.0,,pending_gpu,
naye,naye,naye,Luganda,,,0.0,naye,Luganda,,0.0,,pending_gpu,
nayeee,nayeee,,Unknown,naye,Luganda,80.0,naye,Luganda,,0.0,,pending_gpu,
Naye,naye,Naye,Luganda,,,0.0,Naye,Luganda,,0.0,,pending_gpu,
olugambo,olugambo,,Unknown,ow'olugambo,Luganda,84.21052631578947,ow'olugambo,Luganda,,0.0,,pending_gpu,
ompana,ompana,,Unknown,omwana,Luganda,83.33333333333334,omwana,Luganda,,0.0,,pending_gpu,
Mazima,mazima,,Unknown,amazima,Luganda,92.3076923076923,amazima,Luganda,,0.0,,pending_gpu,
naye,naye,naye,Luganda,,,0.0,naye,Luganda,,0.0,,pending_gpu,
Naye,naye,Naye,Luganda,,,0.0,Naye,Luganda,,0.0,,pending_gpu,
eyo,eyo,eyo,Luganda,,,0.0,eyo,Luganda,,0.0,,pending_gpu,
baaba,baaba,baaba,Luganda,,,0.0,baaba,Luganda,,0.0,,pending_gpu,
Ebigambo,ebigambo,,Unknown,y'ebigambo,Luganda,88.88888888888889,y'ebigambo,Luganda,,0.0,,pending_gpu,
biina,biina,,Unknown,ebiina,Luganda,90.9090909090909,ebiina,Luganda,,0.0,,pending_gpu,
okwogera,okwogera,okwogera,Luganda,,,0.0,okwogera,Luganda,,0.0,,pending_gpu,
ku,ku,ku,Luganda,,,0.0,ku,Luganda,,0.0,,pending_gpu,
bwa,bwa,bwa,Luganda,,,0.0,bwa,Luganda,,0.0,,pending_gpu,
Nze,nze,Nze,Luganda,,,0.0,Nze,Luganda,,0.0,,pending_gpu,
obweda,obweda,,Unknown,obwa,Luganda,80.0,obwa,Luganda,,0.0,,pending_gpu,
kalungi,kalungi,,Unknown,kilungi,Luganda,85.71428571428572,kilungi,Luganda,,0.0,,pending_gpu,
kajakola,kajakola,,Unknown,abakola,Luganda,80.0,abakola,Luganda,,0.0,,pending_gpu,
taata,taata,taata,Luganda,,,0.0,taata,Luganda,,0.0,,pending_gpu,
oyo,oyo,oyo,Luganda,,,0.0,oyo,Luganda,,0.0,,pending_gpu,
empisa,empisa,empisa,Luganda,,,0.0,empisa,Luganda,,0.0,,pending_gpu,
Ensigo,ensigo,Ensigo,Luganda,,,0.0,Ensigo,Luganda,,0.0,,pending_gpu,
kugwa,kugwa,kugwa,Luganda,,,0.0,kugwa,Luganda,,0.0,,pending_gpu,
Kilina,kilina,,Unknown,kilinika,Luganda,85.71428571428572,kilinika,Luganda,,0.0,,pending_gpu,
amabina,amabina,,Unknown,amazina,Luganda,85.71428571428572,amazina,Luganda,,0.0,,pending_gpu,
Mysiramu,mysiramu,,Unknown,omuyisiraamu,Luganda,80.0,omuyisiraamu,Luganda,,0.0,,pending_gpu,
Gwe,gwe,Gwe,Luganda,,,0.0,Gwe,Luganda,,0.0,,pending_gpu,
naye,naye,naye,Luganda,,,0.0,naye,Luganda,,0.0,,pending_gpu,
naye,naye,naye,Luganda,,,0.0,naye,Luganda,,0.0,,pending_gpu,
wano,wano,wano,Luganda,,,0.0,wano,Luganda,,0.0,,pending_gpu,
wange,wange,wange,Luganda,,,0.0,wange,Luganda,,0.0,,pending_gpu,
sambula,sambula,,Unknown,kasambula,Luganda,87.5,kasambula,Luganda,,0.0,,pending_gpu,
Mazima,mazima,,Unknown,amazima,Luganda,92.3076923076923,amazima,Luganda,,0.0,,pending_gpu,
jjaja,jjaja,,Unknown,jjajja,Luganda,90.9090909090909,jjajja,Luganda,,0.0,,pending_gpu,
ekitiibya,ekitiibya,,Unknown,ekitiibwa,Luganda,88.88888888888889,ekitiibwa,Luganda,,0.0,,pending_gpu,
Dhakaba,dhakaba,,Unknown,akaba,Luganda,83.33333333333334,akaba,Luganda,,0.0,,pending_gpu,
oyo,oyo,oyo,Luganda,,,0.0,oyo,Luganda,,0.0,,pending_gpu,
musiru,musiru,musiru,Luganda,,,0.0,musiru,Luganda,,0.0,,pending_gpu,
nyo,nyo,,Unknown,nnyo,Luganda,85.71428571428572,nnyo,Luganda,,0.0,,pending_gpu,
nga,nga,nga,Luganda,,,0.0,nga,Luganda,,0.0,,pending_gpu,
ku,ku,ku,Luganda,,,0.0,ku,Luganda,,0.0,,pending_gpu,
kapiira,kapiira,,Unknown,akapiira,Luganda,93.33333333333333,akapiira,Luganda,,0.0,,pending_gpu,
kutuuka,kutuuka,,Unknown,okutuuka,Luganda,93.33333333333333,okutuuka,Luganda,,0.0,,pending_gpu,
oba,oba,oba,Luganda,,,0.0,oba,Luganda,,0.0,,pending_gpu,
kumuluka,kumuluka,,Unknown,okululuka,Luganda,82.35294117647058,okululuka,Luganda,,0.0,,pending_gpu,
naye,naye,naye,Luganda,,,0.0,naye,Luganda,,0.0,,pending_gpu,
akategera,akategera,,Unknown,atategeera,Luganda,84.21052631578947,atategeera,Luganda,,0.0,,pending_gpu,
enyo,enyo,enyo,Luganda,,,0.0,enyo,Luganda,,0.0,,pending_gpu,
ogenda,ogenda,,Unknown,okugenda,Luganda,85.71428571428572,okugenda,Luganda,,0.0,,pending_gpu,
oli,oli,oli,Luganda,,,0.0,oli,Luganda,,0.0,,pending_gpu,
nga,nga,nga,Luganda,,,0.0,nga,Luganda,,0.0,,pending_gpu,
takubila,takubila,,Unknown,kubila,Luganda,85.71428571428572,kubila,Luganda,,0.0,,pending_gpu,
naye,naye,naye,Luganda,,,0.0,naye,Luganda,,0.0,,pending_gpu,
nga,nga,nga,Luganda,,,0.0,nga,Luganda,,0.0,,pending_gpu,
omussambi,omussambi,,Unknown,omuyambi,Luganda,82.35294117647058,omuyambi,Luganda,,0.0,,pending_gpu,
wano,wano,wano,Luganda,,,0.0,wano,Luganda,,0.0,,pending_gpu,
Oyo,oyo,Oyo,Luganda,,,0.0,Oyo,Luganda,,0.0,,pending_gpu,
nsaasira,nsaasira,,Unknown,ensaasi,Luganda,80.0,ensaasi,Luganda,,0.0,,pending_gpu,
abamuwuliliza,abamuwuliliza,,Unknown,abawuliriza,Luganda,83.33333333333334,abawuliriza,Luganda,,0.0,,pending_gpu,
omwo,omwo,,Unknown,omweso,Luganda,80.0,omweso,Luganda,,0.0,,pending_gpu,
nze,nze,nze,Luganda,,,0.0,nze,Luganda,,0.0,,pending_gpu,
awo,awo,awo,Luganda,,,0.0,awo,Luganda,,0.0,,pending_gpu,
ku,ku,ku,Luganda,,,0.0,ku,Luganda,,0.0,,pending_gpu,
mazima,mazima,,Unknown,amazima,Luganda,92.3076923076923,amazima,Luganda,,0.0,,pending_gpu,
Lwaki,lwaki,,Unknown,lwaaki,Luganda,90.9090909090909,lwaaki,Luganda,,0.0,,pending_gpu,
Nze,nze,Nze,Luganda,,,0.0,Nze,Luganda,,0.0,,pending_gpu,
nga,nga,nga,Luganda,,,0.0,nga,Luganda,,0.0,,pending_gpu,
Ssemboga,ssemboga,,Unknown,emboga,Luganda,85.71428571428572,emboga,Luganda,,0.0,,pending_gpu,
Ssentamu,ssentamu,,Unknown,entamu,Luganda,85.71428571428572,entamu,Luganda,,0.0,,pending_gpu,
Obulamu,obulamu,Obulamu,Luganda,,,0.0,Obulamu,Luganda,,0.0,,pending_gpu,
kiiro,kiiro,,Unknown,ekiro,Luganda,80.0,ekiro,Luganda,,0.0,,pending_gpu,
kisumuluzo,kisumuluzo,,Unknown,ekisumuluzo,Luganda,95.23809523809523,ekisumuluzo,Luganda,,0.0,,pending_gpu,
kisumuluzo,kisumuluzo,,Unknown,ekisumuluzo,Luganda,95.23809523809523,ekisumuluzo,Luganda,,0.0,,pending_gpu,
muko,muko,,Unknown,omuko,Luganda,88.88888888888889,omuko,Luganda,,0.0,,pending_gpu,
muko,muko,,Unknown,omuko,Luganda,88.88888888888889,omuko,Luganda,,0.0,,pending_gpu,
Taata,taata,Taata,Luganda,,,0.0,Taata,Luganda,,0.0,,pending_gpu,
webale,webale,webale,Luganda,,,0.0,webale,Luganda,,0.0,,pending_gpu,
taata,taata,taata,Luganda,,,0.0,taata,Luganda,,0.0,,pending_gpu,
tukwebaza,tukwebaza,,Unknown,okwebaza,Luganda,82.35294117647058,okwebaza,Luganda,,0.0,,pending_gpu,
okuba,okuba,okuba,Luganda,,,0.0,okuba,Luganda,,0.0,,pending_gpu,
manzima,manzima,,Unknown,amazima,Luganda,85.71428571428572,amazima,Luganda,,0.0,,pending_gpu,
mukama,mukama,mukama,Luganda,,,0.0,mukama,Luganda,,0.0,,pending_gpu,
kuuma,kuuma,kuuma,Luganda,,,0.0,kuuma,Luganda,,0.0,,pending_gpu,
taata,taata,taata,Luganda,,,0.0,taata,Luganda,,0.0,,pending_gpu,
mukama,mukama,mukama,Luganda,,,0.0,mukama,Luganda,,0.0,,pending_gpu,
kuuma,kuuma,kuuma,Luganda,,,0.0,kuuma,Luganda,,0.0,,pending_gpu,
taata,taata,taata,Luganda,,,0.0,taata,Luganda,,0.0,,pending_gpu,
wano,wano,wano,Luganda,,,0.0,wano,Luganda,,0.0,,pending_gpu,
wannge,wannge,,Unknown,wange,Luganda,90.9090909090909,wange,Luganda,,0.0,,pending_gpu,
ffe,ffe,ffe,Luganda,,,0.0,ffe,Luganda,,0.0,,pending_gpu,
nokuziimba,nokuziimba,,Unknown,okuzimba,Luganda,88.88888888888889,okuzimba,Luganda,,0.0,,pending_gpu,
okwekuba,okwekuba,,Unknown,okwewuba,Luganda,87.5,okwewuba,Luganda,,0.0,,pending_gpu,
engaloo,engaloo,,Unknown,engalo,Luganda,92.3076923076923,engalo,Luganda,,0.0,,pending_gpu,
nga,nga,nga,Luganda,,,0.0,nga,Luganda,,0.0,,pending_gpu,
:wano,:wano,,Unknown,wano,Luganda,88.88888888888889,wano,Luganda,,0.0,,pending_gpu,
wannge,wannge,,Unknown,wange,Luganda,90.9090909090909,wange,Luganda,,0.0,,pending_gpu,
mukama,mukama,mukama,Luganda,,,0.0,mukama,Luganda,,0.0,,pending_gpu,
buli,buli,buli,Luganda,,,0.0,buli,Luganda,,0.0,,pending_gpu,
yange,yange,,Unknown,gyange,Luganda,90.9090909090909,gyange,Luganda,,0.0,,pending_gpu,
Maama,maama,Maama,Luganda,,,0.0,Maama,Luganda,,0.0,,pending_gpu,
taata,taata,taata,Luganda,,,0.0,taata,Luganda,,0.0,,pending_gpu,
omuyimbi,omuyimbi,omuyimbi,Luganda,,,0.0,omuyimbi,Luganda,,0.0,,pending_gpu,
wange,wange,wange,Luganda,,,0.0,wange,Luganda,,0.0,,pending_gpu,
kapiripiti,kapiripiti,,Unknown,akabiriiti,Luganda,80.0,akabiriiti,Luganda,,0.0,,pending_gpu,
ku,ku,ku,Luganda,,,0.0,ku,Luganda,,0.0,,pending_gpu,
sente,sente,sente,Luganda,,,0.0,sente,Luganda,,0.0,,pending_gpu,
mazima,mazima,,Unknown,amazima,Luganda,92.3076923076923,amazima,Luganda,,0.0,,pending_gpu,
mwana,mwana,mwana,Luganda,,,0.0,mwana,Luganda,,0.0,,pending_gpu,
nkunonya,nkunonya,,Unknown,okunoonya,Luganda,82.35294117647058,okunoonya,Luganda,,0.0,,pending_gpu,
yange,yange,,Unknown,gyange,Luganda,90.9090909090909,gyange,Luganda,,0.0,,pending_gpu,
nze,nze,nze,Luganda,,,0.0,nze,Luganda,,0.0,,pending_gpu,
nkugwa,nkugwa,,Unknown,kugwa,Luganda,90.9090909090909,kugwa,Luganda,,0.0,,pending_gpu,
naye,naye,naye,Luganda,,,0.0,naye,Luganda,,0.0,,pending_gpu,
Kati,kati,Kati,Luganda,,,0.0,Kati,Luganda,,0.0,,pending_gpu,
Nkola,nkola,,Unknown,enkola,Luganda,90.9090909090909,enkola,Luganda,,0.0,,pending_gpu,
Ku,ku,Ku,Luganda,,,0.0,Ku,Luganda,,0.0,,pending_gpu,
omupiira,omupiira,omupiira,Luganda,,,0.0,omupiira,Luganda,,0.0,,pending_gpu,
bonna,bonna,bonna,Luganda,,,0.0,bonna,Luganda,,0.0,,pending_gpu,
mabegawo,mabegawo,,Unknown,emabega,Luganda,80.0,emabega,Luganda,,0.0,,pending_gpu,
mukimanyi,mukimanyi,,Unknown,omumanyi,Luganda,82.35294117647058,omumanyi,Luganda,,0.0,,pending_gpu,
nti,nti,nti,Luganda,,,0.0,nti,Luganda,,0.0,,pending_gpu,
kyangu,kyangu,kyangu,Luganda,,,0.0,kyangu,Luganda,,0.0,,pending_gpu,
nnyo,nnyo,nnyo,Luganda,,,0.0,nnyo,Luganda,,0.0,,pending_gpu,
okujako,okujako,,Unknown,okujyako,Luganda,93.33333333333333,okujyako,Luganda,,0.0,,pending_gpu,
naye,naye,naye,Luganda,,,0.0,naye,Luganda,,0.0,,pending_gpu,
kizibu,kizibu,,Unknown,ekizibu,Luganda,92.3076923076923,ekizibu,Luganda,,0.0,,pending_gpu,
nyo,nyo,,Unknown,nnyo,Luganda,85.71428571428572,nnyo,Luganda,,0.0,,pending_gpu,
okujako,okujako,,Unknown,okujyako,Luganda,93.33333333333333,okujyako,Luganda,,0.0,,pending_gpu,
kubwa,kubwa,,Unknown,kubbwa,Luganda,90.9090909090909,kubbwa,Luganda,,0.0,,pending_gpu,
bwa,bwa,bwa,Luganda,,,0.0,bwa,Luganda,,0.0,,pending_gpu,
oyo,oyo,oyo,Luganda,,,0.0,oyo,Luganda,,0.0,,pending_gpu,
buli,buli,buli,Luganda,,,0.0,buli,Luganda,,0.0,,pending_gpu,
wamu,wamu,wamu,Luganda,,,0.0,wamu,Luganda,,0.0,,pending_gpu,
bamugoba,bamugoba,,Unknown,amagoba,Luganda,80.0,amagoba,Luganda,,0.0,,pending_gpu,
Kati,kati,Kati,Luganda,,,0.0,Kati,Luganda,,0.0,,pending_gpu,
ffe,ffe,ffe,Luganda,,,0.0,ffe,Luganda,,0.0,,pending_gpu,
oyo,oyo,oyo,Luganda,,,0.0,oyo,Luganda,,0.0,,pending_gpu,
kamukulu,kamukulu,,Unknown,omukulu,Luganda,80.0,omukulu,Luganda,,0.0,,pending_gpu,
nga,nga,nga,Luganda,,,0.0,nga,Luganda,,0.0,,pending_gpu,
mubintu,mubintu,,Unknown,mukintu,Luganda,85.71428571428572,mukintu,Luganda,,0.0,,pending_gpu,
mutyaba,mutyaba,,Unknown,mutabani,Luganda,80.0,mutabani,Luganda,,0.0,,pending_gpu,
Mutyaba,mutyaba,,Unknown,mutabani,Luganda,80.0,mutabani,Luganda,,0.0,,pending_gpu,
Oyo,oyo,Oyo,Luganda,,,0.0,Oyo,Luganda,,0.0,,pending_gpu,
butamanya.,butamanya.,,Unknown,obutamanya,Luganda,90.0,obutamanya,Luganda,,0.0,,pending_gpu,
ensonga,ensonga,ensonga,Luganda,,,0.0,ensonga,Luganda,,0.0,,pending_gpu,
mutyaba,mutyaba,,Unknown,mutabani,Luganda,80.0,mutabani,Luganda,,0.0,,pending_gpu,
kati,kati,kati,Luganda,,,0.0,kati,Luganda,,0.0,,pending_gpu,
mupiira,mupiira,,Unknown,omupiira,Luganda,93.33333333333333,omupiira,Luganda,,0.0,,pending_gpu,
tamanyi,tamanyi,,Unknown,amanyi,Luganda,92.3076923076923,amanyi,Luganda,,0.0,,pending_gpu,
kyamanyi,kyamanyi,,Unknown,amanyi,Luganda,85.71428571428572,amanyi,Luganda,,0.0,,pending_gpu,
muli,muli,,Unknown,omuli,Luganda,88.88888888888889,omuli,Luganda,,0.0,,pending_gpu,
Ku,ku,Ku,Luganda,,,0.0,Ku,Luganda,,0.0,,pending_gpu,
mupiira,mupiira,,Unknown,omupiira,Luganda,93.33333333333333,omupiira,Luganda,,0.0,,pending_gpu,
kituufu,kituufu,kituufu,Luganda,,,0.0,kituufu,Luganda,,0.0,,pending_gpu,
tomuwa,tomuwa,,Unknown,omumwa,Luganda,83.33333333333334,omumwa,Luganda,,0.0,,pending_gpu,
naye,naye,naye,Luganda,,,0.0,naye,Luganda,,0.0,,pending_gpu,
mumupiira,mumupiira,,Unknown,omupiira,Luganda,82.35294117647058,omupiira,Luganda,,0.0,,pending_gpu,
kutisatisa,kutisatisa,,Unknown,okutisatiisa,Luganda,90.9090909090909,okutisatiisa,Luganda,,0.0,,pending_gpu,
Kituufu,kituufu,Kituufu,Luganda,,,0.0,Kituufu,Luganda,,0.0,,pending_gpu,
nnyo,nnyo,nnyo,Luganda,,,0.0,nnyo,Luganda,,0.0,,pending_gpu,
Mutyaba,mutyaba,,Unknown,mutabani,Luganda,80.0,mutabani,Luganda,,0.0,,pending_gpu,
Mutyaba,mutyaba,,Unknown,mutabani,Luganda,80.0,mutabani,Luganda,,0.0,,pending_gpu,
oyo,oyo,oyo,Luganda,,,0.0,oyo,Luganda,,0.0,,pending_gpu,
tamanyi,tamanyi,,Unknown,amanyi,Luganda,92.3076923076923,amanyi,Luganda,,0.0,,pending_gpu,
mupiira,mupiira,,Unknown,omupiira,Luganda,93.33333333333333,omupiira,Luganda,,0.0,,pending_gpu,
Ntebbe,ntebbe,,Unknown,ntebe,Luganda,90.9090909090909,ntebe,Luganda,,0.0,,pending_gpu,
Mutyaba,mutyaba,,Unknown,mutabani,Luganda,80.0,mutabani,Luganda,,0.0,,pending_gpu,
oba,oba,oba,Luganda,,,0.0,oba,Luganda,,0.0,,pending_gpu,
sente,sente,sente,Luganda,,,0.0,sente,Luganda,,0.0,,pending_gpu,
ekizibu,ekizibu,ekizibu,Luganda,,,0.0,ekizibu,Luganda,,0.0,,pending_gpu,
kya,kya,kya,Luganda,,,0.0,kya,Luganda,,0.0,,pending_gpu,
kyekyo,kyekyo,,Unknown,ekyo,Luganda,80.0,ekyo,Luganda,,0.0,,pending_gpu,
obukurembeze,obukurembeze,,Unknown,obukulembeze,Luganda,91.66666666666666,obukulembeze,Luganda,,0.0,,pending_gpu,
bwomupir,bwomupir,,Unknown,bwomuti,Luganda,80.0,bwomuti,Luganda,,0.0,,pending_gpu,
okagala,okagala,,Unknown,okwagala,Luganda,93.33333333333333,okwagala,Luganda,,0.0,,pending_gpu,
kayina,kayina,kayina,Luganda,,,0.0,kayina,Luganda,,0.0,,pending_gpu,
JOJO,jojo,,Unknown,jjo,Luganda,85.71428571428572,jjo,Luganda,,0.0,,pending_gpu,
Oli,oli,Oli,Luganda,,,0.0,Oli,Luganda,,0.0,,pending_gpu,
waddala,waddala,,Unknown,ddala,Luganda,83.33333333333334,ddala,Luganda,,0.0,,pending_gpu,
Jojo,jojo,,Unknown,jjo,Luganda,85.71428571428572,jjo,Luganda,,0.0,,pending_gpu,
magala,magala,magala,Luganda,,,0.0,magala,Luganda,,0.0,,pending_gpu,
Wano,wano,Wano,Luganda,,,0.0,Wano,Luganda,,0.0,,pending_gpu,
wange,wange,wange,Luganda,,,0.0,wange,Luganda,,0.0,,pending_gpu,
jojo,jojo,,Unknown,jjo,Luganda,85.71428571428572,jjo,Luganda,,0.0,,pending_gpu,
Jojo,jojo,,Unknown,jjo,Luganda,85.71428571428572,jjo,Luganda,,0.0,,pending_gpu,
Jojo,jojo,,Unknown,jjo,Luganda,85.71428571428572,jjo,Luganda,,0.0,,pending_gpu,
Mukwano,mukwano,,Unknown,omukwano,Luganda,93.33333333333333,omukwano,Luganda,,0.0,,pending_gpu,
kubuyambi,kubuyambi,,Unknown,obuyambi,Luganda,82.35294117647058,obuyambi,Luganda,,0.0,,pending_gpu,
Mukwano,mukwano,,Unknown,omukwano,Luganda,93.33333333333333,omukwano,Luganda,,0.0,,pending_gpu,
Jojo,jojo,,Unknown,jjo,Luganda,85.71428571428572,jjo,Luganda,,0.0,,pending_gpu,
nyabo,nyabo,,Unknown,nnyabo,Luganda,90.9090909090909,nnyabo,Luganda,,0.0,,pending_gpu,
Jojo,jojo,,Unknown,jjo,Luganda,85.71428571428572,jjo,Luganda,,0.0,,pending_gpu,
okitegera,okitegera,,Unknown,okutegera,Luganda,88.88888888888889,okutegera,Luganda,,0.0,,pending_gpu,
JoJo,jojo,,Unknown,jjo,Luganda,85.71428571428572,jjo,Luganda,,0.0,,pending_gpu,
Jojo,jojo,,Unknown,jjo,Luganda,85.71428571428572,jjo,Luganda,,0.0,,pending_gpu,
Jojo,jojo,,Unknown,jjo,Luganda,85.71428571428572,jjo,Luganda,,0.0,,pending_gpu,
wano,wano,wano,Luganda,,,0.0,wano,Luganda,,0.0,,pending_gpu,
Magaala,magaala,,Unknown,magala,Luganda,92.3076923076923,magala,Luganda,,0.0,,pending_gpu,
magala,magala,magala,Luganda,,,0.0,magala,Luganda,,0.0,,pending_gpu,
Magala,magala,Magala,Luganda,,,0.0,Magala,Luganda,,0.0,,pending_gpu,
kiwanuka,kiwanuka,,Unknown,ekiwuka,Luganda,80.0,ekiwuka,Luganda,,0.0,,pending_gpu,
munanansi,munanansi,,Unknown,munnansi,Luganda,94.11764705882352,munnansi,Luganda,,0.0,,pending_gpu,
Jojo,jojo,,Unknown,jjo,Luganda,85.71428571428572,jjo,Luganda,,0.0,,pending_gpu,
naye,naye,naye,Luganda,,,0.0,naye,Luganda,,0.0,,pending_gpu,
magala,magala,magala,Luganda,,,0.0,magala,Luganda,,0.0,,pending_gpu,
eyo,eyo,eyo,Luganda,,,0.0,eyo,Luganda,,0.0,,pending_gpu,
kimera,kimera,kimera,Luganda,,,0.0,kimera,Luganda,,0.0,,pending_gpu,
Kimera,kimera,Kimera,Luganda,,,0.0,Kimera,Luganda,,0.0,,pending_gpu,
yange,yange,,Unknown,gyange,Luganda,90.9090909090909,gyange,Luganda,,0.0,,pending_gpu,
Emaali,emaali,,Unknown,emabbali,Luganda,85.71428571428572,emabbali,Luganda,,0.0,,pending_gpu,
nayee,nayee,,Unknown,naye,Luganda,88.88888888888889,naye,Luganda,,0.0,,pending_gpu,
@KAVUYO,@kavuyo,,Unknown,akavuyo,Luganda,85.71428571428572,akavuyo,Luganda,,0.0,,pending_gpu,
kwesiva,kwesiva,,Unknown,okwesiga,Luganda,80.0,okwesiga,Luganda,,0.0,,pending_gpu,
mwana,mwana,mwana,Luganda,,,0.0,mwana,Luganda,,0.0,,pending_gpu,
Awo,awo,Awo,Luganda,,,0.0,Awo,Luganda,,0.0,,pending_gpu,
abayimbi,abayimbi,,Unknown,gwabayimbi,Luganda,88.88888888888889,gwabayimbi,Luganda,,0.0,,pending_gpu,
nga,nga,nga,Luganda,,,0.0,nga,Luganda,,0.0,,pending_gpu,
kurika,kurika,,Unknown,kuyurika,Luganda,85.71428571428572,kuyurika,Luganda,,0.0,,pending_gpu,
ekintu,ekintu,ekintu,Luganda,,,0.0,ekintu,Luganda,,0.0,,pending_gpu,
kyabadde,kyabadde,,Unknown,ekyambadde,Luganda,88.88888888888889,ekyambadde,Luganda,,0.0,,pending_gpu,
Naye,naye,Naye,Luganda,,,0.0,Naye,Luganda,,0.0,,pending_gpu,
Nga,nga,Nga,Luganda,,,0.0,Nga,Luganda,,0.0,,pending_gpu,
Gwe,gwe,Gwe,Luganda,,,0.0,Gwe,Luganda,,0.0,,pending_gpu,
wabadde,wabadde,,Unknown,abazadde,Luganda,80.0,abazadde,Luganda,,0.0,,pending_gpu,
esanyu,esanyu,,Unknown,essanyu,Luganda,92.3076923076923,essanyu,Luganda,,0.0,,pending_gpu,
gwe,gwe,gwe,Luganda,,,0.0,gwe,Luganda,,0.0,,pending_gpu,
mazima,mazima,,Unknown,amazima,Luganda,92.3076923076923,amazima,Luganda,,0.0,,pending_gpu,
naye,naye,naye,Luganda,,,0.0,naye,Luganda,,0.0,,pending_gpu,
muli,muli,,Unknown,omuli,Luganda,88.88888888888889,omuli,Luganda,,0.0,,pending_gpu,
mukuba,mukuba,,Unknown,kukuba,Luganda,83.33333333333334,kukuba,Luganda,,0.0,,pending_gpu,
mukomere,mukomere,,Unknown,mukomera,Luganda,87.5,mukomera,Luganda,,0.0,,pending_gpu,
kenya,kenya,kenya,Luganda,,,0.0,kenya,Luganda,,0.0,,pending_gpu,
mazima,mazima,,Unknown,amazima,Luganda,92.3076923076923,amazima,Luganda,,0.0,,pending_gpu,
omulungi,omulungi,omulungi,Luganda,,,0.0,omulungi,Luganda,,0.0,,pending_gpu,
wange,wange,wange,Luganda,,,0.0,wange,Luganda,,0.0,,pending_gpu,
kwagara,kwagara,,Unknown,okwagala,Luganda,80.0,okwagala,Luganda,,0.0,,pending_gpu,
omurungi,omurungi,,Unknown,omulungi,Luganda,87.5,omulungi,Luganda,,0.0,,pending_gpu,
wange,wange,wange,Luganda,,,0.0,wange,Luganda,,0.0,,pending_gpu,
mazima,mazima,,Unknown,amazima,Luganda,92.3076923076923,amazima,Luganda,,0.0,,pending_gpu,
Mazima,mazima,,Unknown,amazima,Luganda,92.3076923076923,amazima,Luganda,,0.0,,pending_gpu,
Mazima,mazima,,Unknown,amazima,Luganda,92.3076923076923,amazima,Luganda,,0.0,,pending_gpu,
Mazima,mazima,,Unknown,amazima,Luganda,92.3076923076923,amazima,Luganda,,0.0,,pending_gpu,
Mazima,mazima,,Unknown,amazima,Luganda,92.3076923076923,amazima,Luganda,,0.0,,pending_gpu,
Mazima,mazima,,Unknown,amazima,Luganda,92.3076923076923,amazima,Luganda,,0.0,,pending_gpu,
Mazima,mazima,,Unknown,amazima,Luganda,92.3076923076923,amazima,Luganda,,0.0,,pending_gpu,
Mazima,mazima,,Unknown,amazima,Luganda,92.3076923076923,amazima,Luganda,,0.0,,pending_gpu,
Mazima,mazima,,Unknown,amazima,Luganda,92.3076923076923,amazima,Luganda,,0.0,,pending_gpu,
Mazima,mazima,,Unknown,amazima,Luganda,92.3076923076923,amazima,Luganda,,0.0,,pending_gpu,
Mazima,mazima,,Unknown,amazima,Luganda,92.3076923076923,amazima,Luganda,,0.0,,pending_gpu,
Mazima,mazima,,Unknown,amazima,Luganda,92.3076923076923,amazima,Luganda,,0.0,,pending_gpu,
Mazima,mazima,,Unknown,amazima,Luganda,92.3076923076923,amazima,Luganda,,0.0,,pending_gpu,
Mazima,mazima,,Unknown,amazima,Luganda,92.3076923076923,amazima,Luganda,,0.0,,pending_gpu,
omulungi,omulungi,omulungi,Luganda,,,0.0,omulungi,Luganda,,0.0,,pending_gpu,
wange,wange,wange,Luganda,,,0.0,wange,Luganda,,0.0,,pending_gpu,
omulungi,omulungi,omulungi,Luganda,,,0.0,omulungi,Luganda,,0.0,,pending_gpu,
wange,wange,wange,Luganda,,,0.0,wange,Luganda,,0.0,,pending_gpu,
mazima,mazima,,Unknown,amazima,Luganda,92.3076923076923,amazima,Luganda,,0.0,,pending_gpu,
mazima,mazima,,Unknown,amazima,Luganda,92.3076923076923,amazima,Luganda,,0.0,,pending_gpu,
wange,wange,wange,Luganda,,,0.0,wange,Luganda,,0.0,,pending_gpu,
OKITEGELA,okitegela,,Unknown,okuteela,Luganda,82.35294117647058,okuteela,Luganda,,0.0,,pending_gpu,
OMULUNGI,omulungi,OMULUNGI,Luganda,,,0.0,OMULUNGI,Luganda,,0.0,,pending_gpu,
WANGYE,wangye,,Unknown,wange,Luganda,90.9090909090909,wange,Luganda,,0.0,,pending_gpu,
OMULUNGI,omulungi,OMULUNGI,Luganda,,,0.0,OMULUNGI,Luganda,,0.0,,pending_gpu,
OMULUNGI,omulungi,OMULUNGI,Luganda,,,0.0,OMULUNGI,Luganda,,0.0,,pending_gpu,
WANGYE,wangye,,Unknown,wange,Luganda,90.9090909090909,wange,Luganda,,0.0,,pending_gpu,
OMULUNGI,omulungi,OMULUNGI,Luganda,,,0.0,OMULUNGI,Luganda,,0.0,,pending_gpu,
OMULUNGI,omulungi,OMULUNGI,Luganda,,,0.0,OMULUNGI,Luganda,,0.0,,pending_gpu,
WANGYE,wangye,,Unknown,wange,Luganda,90.9090909090909,wange,Luganda,,0.0,,pending_gpu,
OMULUNGI,omulungi,OMULUNGI,Luganda,,,0.0,OMULUNGI,Luganda,,0.0,,pending_gpu,
OMULUNGI,omulungi,OMULUNGI,Luganda,,,0.0,OMULUNGI,Luganda,,0.0,,pending_gpu,
WANGYE,wangye,,Unknown,wange,Luganda,90.9090909090909,wange,Luganda,,0.0,,pending_gpu,
OMULUNGI,omulungi,OMULUNGI,Luganda,,,0.0,OMULUNGI,Luganda,,0.0,,pending_gpu,
OMULUNGI,omulungi,OMULUNGI,Luganda,,,0.0,OMULUNGI,Luganda,,0.0,,pending_gpu,
WANGYE,wangye,,Unknown,wange,Luganda,90.9090909090909,wange,Luganda,,0.0,,pending_gpu,
OMULUNGI,omulungi,OMULUNGI,Luganda,,,0.0,OMULUNGI,Luganda,,0.0,,pending_gpu,
OMULUNGI,omulungi,OMULUNGI,Luganda,,,0.0,OMULUNGI,Luganda,,0.0,,pending_gpu,
WANGYE,wangye,,Unknown,wange,Luganda,90.9090909090909,wange,Luganda,,0.0,,pending_gpu,
wange,wange,wange,Luganda,,,0.0,wange,Luganda,,0.0,,pending_gpu,
mazima,mazima,,Unknown,amazima,Luganda,92.3076923076923,amazima,Luganda,,0.0,,pending_gpu,
mazima,mazima,,Unknown,amazima,Luganda,92.3076923076923,amazima,Luganda,,0.0,,pending_gpu,
mazima,mazima,,Unknown,amazima,Luganda,92.3076923076923,amazima,Luganda,,0.0,,pending_gpu,
mazima,mazima,,Unknown,amazima,Luganda,92.3076923076923,amazima,Luganda,,0.0,,pending_gpu,
mazima,mazima,,Unknown,amazima,Luganda,92.3076923076923,amazima,Luganda,,0.0,,pending_gpu,
mazima,mazima,,Unknown,amazima,Luganda,92.3076923076923,amazima,Luganda,,0.0,,pending_gpu,
mazima,mazima,,Unknown,amazima,Luganda,92.3076923076923,amazima,Luganda,,0.0,,pending_gpu,
mazima,mazima,,Unknown,amazima,Luganda,92.3076923076923,amazima,Luganda,,0.0,,pending_gpu,
mazima,mazima,,Unknown,amazima,Luganda,92.3076923076923,amazima,Luganda,,0.0,,pending_gpu,
omulungi,omulungi,omulungi,Luganda,,,0.0,omulungi,Luganda,,0.0,,pending_gpu,
wange,wange,wange,Luganda,,,0.0,wange,Luganda,,0.0,,pending_gpu,
gwe,gwe,gwe,Luganda,,,0.0,gwe,Luganda,,0.0,,pending_gpu,
nkwagala,nkwagala,,Unknown,okwagala,Luganda,87.5,okwagala,Luganda,,0.0,,pending_gpu,
omulungi,omulungi,omulungi,Luganda,,,0.0,omulungi,Luganda,,0.0,,pending_gpu,
wange,wange,wange,Luganda,,,0.0,wange,Luganda,,0.0,,pending_gpu,
kange,kange,kange,Luganda,,,0.0,kange,Luganda,,0.0,,pending_gpu,
nga,nga,nga,Luganda,,,0.0,nga,Luganda,,0.0,,pending_gpu,
kange,kange,kange,Luganda,,,0.0,kange,Luganda,,0.0,,pending_gpu,
Maziima,maziima,,Unknown,amazima,Luganda,85.71428571428572,amazima,Luganda,,0.0,,pending_gpu,
wange,wange,wange,Luganda,,,0.0,wange,Luganda,,0.0,,pending_gpu,
mazima,mazima,,Unknown,amazima,Luganda,92.3076923076923,amazima,Luganda,,0.0,,pending_gpu,
Mazima,mazima,,Unknown,amazima,Luganda,92.3076923076923,amazima,Luganda,,0.0,,pending_gpu,
⌨️Mazima,⌨️mazima,,Unknown,amazima,Luganda,80.0,amazima,Luganda,,0.0,,pending_gpu,
Mazima,mazima,,Unknown,amazima,Luganda,92.3076923076923,amazima,Luganda,,0.0,,pending_gpu,
⌨️Mazima,⌨️mazima,,Unknown,amazima,Luganda,80.0,amazima,Luganda,,0.0,,pending_gpu,
Mazima,mazima,,Unknown,amazima,Luganda,92.3076923076923,amazima,Luganda,,0.0,,pending_gpu,
⌨️Mazima,⌨️mazima,,Unknown,amazima,Luganda,80.0,amazima,Luganda,,0.0,,pending_gpu,
Mazima,mazima,,Unknown,amazima,Luganda,92.3076923076923,amazima,Luganda,,0.0,,pending_gpu,
Mazima,mazima,,Unknown,amazima,Luganda,92.3076923076923,amazima,Luganda,,0.0,,pending_gpu,
Mazima,mazima,,Unknown,amazima,Luganda,92.3076923076923,amazima,Luganda,,0.0,,pending_gpu,
Mazima,mazima,,Unknown,amazima,Luganda,92.3076923076923,amazima,Luganda,,0.0,,pending_gpu,
Mazima,mazima,,Unknown,amazima,Luganda,92.3076923076923,amazima,Luganda,,0.0,,pending_gpu,
Mazima,mazima,,Unknown,amazima,Luganda,92.3076923076923,amazima,Luganda,,0.0,,pending_gpu,
Mazima,mazima,,Unknown,amazima,Luganda,92.3076923076923,amazima,Luganda,,0.0,,pending_gpu,
Mazima,mazima,,Unknown,amazima,Luganda,92.3076923076923,amazima,Luganda,,0.0,,pending_gpu,
Mazima,mazima,,Unknown,amazima,Luganda,92.3076923076923,amazima,Luganda,,0.0,,pending_gpu,
Mazima,mazima,,Unknown,amazima,Luganda,92.3076923076923,amazima,Luganda,,0.0,,pending_gpu,
Mazima,mazima,,Unknown,amazima,Luganda,92.3076923076923,amazima,Luganda,,0.0,,pending_gpu,
♥️Mazima,♥️mazima,,Unknown,amazima,Luganda,80.0,amazima,Luganda,,0.0,,pending_gpu,
Mazima,mazima,,Unknown,amazima,Luganda,92.3076923076923,amazima,Luganda,,0.0,,pending_gpu,
♥️Mazima,♥️mazima,,Unknown,amazima,Luganda,80.0,amazima,Luganda,,0.0,,pending_gpu,
Mazima,mazima,,Unknown,amazima,Luganda,92.3076923076923,amazima,Luganda,,0.0,,pending_gpu,
♥️Mazima,♥️mazima,,Unknown,amazima,Luganda,80.0,amazima,Luganda,,0.0,,pending_gpu,
Mazima,mazima,,Unknown,amazima,Luganda,92.3076923076923,amazima,Luganda,,0.0,,pending_gpu,
Omulunji,omulunji,,Unknown,omulungi,Luganda,87.5,omulungi,Luganda,,0.0,,pending_gpu,
wange,wange,wange,Luganda,,,0.0,wange,Luganda,,0.0,,pending_gpu,
OKITEGELA,okitegela,,Unknown,okuteela,Luganda,82.35294117647058,okuteela,Luganda,,0.0,,pending_gpu,
OMULUNGI,omulungi,OMULUNGI,Luganda,,,0.0,OMULUNGI,Luganda,,0.0,,pending_gpu,
WANGYE,wangye,,Unknown,wange,Luganda,90.9090909090909,wange,Luganda,,0.0,,pending_gpu,
OMULUNGI,omulungi,OMULUNGI,Luganda,,,0.0,OMULUNGI,Luganda,,0.0,,pending_gpu,
OMULUNGI,omulungi,OMULUNGI,Luganda,,,0.0,OMULUNGI,Luganda,,0.0,,pending_gpu,
WANGYE,wangye,,Unknown,wange,Luganda,90.9090909090909,wange,Luganda,,0.0,,pending_gpu,
OMULUNGI,omulungi,OMULUNGI,Luganda,,,0.0,OMULUNGI,Luganda,,0.0,,pending_gpu,
OMULUNGI,omulungi,OMULUNGI,Luganda,,,0.0,OMULUNGI,Luganda,,0.0,,pending_gpu,
WANGYE,wangye,,Unknown,wange,Luganda,90.9090909090909,wange,Luganda,,0.0,,pending_gpu,
OMULUNGI,omulungi,OMULUNGI,Luganda,,,0.0,OMULUNGI,Luganda,,0.0,,pending_gpu,
OMULUNGI,omulungi,OMULUNGI,Luganda,,,0.0,OMULUNGI,Luganda,,0.0,,pending_gpu,
WANGYE,wangye,,Unknown,wange,Luganda,90.9090909090909,wange,Luganda,,0.0,,pending_gpu,
OMULUNGI,omulungi,OMULUNGI,Luganda,,,0.0,OMULUNGI,Luganda,,0.0,,pending_gpu,
OMULUNGI,omulungi,OMULUNGI,Luganda,,,0.0,OMULUNGI,Luganda,,0.0,,pending_gpu,
WANGYE,wangye,,Unknown,wange,Luganda,90.9090909090909,wange,Luganda,,0.0,,pending_gpu,
OMULUNGI,omulungi,OMULUNGI,Luganda,,,0.0,OMULUNGI,Luganda,,0.0,,pending_gpu,
OMULUNGI,omulungi,OMULUNGI,Luganda,,,0.0,OMULUNGI,Luganda,,0.0,,pending_gpu,
WANGYE,wangye,,Unknown,wange,Luganda,90.9090909090909,wange,Luganda,,0.0,,pending_gpu,
wange,wange,wange,Luganda,,,0.0,wange,Luganda,,0.0,,pending_gpu,
omulungi,omulungi,omulungi,Luganda,,,0.0,omulungi,Luganda,,0.0,,pending_gpu,
wange,wange,wange,Luganda,,,0.0,wange,Luganda,,0.0,,pending_gpu,
wange,wange,wange,Luganda,,,0.0,wange,Luganda,,0.0,,pending_gpu,
mazima,mazima,,Unknown,amazima,Luganda,92.3076923076923,amazima,Luganda,,0.0,,pending_gpu,
mazima,mazima,,Unknown,amazima,Luganda,92.3076923076923,amazima,Luganda,,0.0,,pending_gpu,
mazima,mazima,,Unknown,amazima,Luganda,92.3076923076923,amazima,Luganda,,0.0,,pending_gpu,
mazima,mazima,,Unknown,amazima,Luganda,92.3076923076923,amazima,Luganda,,0.0,,pending_gpu,
mazima,mazima,,Unknown,amazima,Luganda,92.3076923076923,amazima,Luganda,,0.0,,pending_gpu,
mazima,mazima,,Unknown,amazima,Luganda,92.3076923076923,amazima,Luganda,,0.0,,pending_gpu,
mazima,mazima,,Unknown,amazima,Luganda,92.3076923076923,amazima,Luganda,,0.0,,pending_gpu,
mazima,mazima,,Unknown,amazima,Luganda,92.3076923076923,amazima,Luganda,,0.0,,pending_gpu,
mazima,mazima,,Unknown,amazima,Luganda,92.3076923076923,amazima,Luganda,,0.0,,pending_gpu,
mazima,mazima,,Unknown,amazima,Luganda,92.3076923076923,amazima,Luganda,,0.0,,pending_gpu,
mazima,mazima,,Unknown,amazima,Luganda,92.3076923076923,amazima,Luganda,,0.0,,pending_gpu,
Mazima,mazima,,Unknown,amazima,Luganda,92.3076923076923,amazima,Luganda,,0.0,,pending_gpu,
⌨️Mazima,⌨️mazima,,Unknown,amazima,Luganda,80.0,amazima,Luganda,,0.0,,pending_gpu,
Mazima,mazima,,Unknown,amazima,Luganda,92.3076923076923,amazima,Luganda,,0.0,,pending_gpu,
⌨️Mazima,⌨️mazima,,Unknown,amazima,Luganda,80.0,amazima,Luganda,,0.0,,pending_gpu,
Mazima,mazima,,Unknown,amazima,Luganda,92.3076923076923,amazima,Luganda,,0.0,,pending_gpu,
⌨️Mazima,⌨️mazima,,Unknown,amazima,Luganda,80.0,amazima,Luganda,,0.0,,pending_gpu,
Mazima,mazima,,Unknown,amazima,Luganda,92.3076923076923,amazima,Luganda,,0.0,,pending_gpu,
Mazima,mazima,,Unknown,amazima,Luganda,92.3076923076923,amazima,Luganda,,0.0,,pending_gpu,
Mazima,mazima,,Unknown,amazima,Luganda,92.3076923076923,amazima,Luganda,,0.0,,pending_gpu,
Mazima,mazima,,Unknown,amazima,Luganda,92.3076923076923,amazima,Luganda,,0.0,,pending_gpu,
Mazima,mazima,,Unknown,amazima,Luganda,92.3076923076923,amazima,Luganda,,0.0,,pending_gpu,
Mazima,mazima,,Unknown,amazima,Luganda,92.3076923076923,amazima,Luganda,,0.0,,pending_gpu,
Mazima,mazima,,Unknown,amazima,Luganda,92.3076923076923,amazima,Luganda,,0.0,,pending_gpu,
Mazima,mazima,,Unknown,amazima,Luganda,92.3076923076923,amazima,Luganda,,0.0,,pending_gpu,
Mazima,mazima,,Unknown,amazima,Luganda,92.3076923076923,amazima,Luganda,,0.0,,pending_gpu,
Mazima,mazima,,Unknown,amazima,Luganda,92.3076923076923,amazima,Luganda,,0.0,,pending_gpu,
Mazima,mazima,,Unknown,amazima,Luganda,92.3076923076923,amazima,Luganda,,0.0,,pending_gpu,
♥️Mazima,♥️mazima,,Unknown,amazima,Luganda,80.0,amazima,Luganda,,0.0,,pending_gpu,
Mazima,mazima,,Unknown,amazima,Luganda,92.3076923076923,amazima,Luganda,,0.0,,pending_gpu,
♥️Mazima,♥️mazima,,Unknown,amazima,Luganda,80.0,amazima,Luganda,,0.0,,pending_gpu,
Mazima,mazima,,Unknown,amazima,Luganda,92.3076923076923,amazima,Luganda,,0.0,,pending_gpu,
♥️Mazima,♥️mazima,,Unknown,amazima,Luganda,80.0,amazima,Luganda,,0.0,,pending_gpu,
Mazima,mazima,,Unknown,amazima,Luganda,92.3076923076923,amazima,Luganda,,0.0,,pending_gpu,
Omulunji,omulunji,,Unknown,omulungi,Luganda,87.5,omulungi,Luganda,,0.0,,pending_gpu,
wange,wange,wange,Luganda,,,0.0,wange,Luganda,,0.0,,pending_gpu,
mazima,mazima,,Unknown,amazima,Luganda,92.3076923076923,amazima,Luganda,,0.0,,pending_gpu,
mazima,mazima,,Unknown,amazima,Luganda,92.3076923076923,amazima,Luganda,,0.0,,pending_gpu,
mazima,mazima,,Unknown,amazima,Luganda,92.3076923076923,amazima,Luganda,,0.0,,pending_gpu,
mazima,mazima,,Unknown,amazima,Luganda,92.3076923076923,amazima,Luganda,,0.0,,pending_gpu,
mazima,mazima,,Unknown,amazima,Luganda,92.3076923076923,amazima,Luganda,,0.0,,pending_gpu,
mazima,mazima,,Unknown,amazima,Luganda,92.3076923076923,amazima,Luganda,,0.0,,pending_gpu,
mazima,mazima,,Unknown,amazima,Luganda,92.3076923076923,amazima,Luganda,,0.0,,pending_gpu,
mazima,mazima,,Unknown,amazima,Luganda,92.3076923076923,amazima,Luganda,,0.0,,pending_gpu,
mazima,mazima,,Unknown,amazima,Luganda,92.3076923076923,amazima,Luganda,,0.0,,pending_gpu,
mazima,mazima,,Unknown,amazima,Luganda,92.3076923076923,amazima,Luganda,,0.0,,pending_gpu,
mazima,mazima,,Unknown,amazima,Luganda,92.3076923076923,amazima,Luganda,,0.0,,pending_gpu,
mazima,mazima,,Unknown,amazima,Luganda,92.3076923076923,amazima,Luganda,,0.0,,pending_gpu,
mazima,mazima,,Unknown,amazima,Luganda,92.3076923076923,amazima,Luganda,,0.0,,pending_gpu,
mazima,mazima,,Unknown,amazima,Luganda,92.3076923076923,amazima,Luganda,,0.0,,pending_gpu,
mazima,mazima,,Unknown,amazima,Luganda,92.3076923076923,amazima,Luganda,,0.0,,pending_gpu,
mazima,mazima,,Unknown,amazima,Luganda,92.3076923076923,amazima,Luganda,,0.0,,pending_gpu,
mazima,mazima,,Unknown,amazima,Luganda,92.3076923076923,amazima,Luganda,,0.0,,pending_gpu,
mazima,mazima,,Unknown,amazima,Luganda,92.3076923076923,amazima,Luganda,,0.0,,pending_gpu,
mazima,mazima,,Unknown,amazima,Luganda,92.3076923076923,amazima,Luganda,,0.0,,pending_gpu,
mazima,mazima,,Unknown,amazima,Luganda,92.3076923076923,amazima,Luganda,,0.0,,pending_gpu,
mazima,mazima,,Unknown,amazima,Luganda,92.3076923076923,amazima,Luganda,,0.0,,pending_gpu,
mazima,mazima,,Unknown,amazima,Luganda,92.3076923076923,amazima,Luganda,,0.0,,pending_gpu,
mazima,mazima,,Unknown,amazima,Luganda,92.3076923076923,amazima,Luganda,,0.0,,pending_gpu,
mazima,mazima,,Unknown,amazima,Luganda,92.3076923076923,amazima,Luganda,,0.0,,pending_gpu,
mazima,mazima,,Unknown,amazima,Luganda,92.3076923076923,amazima,Luganda,,0.0,,pending_gpu,
mazima,mazima,,Unknown,amazima,Luganda,92.3076923076923,amazima,Luganda,,0.0,,pending_gpu,
mazima,mazima,,Unknown,amazima,Luganda,92.3076923076923,amazima,Luganda,,0.0,,pending_gpu,
mazima,mazima,,Unknown,amazima,Luganda,92.3076923076923,amazima,Luganda,,0.0,,pending_gpu,
mazima,mazima,,Unknown,amazima,Luganda,92.3076923076923,amazima,Luganda,,0.0,,pending_gpu,
mazima,mazima,,Unknown,amazima,Luganda,92.3076923076923,amazima,Luganda,,0.0,,pending_gpu,
mazima,mazima,,Unknown,amazima,Luganda,92.3076923076923,amazima,Luganda,,0.0,,pending_gpu,
mazima,mazima,,Unknown,amazima,Luganda,92.3076923076923,amazima,Luganda,,0.0,,pending_gpu,
mazima,mazima,,Unknown,amazima,Luganda,92.3076923076923,amazima,Luganda,,0.0,,pending_gpu,
mazima,mazima,,Unknown,amazima,Luganda,92.3076923076923,amazima,Luganda,,0.0,,pending_gpu,
mazima,mazima,,Unknown,amazima,Luganda,92.3076923076923,amazima,Luganda,,0.0,,pending_gpu,
mazima,mazima,,Unknown,amazima,Luganda,92.3076923076923,amazima,Luganda,,0.0,,pending_gpu,
mazima,mazima,,Unknown,amazima,Luganda,92.3076923076923,amazima,Luganda,,0.0,,pending_gpu,
mazima,mazima,,Unknown,amazima,Luganda,92.3076923076923,amazima,Luganda,,0.0,,pending_gpu,
mazima,mazima,,Unknown,amazima,Luganda,92.3076923076923,amazima,Luganda,,0.0,,pending_gpu,
mazima,mazima,,Unknown,amazima,Luganda,92.3076923076923,amazima,Luganda,,0.0,,pending_gpu,
mazima,mazima,,Unknown,amazima,Luganda,92.3076923076923,amazima,Luganda,,0.0,,pending_gpu,
mazima,mazima,,Unknown,amazima,Luganda,92.3076923076923,amazima,Luganda,,0.0,,pending_gpu,
mazima,mazima,,Unknown,amazima,Luganda,92.3076923076923,amazima,Luganda,,0.0,,pending_gpu,
mazima,mazima,,Unknown,amazima,Luganda,92.3076923076923,amazima,Luganda,,0.0,,pending_gpu,
mazima,mazima,,Unknown,amazima,Luganda,92.3076923076923,amazima,Luganda,,0.0,,pending_gpu,
mazima,mazima,,Unknown,amazima,Luganda,92.3076923076923,amazima,Luganda,,0.0,,pending_gpu,
mazima,mazima,,Unknown,amazima,Luganda,92.3076923076923,amazima,Luganda,,0.0,,pending_gpu,
mazima,mazima,,Unknown,amazima,Luganda,92.3076923076923,amazima,Luganda,,0.0,,pending_gpu,
mazima,mazima,,Unknown,amazima,Luganda,92.3076923076923,amazima,Luganda,,0.0,,pending_gpu,
mazima,mazima,,Unknown,amazima,Luganda,92.3076923076923,amazima,Luganda,,0.0,,pending_gpu,
mazima,mazima,,Unknown,amazima,Luganda,92.3076923076923,amazima,Luganda,,0.0,,pending_gpu,
mazima,mazima,,Unknown,amazima,Luganda,92.3076923076923,amazima,Luganda,,0.0,,pending_gpu,
mazima,mazima,,Unknown,amazima,Luganda,92.3076923076923,amazima,Luganda,,0.0,,pending_gpu,
mazima,mazima,,Unknown,amazima,Luganda,92.3076923076923,amazima,Luganda,,0.0,,pending_gpu,
mazima,mazima,,Unknown,amazima,Luganda,92.3076923076923,amazima,Luganda,,0.0,,pending_gpu,
mazima,mazima,,Unknown,amazima,Luganda,92.3076923076923,amazima,Luganda,,0.0,,pending_gpu,
mazima,mazima,,Unknown,amazima,Luganda,92.3076923076923,amazima,Luganda,,0.0,,pending_gpu,
mazima,mazima,,Unknown,amazima,Luganda,92.3076923076923,amazima,Luganda,,0.0,,pending_gpu,
mazima,mazima,,Unknown,amazima,Luganda,92.3076923076923,amazima,Luganda,,0.0,,pending_gpu,
mazima,mazima,,Unknown,amazima,Luganda,92.3076923076923,amazima,Luganda,,0.0,,pending_gpu,
mazima,mazima,,Unknown,amazima,Luganda,92.3076923076923,amazima,Luganda,,0.0,,pending_gpu,
mazima,mazima,,Unknown,amazima,Luganda,92.3076923076923,amazima,Luganda,,0.0,,pending_gpu,
mazima,mazima,,Unknown,amazima,Luganda,92.3076923076923,amazima,Luganda,,0.0,,pending_gpu,
mazima,mazima,,Unknown,amazima,Luganda,92.3076923076923,amazima,Luganda,,0.0,,pending_gpu,
mazima,mazima,,Unknown,amazima,Luganda,92.3076923076923,amazima,Luganda,,0.0,,pending_gpu,
mazima,mazima,,Unknown,amazima,Luganda,92.3076923076923,amazima,Luganda,,0.0,,pending_gpu,
mazima,mazima,,Unknown,amazima,Luganda,92.3076923076923,amazima,Luganda,,0.0,,pending_gpu,
mazima,mazima,,Unknown,amazima,Luganda,92.3076923076923,amazima,Luganda,,0.0,,pending_gpu,
mazima,mazima,,Unknown,amazima,Luganda,92.3076923076923,amazima,Luganda,,0.0,,pending_gpu,
mazima,mazima,,Unknown,amazima,Luganda,92.3076923076923,amazima,Luganda,,0.0,,pending_gpu,
mazima,mazima,,Unknown,amazima,Luganda,92.3076923076923,amazima,Luganda,,0.0,,pending_gpu,
mazima,mazima,,Unknown,amazima,Luganda,92.3076923076923,amazima,Luganda,,0.0,,pending_gpu,
omulungi,omulungi,omulungi,Luganda,,,0.0,omulungi,Luganda,,0.0,,pending_gpu,
wange,wange,wange,Luganda,,,0.0,wange,Luganda,,0.0,,pending_gpu,
maziiima,maziiima,,Unknown,amazima,Luganda,80.0,amazima,Luganda,,0.0,,pending_gpu,
maziiima,maziiima,,Unknown,amazima,Luganda,80.0,amazima,Luganda,,0.0,,pending_gpu,
maziiima,maziiima,,Unknown,amazima,Luganda,80.0,amazima,Luganda,,0.0,,pending_gpu,
maziiima,maziiima,,Unknown,amazima,Luganda,80.0,amazima,Luganda,,0.0,,pending_gpu,
maziiima,maziiima,,Unknown,amazima,Luganda,80.0,amazima,Luganda,,0.0,,pending_gpu,
maziiima,maziiima,,Unknown,amazima,Luganda,80.0,amazima,Luganda,,0.0,,pending_gpu,
maziiima,maziiima,,Unknown,amazima,Luganda,80.0,amazima,Luganda,,0.0,,pending_gpu,
maziiima,maziiima,,Unknown,amazima,Luganda,80.0,amazima,Luganda,,0.0,,pending_gpu,
maziiima,maziiima,,Unknown,amazima,Luganda,80.0,amazima,Luganda,,0.0,,pending_gpu,
maziiima,maziiima,,Unknown,amazima,Luganda,80.0,amazima,Luganda,,0.0,,pending_gpu,
maziiima,maziiima,,Unknown,amazima,Luganda,80.0,amazima,Luganda,,0.0,,pending_gpu,
maziiima,maziiima,,Unknown,amazima,Luganda,80.0,amazima,Luganda,,0.0,,pending_gpu,
mazima,mazima,,Unknown,amazima,Luganda,92.3076923076923,amazima,Luganda,,0.0,,pending_gpu,
mazima,mazima,,Unknown,amazima,Luganda,92.3076923076923,amazima,Luganda,,0.0,,pending_gpu,
mazima,mazima,,Unknown,amazima,Luganda,92.3076923076923,amazima,Luganda,,0.0,,pending_gpu,
mazima,mazima,,Unknown,amazima,Luganda,92.3076923076923,amazima,Luganda,,0.0,,pending_gpu,
mazima,mazima,,Unknown,amazima,Luganda,92.3076923076923,amazima,Luganda,,0.0,,pending_gpu,
mazima,mazima,,Unknown,amazima,Luganda,92.3076923076923,amazima,Luganda,,0.0,,pending_gpu,
mazima,mazima,,Unknown,amazima,Luganda,92.3076923076923,amazima,Luganda,,0.0,,pending_gpu,
mazima,mazima,,Unknown,amazima,Luganda,92.3076923076923,amazima,Luganda,,0.0,,pending_gpu,
mazima,mazima,,Unknown,amazima,Luganda,92.3076923076923,amazima,Luganda,,0.0,,pending_gpu,
mazima,mazima,,Unknown,amazima,Luganda,92.3076923076923,amazima,Luganda,,0.0,,pending_gpu,
mazima,mazima,,Unknown,amazima,Luganda,92.3076923076923,amazima,Luganda,,0.0,,pending_gpu,
mazima,mazima,,Unknown,amazima,Luganda,92.3076923076923,amazima,Luganda,,0.0,,pending_gpu,
mazima,mazima,,Unknown,amazima,Luganda,92.3076923076923,amazima,Luganda,,0.0,,pending_gpu,
mazima,mazima,,Unknown,amazima,Luganda,92.3076923076923,amazima,Luganda,,0.0,,pending_gpu,
mazima,mazima,,Unknown,amazima,Luganda,92.3076923076923,amazima,Luganda,,0.0,,pending_gpu,
kayina,kayina,kayina,Luganda,,,0.0,kayina,Luganda,,0.0,,pending_gpu,
mwana,mwana,mwana,Luganda,,,0.0,mwana,Luganda,,0.0,,pending_gpu,
omwana,omwana,omwana,Luganda,,,0.0,omwana,Luganda,,0.0,,pending_gpu,
oluyimba,oluyimba,oluyimba,Luganda,,,0.0,oluyimba,Luganda,,0.0,,pending_gpu,
lwange,lwange,,Unknown,wange,Luganda,90.9090909090909,wange,Luganda,,0.0,,pending_gpu,
maziima,maziima,,Unknown,amazima,Luganda,85.71428571428572,amazima,Luganda,,0.0,,pending_gpu,
wange,wange,wange,Luganda,,,0.0,wange,Luganda,,0.0,,pending_gpu,
luweero,luweero,,Unknown,fuluweero,Luganda,87.5,fuluweero,Luganda,,0.0,,pending_gpu,
oliyimba,oliyimba,,Unknown,oluyimba,Luganda,87.5,oluyimba,Luganda,,0.0,,pending_gpu,
lwange,lwange,,Unknown,wange,Luganda,90.9090909090909,wange,Luganda,,0.0,,pending_gpu,
mwana,mwana,mwana,Luganda,,,0.0,mwana,Luganda,,0.0,,pending_gpu,
nyo,nyo,,Unknown,nnyo,Luganda,85.71428571428572,nnyo,Luganda,,0.0,,pending_gpu,
mazima,mazima,,Unknown,amazima,Luganda,92.3076923076923,amazima,Luganda,,0.0,,pending_gpu,
mwana,mwana,mwana,Luganda,,,0.0,mwana,Luganda,,0.0,,pending_gpu,
mazima,mazima,,Unknown,amazima,Luganda,92.3076923076923,amazima,Luganda,,0.0,,pending_gpu,
wange,wange,wange,Luganda,,,0.0,wange,Luganda,,0.0,,pending_gpu,
omulungi,omulungi,omulungi,Luganda,,,0.0,omulungi,Luganda,,0.0,,pending_gpu,
mazima,mazima,,Unknown,amazima,Luganda,92.3076923076923,amazima,Luganda,,0.0,,pending_gpu,
mazima,mazima,,Unknown,amazima,Luganda,92.3076923076923,amazima,Luganda,,0.0,,pending_gpu,
mazima,mazima,,Unknown,amazima,Luganda,92.3076923076923,amazima,Luganda,,0.0,,pending_gpu,
wange,wange,wange,Luganda,,,0.0,wange,Luganda,,0.0,,pending_gpu,
mazimaa,mazimaa,,Unknown,amazima,Luganda,85.71428571428572,amazima,Luganda,,0.0,,pending_gpu,
mazima,mazima,,Unknown,amazima,Luganda,92.3076923076923,amazima,Luganda,,0.0,,pending_gpu,
mazima,mazima,,Unknown,amazima,Luganda,92.3076923076923,amazima,Luganda,,0.0,,pending_gpu,
Kamazima,kamazima,,Unknown,amazima,Luganda,93.33333333333333,amazima,Luganda,,0.0,,pending_gpu,
mazima,mazima,,Unknown,amazima,Luganda,92.3076923076923,amazima,Luganda,,0.0,,pending_gpu,
mazima,mazima,,Unknown,amazima,Luganda,92.3076923076923,amazima,Luganda,,0.0,,pending_gpu,
mazima,mazima,,Unknown,amazima,Luganda,92.3076923076923,amazima,Luganda,,0.0,,pending_gpu,
mazima,mazima,,Unknown,amazima,Luganda,92.3076923076923,amazima,Luganda,,0.0,,pending_gpu,
mazima,mazima,,Unknown,amazima,Luganda,92.3076923076923,amazima,Luganda,,0.0,,pending_gpu,
mazima,mazima,,Unknown,amazima,Luganda,92.3076923076923,amazima,Luganda,,0.0,,pending_gpu,
mazima,mazima,,Unknown,amazima,Luganda,92.3076923076923,amazima,Luganda,,0.0,,pending_gpu,
mazima,mazima,,Unknown,amazima,Luganda,92.3076923076923,amazima,Luganda,,0.0,,pending_gpu,
Mazima,mazima,,Unknown,amazima,Luganda,92.3076923076923,amazima,Luganda,,0.0,,pending_gpu,
mazima,mazima,,Unknown,amazima,Luganda,92.3076923076923,amazima,Luganda,,0.0,,pending_gpu,
Wano,wano,Wano,Luganda,,,0.0,Wano,Luganda,,0.0,,pending_gpu,
mazima,mazima,,Unknown,amazima,Luganda,92.3076923076923,amazima,Luganda,,0.0,,pending_gpu,
musajja,musajja,,Unknown,omusajja,Luganda,93.33333333333333,omusajja,Luganda,,0.0,,pending_gpu,
gwe,gwe,gwe,Luganda,,,0.0,gwe,Luganda,,0.0,,pending_gpu,
kwesiva,kwesiva,,Unknown,okwesiga,Luganda,80.0,okwesiga,Luganda,,0.0,,pending_gpu,
kubawo,kubawo,,Unknown,okubawo,Luganda,92.3076923076923,okubawo,Luganda,,0.0,,pending_gpu,
nnyo,nnyo,nnyo,Luganda,,,0.0,nnyo,Luganda,,0.0,,pending_gpu,
awo,awo,awo,Luganda,,,0.0,awo,Luganda,,0.0,,pending_gpu,
webale,webale,webale,Luganda,,,0.0,webale,Luganda,,0.0,,pending_gpu,
nyo,nyo,,Unknown,nnyo,Luganda,85.71428571428572,nnyo,Luganda,,0.0,,pending_gpu,
kutwagala,kutwagala,,Unknown,okutagala,Luganda,88.88888888888889,okutagala,Luganda,,0.0,,pending_gpu,
okitegera,okitegera,,Unknown,okutegera,Luganda,88.88888888888889,okutegera,Luganda,,0.0,,pending_gpu,
wange,wange,wange,Luganda,,,0.0,wange,Luganda,,0.0,,pending_gpu,
okyitegera,okyitegera,,Unknown,okutegera,Luganda,84.21052631578947,okutegera,Luganda,,0.0,,pending_gpu,
mazima,mazima,,Unknown,amazima,Luganda,92.3076923076923,amazima,Luganda,,0.0,,pending_gpu,
naye,naye,naye,Luganda,,,0.0,naye,Luganda,,0.0,,pending_gpu,
owa,owa,owa,Luganda,,,0.0,owa,Luganda,,0.0,,pending_gpu,
Mazima,mazima,,Unknown,amazima,Luganda,92.3076923076923,amazima,Luganda,,0.0,,pending_gpu,
kyekyo,kyekyo,,Unknown,ekyo,Luganda,80.0,ekyo,Luganda,,0.0,,pending_gpu,
okitegera,okitegera,,Unknown,okutegera,Luganda,88.88888888888889,okutegera,Luganda,,0.0,,pending_gpu,
Mazima,mazima,,Unknown,amazima,Luganda,92.3076923076923,amazima,Luganda,,0.0,,pending_gpu,
Mazima.,mazima.,,Unknown,amazima,Luganda,85.71428571428572,amazima,Luganda,,0.0,,pending_gpu,
mazima,mazima,,Unknown,amazima,Luganda,92.3076923076923,amazima,Luganda,,0.0,,pending_gpu,
kituufu,kituufu,kituufu,Luganda,,,0.0,kituufu,Luganda,,0.0,,pending_gpu,
mazima,mazima,,Unknown,amazima,Luganda,92.3076923076923,amazima,Luganda,,0.0,,pending_gpu,
mazima,mazima,,Unknown,amazima,Luganda,92.3076923076923,amazima,Luganda,,0.0,,pending_gpu,
manzima,manzima,,Unknown,amazima,Luganda,85.71428571428572,amazima,Luganda,,0.0,,pending_gpu,
mazimaa,mazimaa,,Unknown,amazima,Luganda,85.71428571428572,amazima,Luganda,,0.0,,pending_gpu,
Amazima,amazima,Amazima,Luganda,,,0.0,Amazima,Luganda,,0.0,,pending_gpu,
mazima,mazima,,Unknown,amazima,Luganda,92.3076923076923,amazima,Luganda,,0.0,,pending_gpu,
mazima,mazima,,Unknown,amazima,Luganda,92.3076923076923,amazima,Luganda,,0.0,,pending_gpu,
mazima,mazima,,Unknown,amazima,Luganda,92.3076923076923,amazima,Luganda,,0.0,,pending_gpu,
mazima,mazima,,Unknown,amazima,Luganda,92.3076923076923,amazima,Luganda,,0.0,,pending_gpu,
mazima,mazima,,Unknown,amazima,Luganda,92.3076923076923,amazima,Luganda,,0.0,,pending_gpu,
mazima,mazima,,Unknown,amazima,Luganda,92.3076923076923,amazima,Luganda,,0.0,,pending_gpu,
mazima,mazima,,Unknown,amazima,Luganda,92.3076923076923,amazima,Luganda,,0.0,,pending_gpu,
mazima,mazima,,Unknown,amazima,Luganda,92.3076923076923,amazima,Luganda,,0.0,,pending_gpu,
mazima,mazima,,Unknown,amazima,Luganda,92.3076923076923,amazima,Luganda,,0.0,,pending_gpu,
mazima,mazima,,Unknown,amazima,Luganda,92.3076923076923,amazima,Luganda,,0.0,,pending_gpu,
mazima,mazima,,Unknown,amazima,Luganda,92.3076923076923,amazima,Luganda,,0.0,,pending_gpu,
mazima,mazima,,Unknown,amazima,Luganda,92.3076923076923,amazima,Luganda,,0.0,,pending_gpu,
mazima,mazima,,Unknown,amazima,Luganda,92.3076923076923,amazima,Luganda,,0.0,,pending_gpu,
mazima,mazima,,Unknown,amazima,Luganda,92.3076923076923,amazima,Luganda,,0.0,,pending_gpu,
mazima,mazima,,Unknown,amazima,Luganda,92.3076923076923,amazima,Luganda,,0.0,,pending_gpu,
Mazima,mazima,,Unknown,amazima,Luganda,92.3076923076923,amazima,Luganda,,0.0,,pending_gpu,
mazima,mazima,,Unknown,amazima,Luganda,92.3076923076923,amazima,Luganda,,0.0,,pending_gpu,
Mazima,mazima,,Unknown,amazima,Luganda,92.3076923076923,amazima,Luganda,,0.0,,pending_gpu,
mazima,mazima,,Unknown,amazima,Luganda,92.3076923076923,amazima,Luganda,,0.0,,pending_gpu,
mwana,mwana,mwana,Luganda,,,0.0,mwana,Luganda,,0.0,,pending_gpu,
abakazi,abakazi,,Unknown,akakazi,Luganda,85.71428571428572,akakazi,Luganda,,0.0,,pending_gpu,
owa,owa,owa,Luganda,,,0.0,owa,Luganda,,0.0,,pending_gpu,
naye,naye,naye,Luganda,,,0.0,naye,Luganda,,0.0,,pending_gpu,
Yuma,yuma,,Unknown,kyuma,Luganda,88.88888888888889,kyuma,Luganda,,0.0,,pending_gpu,
kumwana,kumwana,,Unknown,kulwana,Luganda,85.71428571428572,kulwana,Luganda,,0.0,,pending_gpu,
olabika,olabika,,Unknown,okulabika,Luganda,87.5,okulabika,Luganda,,0.0,,pending_gpu,
mwana,mwana,mwana,Luganda,,,0.0,mwana,Luganda,,0.0,,pending_gpu,
kitufu,kitufu,,Unknown,ekitufu,Luganda,92.3076923076923,ekitufu,Luganda,,0.0,,pending_gpu,
ekunoonya..,ekunoonya..,,Unknown,okunoonya,Luganda,80.0,okunoonya,Luganda,,0.0,,pending_gpu,
enjala,enjala,enjala,Luganda,,,0.0,enjala,Luganda,,0.0,,pending_gpu,
Naye,naye,Naye,Luganda,,,0.0,Naye,Luganda,,0.0,,pending_gpu,
maama,maama,maama,Luganda,,,0.0,maama,Luganda,,0.0,,pending_gpu,
kisenyi,kisenyi,,Unknown,ekisanyi,Luganda,80.0,ekisanyi,Luganda,,0.0,,pending_gpu,
abasajja,abasajja,,Unknown,basajja,Luganda,93.33333333333333,basajja,Luganda,,0.0,,pending_gpu,
enanansi,enanansi,,Unknown,enanaansi,Luganda,94.11764705882352,enanaansi,Luganda,,0.0,,pending_gpu,
ku,ku,ku,Luganda,,,0.0,ku,Luganda,,0.0,,pending_gpu,
Jjaajja,jjaajja,,Unknown,jjajja,Luganda,92.3076923076923,jjajja,Luganda,,0.0,,pending_gpu,
naye,naye,naye,Luganda,,,0.0,naye,Luganda,,0.0,,pending_gpu,
sente,sente,sente,Luganda,,,0.0,sente,Luganda,,0.0,,pending_gpu,
luganda,luganda,,Unknown,oluganda,Luganda,93.33333333333333,oluganda,Luganda,,0.0,,pending_gpu,
ngali,ngali,,Unknown,ngaali,Luganda,90.9090909090909,ngaali,Luganda,,0.0,,pending_gpu,
Ku,ku,Ku,Luganda,,,0.0,Ku,Luganda,,0.0,,pending_gpu,
nti,nti,nti,Luganda,,,0.0,nti,Luganda,,0.0,,pending_gpu,
ekisera,ekisera,,Unknown,ekiseera,Luganda,93.33333333333333,ekiseera,Luganda,,0.0,,pending_gpu,
naye,naye,naye,Luganda,,,0.0,naye,Luganda,,0.0,,pending_gpu,
muganda,muganda,muganda,Luganda,,,0.0,muganda,Luganda,,0.0,,pending_gpu,
wange,wange,wange,Luganda,,,0.0,wange,Luganda,,0.0,,pending_gpu,
oyimba,oyimba,,Unknown,oluyimba,Luganda,85.71428571428572,oluyimba,Luganda,,0.0,,pending_gpu,
bulungi,bulungi,bulungi,Luganda,,,0.0,bulungi,Luganda,,0.0,,pending_gpu,
naye,naye,naye,Luganda,,,0.0,naye,Luganda,,0.0,,pending_gpu,
naye,naye,naye,Luganda,,,0.0,naye,Luganda,,0.0,,pending_gpu,
Mukama,mukama,Mukama,Luganda,,,0.0,Mukama,Luganda,,0.0,,pending_gpu,
Mazima,mazima,,Unknown,amazima,Luganda,92.3076923076923,amazima,Luganda,,0.0,,pending_gpu,
naye,naye,naye,Luganda,,,0.0,naye,Luganda,,0.0,,pending_gpu,
ogusaja,ogusaja,,Unknown,omusajja,Luganda,80.0,omusajja,Luganda,,0.0,,pending_gpu,
nenfaaa,nenfaaa,,Unknown,enfaana,Luganda,85.71428571428572,enfaana,Luganda,,0.0,,pending_gpu,
yomukazi,yomukazi,,Unknown,omukazi,Luganda,93.33333333333333,omukazi,Luganda,,0.0,,pending_gpu,
Omwana,omwana,Omwana,Luganda,,,0.0,Omwana,Luganda,,0.0,,pending_gpu,
Omwana,omwana,Omwana,Luganda,,,0.0,Omwana,Luganda,,0.0,,pending_gpu,
Luzzi,luzzi,,Unknown,oluzzi,Luganda,90.9090909090909,oluzzi,Luganda,,0.0,,pending_gpu,
Gulu,gulu,Gulu,Luganda,,,0.0,Gulu,Luganda,,0.0,,pending_gpu,
naye,naye,naye,Luganda,,,0.0,naye,Luganda,,0.0,,pending_gpu,
oluvanyuma,oluvanyuma,oluvanyuma,Luganda,,,0.0,oluvanyuma,Luganda,,0.0,,pending_gpu,
mazimaa,mazimaa,,Unknown,amazima,Luganda,85.71428571428572,amazima,Luganda,,0.0,,pending_gpu,
musiru,musiru,musiru,Luganda,,,0.0,musiru,Luganda,,0.0,,pending_gpu,
gwe,gwe,gwe,Luganda,,,0.0,gwe,Luganda,,0.0,,pending_gpu,
naye,naye,naye,Luganda,,,0.0,naye,Luganda,,0.0,,pending_gpu,
bulungi,bulungi,bulungi,Luganda,,,0.0,bulungi,Luganda,,0.0,,pending_gpu,
onyumira,onyumira,,Unknown,okunyumirwa,Luganda,84.21052631578947,okunyumirwa,Luganda,,0.0,,pending_gpu,
mazima,mazima,,Unknown,amazima,Luganda,92.3076923076923,amazima,Luganda,,0.0,,pending_gpu,
Mazima,mazima,,Unknown,amazima,Luganda,92.3076923076923,amazima,Luganda,,0.0,,pending_gpu,
kwesiva,kwesiva,,Unknown,okwesiga,Luganda,80.0,okwesiga,Luganda,,0.0,,pending_gpu,
Mazima,mazima,,Unknown,amazima,Luganda,92.3076923076923,amazima,Luganda,,0.0,,pending_gpu,
mazima,mazima,,Unknown,amazima,Luganda,92.3076923076923,amazima,Luganda,,0.0,,pending_gpu,
mazima,mazima,,Unknown,amazima,Luganda,92.3076923076923,amazima,Luganda,,0.0,,pending_gpu,
mazima,mazima,,Unknown,amazima,Luganda,92.3076923076923,amazima,Luganda,,0.0,,pending_gpu,
naye,naye,naye,Luganda,,,0.0,naye,Luganda,,0.0,,pending_gpu,
mazima,mazima,,Unknown,amazima,Luganda,92.3076923076923,amazima,Luganda,,0.0,,pending_gpu,
naye,naye,naye,Luganda,,,0.0,naye,Luganda,,0.0,,pending_gpu,
mwana,mwana,mwana,Luganda,,,0.0,mwana,Luganda,,0.0,,pending_gpu,
okolera,okolera,,Unknown,okuwolera,Luganda,87.5,okuwolera,Luganda,,0.0,,pending_gpu,
olunaku,olunaku,olunaku,Luganda,,,0.0,olunaku,Luganda,,0.0,,pending_gpu,
wange,wange,wange,Luganda,,,0.0,wange,Luganda,,0.0,,pending_gpu,
nayeee,nayeee,,Unknown,naye,Luganda,80.0,naye,Luganda,,0.0,,pending_gpu,
ku,ku,ku,Luganda,,,0.0,ku,Luganda,,0.0,,pending_gpu,
eyo,eyo,eyo,Luganda,,,0.0,eyo,Luganda,,0.0,,pending_gpu,
naye,naye,naye,Luganda,,,0.0,naye,Luganda,,0.0,,pending_gpu,
kalungi,kalungi,,Unknown,kilungi,Luganda,85.71428571428572,kilungi,Luganda,,0.0,,pending_gpu,
oba,oba,oba,Luganda,,,0.0,oba,Luganda,,0.0,,pending_gpu,
mazima,mazima,,Unknown,amazima,Luganda,92.3076923076923,amazima,Luganda,,0.0,,pending_gpu,
naye,naye,naye,Luganda,,,0.0,naye,Luganda,,0.0,,pending_gpu,
kojja,kojja,kojja,Luganda,,,0.0,kojja,Luganda,,0.0,,pending_gpu,
mazima,mazima,,Unknown,amazima,Luganda,92.3076923076923,amazima,Luganda,,0.0,,pending_gpu,
Nsumba,nsumba,,Unknown,ensuma,Luganda,83.33333333333334,ensuma,Luganda,,0.0,,pending_gpu,
kalanzi,kalanzi,,Unknown,kalaani,Luganda,85.71428571428572,kalaani,Luganda,,0.0,,pending_gpu,
nsumba,nsumba,,Unknown,ensuma,Luganda,83.33333333333334,ensuma,Luganda,,0.0,,pending_gpu,
kalanzi,kalanzi,,Unknown,kalaani,Luganda,85.71428571428572,kalaani,Luganda,,0.0,,pending_gpu,
matovu,matovu,,Unknown,matu,Luganda,80.0,matu,Luganda,,0.0,,pending_gpu,
buddu,buddu,,Unknown,obuddu,Luganda,90.9090909090909,obuddu,Luganda,,0.0,,pending_gpu,
wamanyi,wamanyi,,Unknown,amanyi,Luganda,92.3076923076923,amanyi,Luganda,,0.0,,pending_gpu,
nti,nti,nti,Luganda,,,0.0,nti,Luganda,,0.0,,pending_gpu,
ku,ku,ku,Luganda,,,0.0,ku,Luganda,,0.0,,pending_gpu,
Kalanzi,kalanzi,,Unknown,kalaani,Luganda,85.71428571428572,kalaani,Luganda,,0.0,,pending_gpu,
Akabbozi,akabbozi,,Unknown,akayozi,Luganda,80.0,akayozi,Luganda,,0.0,,pending_gpu,
nedda,nedda,nedda,Luganda,,,0.0,nedda,Luganda,,0.0,,pending_gpu,
sebbo,sebbo,,Unknown,ssebo,Luganda,80.0,ssebo,Luganda,,0.0,,pending_gpu,
oyo,oyo,oyo,Luganda,,,0.0,oyo,Luganda,,0.0,,pending_gpu,
nsumba,nsumba,,Unknown,ensuma,Luganda,83.33333333333334,ensuma,Luganda,,0.0,,pending_gpu,
kwesiva,kwesiva,,Unknown,okwesiga,Luganda,80.0,okwesiga,Luganda,,0.0,,pending_gpu,
ejja,ejja,,Unknown,lejja,Luganda,88.88888888888889,lejja,Luganda,,0.0,,pending_gpu,
ku,ku,ku,Luganda,,,0.0,ku,Luganda,,0.0,,pending_gpu,
kalanzi,kalanzi,,Unknown,kalaani,Luganda,85.71428571428572,kalaani,Luganda,,0.0,,pending_gpu,
kwesiva,kwesiva,,Unknown,okwesiga,Luganda,80.0,okwesiga,Luganda,,0.0,,pending_gpu,
omusipana,omusipana,,Unknown,omusana,Luganda,87.5,omusana,Luganda,,0.0,,pending_gpu,
kalanzi,kalanzi,,Unknown,kalaani,Luganda,85.71428571428572,kalaani,Luganda,,0.0,,pending_gpu,
nsumba,nsumba,,Unknown,ensuma,Luganda,83.33333333333334,ensuma,Luganda,,0.0,,pending_gpu,
Kalanzi,kalanzi,,Unknown,kalaani,Luganda,85.71428571428572,kalaani,Luganda,,0.0,,pending_gpu,
Akaboozi,akaboozi,,Unknown,akajjoozi,Luganda,82.35294117647058,akajjoozi,Luganda,,0.0,,pending_gpu,
Masanyalaze,masanyalaze,,Unknown,amasanyalaze,Luganda,95.65217391304348,amasanyalaze,Luganda,,0.0,,pending_gpu,
"luganda,","luganda,",,Unknown,oluganda,Luganda,87.5,oluganda,Luganda,,0.0,,pending_gpu,
Ssbo,ssbo,,Unknown,ssebo,Luganda,88.88888888888889,ssebo,Luganda,,0.0,,pending_gpu,
Ssebo,ssebo,Ssebo,Luganda,,,0.0,Ssebo,Luganda,,0.0,,pending_gpu,
Kalanzi,kalanzi,,Unknown,kalaani,Luganda,85.71428571428572,kalaani,Luganda,,0.0,,pending_gpu,
Matovu,matovu,,Unknown,matu,Luganda,80.0,matu,Luganda,,0.0,,pending_gpu,
buddu,buddu,,Unknown,obuddu,Luganda,90.9090909090909,obuddu,Luganda,,0.0,,pending_gpu,
omutabizi,omutabizi,,Unknown,omulabirizi,Luganda,80.0,omulabirizi,Luganda,,0.0,,pending_gpu,
kalanzi,kalanzi,,Unknown,kalaani,Luganda,85.71428571428572,kalaani,Luganda,,0.0,,pending_gpu,
kiibi,kiibi,,Unknown,kibi,Luganda,88.88888888888889,kibi,Luganda,,0.0,,pending_gpu,
dakiika,dakiika,,Unknown,eddakiika,Luganda,87.5,eddakiika,Luganda,,0.0,,pending_gpu,
masanyalaze,masanyalaze,,Unknown,amasanyalaze,Luganda,95.65217391304348,amasanyalaze,Luganda,,0.0,,pending_gpu,
Kalanzi,kalanzi,,Unknown,kalaani,Luganda,85.71428571428572,kalaani,Luganda,,0.0,,pending_gpu,
omusipana,omusipana,,Unknown,omusana,Luganda,87.5,omusana,Luganda,,0.0,,pending_gpu,
Kalanzi,kalanzi,,Unknown,kalaani,Luganda,85.71428571428572,kalaani,Luganda,,0.0,,pending_gpu,
nsumba,nsumba,,Unknown,ensuma,Luganda,83.33333333333334,ensuma,Luganda,,0.0,,pending_gpu,
emandduso,emandduso,,Unknown,emanduso,Luganda,94.11764705882352,emanduso,Luganda,,0.0,,pending_gpu,
ku,ku,ku,Luganda,,,0.0,ku,Luganda,,0.0,,pending_gpu,
ku,ku,ku,Luganda,,,0.0,ku,Luganda,,0.0,,pending_gpu,
Kabaka,kabaka,Kabaka,Luganda,,,0.0,Kabaka,Luganda,,0.0,,pending_gpu,
kalanzi,kalanzi,,Unknown,kalaani,Luganda,85.71428571428572,kalaani,Luganda,,0.0,,pending_gpu,
abasajja,abasajja,,Unknown,basajja,Luganda,93.33333333333333,basajja,Luganda,,0.0,,pending_gpu,
ku,ku,ku,Luganda,,,0.0,ku,Luganda,,0.0,,pending_gpu,
buddu,buddu,,Unknown,obuddu,Luganda,90.9090909090909,obuddu,Luganda,,0.0,,pending_gpu,
ku,ku,ku,Luganda,,,0.0,ku,Luganda,,0.0,,pending_gpu,
Oli,oli,Oli,Luganda,,,0.0,Oli,Luganda,,0.0,,pending_gpu,
mulwadde,mulwadde,,Unknown,omulwadde,Luganda,94.11764705882352,omulwadde,Luganda,,0.0,,pending_gpu,
mugwano,mugwano,,Unknown,omukwano,Luganda,80.0,omukwano,Luganda,,0.0,,pending_gpu,
bugrere,bugrere,,Unknown,oburere,Luganda,85.71428571428572,oburere,Luganda,,0.0,,pending_gpu,
Akaawooma,akaawooma,,Unknown,akaama,Luganda,80.0,akaama,Luganda,,0.0,,pending_gpu,
kimere,kimere,,Unknown,kimera,Luganda,83.33333333333334,kimera,Luganda,,0.0,,pending_gpu,
Ssbo,ssbo,,Unknown,ssebo,Luganda,88.88888888888889,ssebo,Luganda,,0.0,,pending_gpu,
Ssebo,ssebo,Ssebo,Luganda,,,0.0,Ssebo,Luganda,,0.0,,pending_gpu,
Kalanzi,kalanzi,,Unknown,kalaani,Luganda,85.71428571428572,kalaani,Luganda,,0.0,,pending_gpu,
ku,ku,ku,Luganda,,,0.0,ku,Luganda,,0.0,,pending_gpu,
ku,ku,ku,Luganda,,,0.0,ku,Luganda,,0.0,,pending_gpu,
nedda,nedda,nedda,Luganda,,,0.0,nedda,Luganda,,0.0,,pending_gpu,
sebo,sebo,,Unknown,ssebo,Luganda,88.88888888888889,ssebo,Luganda,,0.0,,pending_gpu,
kimere,kimere,,Unknown,kimera,Luganda,83.33333333333334,kimera,Luganda,,0.0,,pending_gpu,
kalanzi,kalanzi,,Unknown,kalaani,Luganda,85.71428571428572,kalaani,Luganda,,0.0,,pending_gpu,
kyambadde,kyambadde,,Unknown,ekyambadde,Luganda,94.73684210526316,ekyambadde,Luganda,,0.0,,pending_gpu,
omutabizi,omutabizi,,Unknown,omulabirizi,Luganda,80.0,omulabirizi,Luganda,,0.0,,pending_gpu,
kimera,kimera,kimera,Luganda,,,0.0,kimera,Luganda,,0.0,,pending_gpu,
kalanzi,kalanzi,,Unknown,kalaani,Luganda,85.71428571428572,kalaani,Luganda,,0.0,,pending_gpu,
masanyalaze,masanyalaze,,Unknown,amasanyalaze,Luganda,95.65217391304348,amasanyalaze,Luganda,,0.0,,pending_gpu,
kyambadde,kyambadde,,Unknown,ekyambadde,Luganda,94.73684210526316,ekyambadde,Luganda,,0.0,,pending_gpu,
nsumba,nsumba,,Unknown,ensuma,Luganda,83.33333333333334,ensuma,Luganda,,0.0,,pending_gpu,
nsumba,nsumba,,Unknown,ensuma,Luganda,83.33333333333334,ensuma,Luganda,,0.0,,pending_gpu,
"masanyala,e","masanyala,e",,Unknown,amasanyalaze,Luganda,86.95652173913044,amasanyalaze,Luganda,,0.0,,pending_gpu,
ndala,ndala,,Unknown,endala,Luganda,90.9090909090909,endala,Luganda,,0.0,,pending_gpu,
Ddungu,ddungu,,Unknown,eddungu,Luganda,92.3076923076923,eddungu,Luganda,,0.0,,pending_gpu,
ku,ku,ku,Luganda,,,0.0,ku,Luganda,,0.0,,pending_gpu,
mukulu,mukulu,,Unknown,omukulu,Luganda,92.3076923076923,omukulu,Luganda,,0.0,,pending_gpu,
birimunda,birimunda,,Unknown,ekirimunda,Luganda,84.21052631578947,ekirimunda,Luganda,,0.0,,pending_gpu,
Naye,naye,Naye,Luganda,,,0.0,Naye,Luganda,,0.0,,pending_gpu,
ku,ku,ku,Luganda,,,0.0,ku,Luganda,,0.0,,pending_gpu,
masanyalaze,masanyalaze,,Unknown,amasanyalaze,Luganda,95.65217391304348,amasanyalaze,Luganda,,0.0,,pending_gpu,
ku,ku,ku,Luganda,,,0.0,ku,Luganda,,0.0,,pending_gpu,
omupira,omupira,,Unknown,omupiira,Luganda,93.33333333333333,omupiira,Luganda,,0.0,,pending_gpu,
katimba.,katimba.,,Unknown,akatimba,Luganda,87.5,akatimba,Luganda,,0.0,,pending_gpu,
Nsumba,nsumba,,Unknown,ensuma,Luganda,83.33333333333334,ensuma,Luganda,,0.0,,pending_gpu,
oyo,oyo,oyo,Luganda,,,0.0,oyo,Luganda,,0.0,,pending_gpu,
@Ddungu,@ddungu,,Unknown,eddungu,Luganda,85.71428571428572,eddungu,Luganda,,0.0,,pending_gpu,
Myke,myke,,Unknown,mye,Luganda,85.71428571428572,mye,Luganda,,0.0,,pending_gpu,
Masanyalaze,masanyalaze,,Unknown,amasanyalaze,Luganda,95.65217391304348,amasanyalaze,Luganda,,0.0,,pending_gpu,
Nsumba,nsumba,,Unknown,ensuma,Luganda,83.33333333333334,ensuma,Luganda,,0.0,,pending_gpu,
Nsumba,nsumba,,Unknown,ensuma,Luganda,83.33333333333334,ensuma,Luganda,,0.0,,pending_gpu,
Nsumba,nsumba,,Unknown,ensuma,Luganda,83.33333333333334,ensuma,Luganda,,0.0,,pending_gpu,
@omusipana,@omusipana,,Unknown,omusana,Luganda,82.35294117647058,omusana,Luganda,,0.0,,pending_gpu,
mulalamu,mulalamu,,Unknown,omulalu,Luganda,80.0,omulalu,Luganda,,0.0,,pending_gpu,
ku,ku,ku,Luganda,,,0.0,ku,Luganda,,0.0,,pending_gpu,
Owa,owa,Owa,Luganda,,,0.0,Owa,Luganda,,0.0,,pending_gpu,
Masanyalaze,masanyalaze,,Unknown,amasanyalaze,Luganda,95.65217391304348,amasanyalaze,Luganda,,0.0,,pending_gpu,
Kabaka,kabaka,Kabaka,Luganda,,,0.0,Kabaka,Luganda,,0.0,,pending_gpu,
Ddungu,ddungu,,Unknown,eddungu,Luganda,92.3076923076923,eddungu,Luganda,,0.0,,pending_gpu,
luganda,luganda,,Unknown,oluganda,Luganda,93.33333333333333,oluganda,Luganda,,0.0,,pending_gpu,
muko,muko,,Unknown,omuko,Luganda,88.88888888888889,omuko,Luganda,,0.0,,pending_gpu,
mazima,mazima,,Unknown,amazima,Luganda,92.3076923076923,amazima,Luganda,,0.0,,pending_gpu,
mazima,mazima,,Unknown,amazima,Luganda,92.3076923076923,amazima,Luganda,,0.0,,pending_gpu,
wange,wange,wange,Luganda,,,0.0,wange,Luganda,,0.0,,pending_gpu,
mazima,mazima,,Unknown,amazima,Luganda,92.3076923076923,amazima,Luganda,,0.0,,pending_gpu,
mukwano,mukwano,,Unknown,omukwano,Luganda,93.33333333333333,omukwano,Luganda,,0.0,,pending_gpu,
wano,wano,wano,Luganda,,,0.0,wano,Luganda,,0.0,,pending_gpu,
mazima,mazima,,Unknown,amazima,Luganda,92.3076923076923,amazima,Luganda,,0.0,,pending_gpu,
naye,naye,naye,Luganda,,,0.0,naye,Luganda,,0.0,,pending_gpu,
naye,naye,naye,Luganda,,,0.0,naye,Luganda,,0.0,,pending_gpu,
wano,wano,wano,Luganda,,,0.0,wano,Luganda,,0.0,,pending_gpu,
wange,wange,wange,Luganda,,,0.0,wange,Luganda,,0.0,,pending_gpu,
sambula,sambula,,Unknown,kasambula,Luganda,87.5,kasambula,Luganda,,0.0,,pending_gpu,
Mazima,mazima,,Unknown,amazima,Luganda,92.3076923076923,amazima,Luganda,,0.0,,pending_gpu,
jjaja,jjaja,,Unknown,jjajja,Luganda,90.9090909090909,jjajja,Luganda,,0.0,,pending_gpu,
ekitiibya,ekitiibya,,Unknown,ekitiibwa,Luganda,88.88888888888889,ekitiibwa,Luganda,,0.0,,pending_gpu,
Dhakaba,dhakaba,,Unknown,akaba,Luganda,83.33333333333334,akaba,Luganda,,0.0,,pending_gpu,
oyo,oyo,oyo,Luganda,,,0.0,oyo,Luganda,,0.0,,pending_gpu,
musiru,musiru,musiru,Luganda,,,0.0,musiru,Luganda,,0.0,,pending_gpu,
nyo,nyo,,Unknown,nnyo,Luganda,85.71428571428572,nnyo,Luganda,,0.0,,pending_gpu,
nga,nga,nga,Luganda,,,0.0,nga,Luganda,,0.0,,pending_gpu,
ku,ku,ku,Luganda,,,0.0,ku,Luganda,,0.0,,pending_gpu,
kapiira,kapiira,,Unknown,akapiira,Luganda,93.33333333333333,akapiira,Luganda,,0.0,,pending_gpu,
kutuuka,kutuuka,,Unknown,okutuuka,Luganda,93.33333333333333,okutuuka,Luganda,,0.0,,pending_gpu,
oba,oba,oba,Luganda,,,0.0,oba,Luganda,,0.0,,pending_gpu,
kumuluka,kumuluka,,Unknown,okululuka,Luganda,82.35294117647058,okululuka,Luganda,,0.0,,pending_gpu,
naye,naye,naye,Luganda,,,0.0,naye,Luganda,,0.0,,pending_gpu,
akategera,akategera,,Unknown,atategeera,Luganda,84.21052631578947,atategeera,Luganda,,0.0,,pending_gpu,
enyo,enyo,enyo,Luganda,,,0.0,enyo,Luganda,,0.0,,pending_gpu,
ogenda,ogenda,,Unknown,okugenda,Luganda,85.71428571428572,okugenda,Luganda,,0.0,,pending_gpu,
oli,oli,oli,Luganda,,,0.0,oli,Luganda,,0.0,,pending_gpu,
nga,nga,nga,Luganda,,,0.0,nga,Luganda,,0.0,,pending_gpu,
takubila,takubila,,Unknown,kubila,Luganda,85.71428571428572,kubila,Luganda,,0.0,,pending_gpu,
naye,naye,naye,Luganda,,,0.0,naye,Luganda,,0.0,,pending_gpu,
nga,nga,nga,Luganda,,,0.0,nga,Luganda,,0.0,,pending_gpu,
omussambi,omussambi,,Unknown,omuyambi,Luganda,82.35294117647058,omuyambi,Luganda,,0.0,,pending_gpu,
wano,wano,wano,Luganda,,,0.0,wano,Luganda,,0.0,,pending_gpu,
Oyo,oyo,Oyo,Luganda,,,0.0,Oyo,Luganda,,0.0,,pending_gpu,
nsaasira,nsaasira,,Unknown,ensaasi,Luganda,80.0,ensaasi,Luganda,,0.0,,pending_gpu,
abamuwuliliza,abamuwuliliza,,Unknown,abawuliriza,Luganda,83.33333333333334,abawuliriza,Luganda,,0.0,,pending_gpu,
omwo,omwo,,Unknown,omweso,Luganda,80.0,omweso,Luganda,,0.0,,pending_gpu,
nze,nze,nze,Luganda,,,0.0,nze,Luganda,,0.0,,pending_gpu,
awo,awo,awo,Luganda,,,0.0,awo,Luganda,,0.0,,pending_gpu,
ku,ku,ku,Luganda,,,0.0,ku,Luganda,,0.0,,pending_gpu,
mazima,mazima,,Unknown,amazima,Luganda,92.3076923076923,amazima,Luganda,,0.0,,pending_gpu,
Lwaki,lwaki,,Unknown,lwaaki,Luganda,90.9090909090909,lwaaki,Luganda,,0.0,,pending_gpu,
Nze,nze,Nze,Luganda,,,0.0,Nze,Luganda,,0.0,,pending_gpu,
nga,nga,nga,Luganda,,,0.0,nga,Luganda,,0.0,,pending_gpu,
Ssemboga,ssemboga,,Unknown,emboga,Luganda,85.71428571428572,emboga,Luganda,,0.0,,pending_gpu,
Ssentamu,ssentamu,,Unknown,entamu,Luganda,85.71428571428572,entamu,Luganda,,0.0,,pending_gpu,
Obulamu,obulamu,Obulamu,Luganda,,,0.0,Obulamu,Luganda,,0.0,,pending_gpu,
kiiro,kiiro,,Unknown,ekiro,Luganda,80.0,ekiro,Luganda,,0.0,,pending_gpu,
kisumuluzo,kisumuluzo,,Unknown,ekisumuluzo,Luganda,95.23809523809523,ekisumuluzo,Luganda,,0.0,,pending_gpu,
muko,muko,,Unknown,omuko,Luganda,88.88888888888889,omuko,Luganda,,0.0,,pending_gpu,
muko,muko,,Unknown,omuko,Luganda,88.88888888888889,omuko,Luganda,,0.0,,pending_gpu,
Taata,taata,Taata,Luganda,,,0.0,Taata,Luganda,,0.0,,pending_gpu,
webale,webale,webale,Luganda,,,0.0,webale,Luganda,,0.0,,pending_gpu,
taata,taata,taata,Luganda,,,0.0,taata,Luganda,,0.0,,pending_gpu,
tukwebaza,tukwebaza,,Unknown,okwebaza,Luganda,82.35294117647058,okwebaza,Luganda,,0.0,,pending_gpu,
okuba,okuba,okuba,Luganda,,,0.0,okuba,Luganda,,0.0,,pending_gpu,
manzima,manzima,,Unknown,amazima,Luganda,85.71428571428572,amazima,Luganda,,0.0,,pending_gpu,
mukama,mukama,mukama,Luganda,,,0.0,mukama,Luganda,,0.0,,pending_gpu,
kuuma,kuuma,kuuma,Luganda,,,0.0,kuuma,Luganda,,0.0,,pending_gpu,
taata,taata,taata,Luganda,,,0.0,taata,Luganda,,0.0,,pending_gpu,
mukama,mukama,mukama,Luganda,,,0.0,mukama,Luganda,,0.0,,pending_gpu,
kuuma,kuuma,kuuma,Luganda,,,0.0,kuuma,Luganda,,0.0,,pending_gpu,
taata,taata,taata,Luganda,,,0.0,taata,Luganda,,0.0,,pending_gpu,
wano,wano,wano,Luganda,,,0.0,wano,Luganda,,0.0,,pending_gpu,
wannge,wannge,,Unknown,wange,Luganda,90.9090909090909,wange,Luganda,,0.0,,pending_gpu,
ffe,ffe,ffe,Luganda,,,0.0,ffe,Luganda,,0.0,,pending_gpu,
nokuziimba,nokuziimba,,Unknown,okuzimba,Luganda,88.88888888888889,okuzimba,Luganda,,0.0,,pending_gpu,
okwekuba,okwekuba,,Unknown,okwewuba,Luganda,87.5,okwewuba,Luganda,,0.0,,pending_gpu,
engaloo,engaloo,,Unknown,engalo,Luganda,92.3076923076923,engalo,Luganda,,0.0,,pending_gpu,
:wano,:wano,,Unknown,wano,Luganda,88.88888888888889,wano,Luganda,,0.0,,pending_gpu,
wannge,wannge,,Unknown,wange,Luganda,90.9090909090909,wange,Luganda,,0.0,,pending_gpu,
nga,nga,nga,Luganda,,,0.0,nga,Luganda,,0.0,,pending_gpu,
Maama,maama,Maama,Luganda,,,0.0,Maama,Luganda,,0.0,,pending_gpu,
taata,taata,taata,Luganda,,,0.0,taata,Luganda,,0.0,,pending_gpu,
omuyimbi,omuyimbi,omuyimbi,Luganda,,,0.0,omuyimbi,Luganda,,0.0,,pending_gpu,
wange,wange,wange,Luganda,,,0.0,wange,Luganda,,0.0,,pending_gpu,
kapiripiti,kapiripiti,,Unknown,akabiriiti,Luganda,80.0,akabiriiti,Luganda,,0.0,,pending_gpu,
ku,ku,ku,Luganda,,,0.0,ku,Luganda,,0.0,,pending_gpu,
sente,sente,sente,Luganda,,,0.0,sente,Luganda,,0.0,,pending_gpu,
mazima,mazima,,Unknown,amazima,Luganda,92.3076923076923,amazima,Luganda,,0.0,,pending_gpu,
mwana,mwana,mwana,Luganda,,,0.0,mwana,Luganda,,0.0,,pending_gpu,
nkunonya,nkunonya,,Unknown,okunoonya,Luganda,82.35294117647058,okunoonya,Luganda,,0.0,,pending_gpu,
yange,yange,,Unknown,gyange,Luganda,90.9090909090909,gyange,Luganda,,0.0,,pending_gpu,
nze,nze,nze,Luganda,,,0.0,nze,Luganda,,0.0,,pending_gpu,
nkugwa,nkugwa,,Unknown,kugwa,Luganda,90.9090909090909,kugwa,Luganda,,0.0,,pending_gpu,
naye,naye,naye,Luganda,,,0.0,naye,Luganda,,0.0,,pending_gpu,
Kati,kati,Kati,Luganda,,,0.0,Kati,Luganda,,0.0,,pending_gpu,
Nkola,nkola,,Unknown,enkola,Luganda,90.9090909090909,enkola,Luganda,,0.0,,pending_gpu,
Ku,ku,Ku,Luganda,,,0.0,Ku,Luganda,,0.0,,pending_gpu,
omupiira,omupiira,omupiira,Luganda,,,0.0,omupiira,Luganda,,0.0,,pending_gpu,
bonna,bonna,bonna,Luganda,,,0.0,bonna,Luganda,,0.0,,pending_gpu,
mabegawo,mabegawo,,Unknown,emabega,Luganda,80.0,emabega,Luganda,,0.0,,pending_gpu,
mukimanyi,mukimanyi,,Unknown,omumanyi,Luganda,82.35294117647058,omumanyi,Luganda,,0.0,,pending_gpu,
nti,nti,nti,Luganda,,,0.0,nti,Luganda,,0.0,,pending_gpu,
kyangu,kyangu,kyangu,Luganda,,,0.0,kyangu,Luganda,,0.0,,pending_gpu,
nnyo,nnyo,nnyo,Luganda,,,0.0,nnyo,Luganda,,0.0,,pending_gpu,
okujako,okujako,,Unknown,okujyako,Luganda,93.33333333333333,okujyako,Luganda,,0.0,,pending_gpu,
naye,naye,naye,Luganda,,,0.0,naye,Luganda,,0.0,,pending_gpu,
kizibu,kizibu,,Unknown,ekizibu,Luganda,92.3076923076923,ekizibu,Luganda,,0.0,,pending_gpu,
nyo,nyo,,Unknown,nnyo,Luganda,85.71428571428572,nnyo,Luganda,,0.0,,pending_gpu,
okujako,okujako,,Unknown,okujyako,Luganda,93.33333333333333,okujyako,Luganda,,0.0,,pending_gpu,
kubwa,kubwa,,Unknown,kubbwa,Luganda,90.9090909090909,kubbwa,Luganda,,0.0,,pending_gpu,
bwa,bwa,bwa,Luganda,,,0.0,bwa,Luganda,,0.0,,pending_gpu,
oyo,oyo,oyo,Luganda,,,0.0,oyo,Luganda,,0.0,,pending_gpu,
buli,buli,buli,Luganda,,,0.0,buli,Luganda,,0.0,,pending_gpu,
wamu,wamu,wamu,Luganda,,,0.0,wamu,Luganda,,0.0,,pending_gpu,
bamugoba,bamugoba,,Unknown,amagoba,Luganda,80.0,amagoba,Luganda,,0.0,,pending_gpu,
Kati,kati,Kati,Luganda,,,0.0,Kati,Luganda,,0.0,,pending_gpu,
ffe,ffe,ffe,Luganda,,,0.0,ffe,Luganda,,0.0,,pending_gpu,
oyo,oyo,oyo,Luganda,,,0.0,oyo,Luganda,,0.0,,pending_gpu,
kamukulu,kamukulu,,Unknown,omukulu,Luganda,80.0,omukulu,Luganda,,0.0,,pending_gpu,
nga,nga,nga,Luganda,,,0.0,nga,Luganda,,0.0,,pending_gpu,
mubintu,mubintu,,Unknown,mukintu,Luganda,85.71428571428572,mukintu,Luganda,,0.0,,pending_gpu,
Oyo,oyo,Oyo,Luganda,,,0.0,Oyo,Luganda,,0.0,,pending_gpu,
butamanya.,butamanya.,,Unknown,obutamanya,Luganda,90.0,obutamanya,Luganda,,0.0,,pending_gpu,
mutyaba,mutyaba,,Unknown,mutabani,Luganda,80.0,mutabani,Luganda,,0.0,,pending_gpu,
mutyaba,mutyaba,,Unknown,mutabani,Luganda,80.0,mutabani,Luganda,,0.0,,pending_gpu,
Mutyaba,mutyaba,,Unknown,mutabani,Luganda,80.0,mutabani,Luganda,,0.0,,pending_gpu,
kati,kati,kati,Luganda,,,0.0,kati,Luganda,,0.0,,pending_gpu,
mupiira,mupiira,,Unknown,omupiira,Luganda,93.33333333333333,omupiira,Luganda,,0.0,,pending_gpu,
ensonga,ensonga,ensonga,Luganda,,,0.0,ensonga,Luganda,,0.0,,pending_gpu,
oyo,oyo,oyo,Luganda,,,0.0,oyo,Luganda,,0.0,,pending_gpu,
Ku,ku,Ku,Luganda,,,0.0,Ku,Luganda,,0.0,,pending_gpu,
mupiira,mupiira,,Unknown,omupiira,Luganda,93.33333333333333,omupiira,Luganda,,0.0,,pending_gpu,
tamanyi,tamanyi,,Unknown,amanyi,Luganda,92.3076923076923,amanyi,Luganda,,0.0,,pending_gpu,
kyamanyi,kyamanyi,,Unknown,amanyi,Luganda,85.71428571428572,amanyi,Luganda,,0.0,,pending_gpu,
muli,muli,,Unknown,omuli,Luganda,88.88888888888889,omuli,Luganda,,0.0,,pending_gpu,
kituufu,kituufu,kituufu,Luganda,,,0.0,kituufu,Luganda,,0.0,,pending_gpu,
tomuwa,tomuwa,,Unknown,omumwa,Luganda,83.33333333333334,omumwa,Luganda,,0.0,,pending_gpu,
kutisatisa,kutisatisa,,Unknown,okutisatiisa,Luganda,90.9090909090909,okutisatiisa,Luganda,,0.0,,pending_gpu,
naye,naye,naye,Luganda,,,0.0,naye,Luganda,,0.0,,pending_gpu,
mumupiira,mumupiira,,Unknown,omupiira,Luganda,82.35294117647058,omupiira,Luganda,,0.0,,pending_gpu,
Kituufu,kituufu,Kituufu,Luganda,,,0.0,Kituufu,Luganda,,0.0,,pending_gpu,
nnyo,nnyo,nnyo,Luganda,,,0.0,nnyo,Luganda,,0.0,,pending_gpu,
Mutyaba,mutyaba,,Unknown,mutabani,Luganda,80.0,mutabani,Luganda,,0.0,,pending_gpu,
Mutyaba,mutyaba,,Unknown,mutabani,Luganda,80.0,mutabani,Luganda,,0.0,,pending_gpu,
tamanyi,tamanyi,,Unknown,amanyi,Luganda,92.3076923076923,amanyi,Luganda,,0.0,,pending_gpu,
mupiira,mupiira,,Unknown,omupiira,Luganda,93.33333333333333,omupiira,Luganda,,0.0,,pending_gpu,
Ntebbe,ntebbe,,Unknown,ntebe,Luganda,90.9090909090909,ntebe,Luganda,,0.0,,pending_gpu,
Mutyaba,mutyaba,,Unknown,mutabani,Luganda,80.0,mutabani,Luganda,,0.0,,pending_gpu,
oba,oba,oba,Luganda,,,0.0,oba,Luganda,,0.0,,pending_gpu,
sente,sente,sente,Luganda,,,0.0,sente,Luganda,,0.0,,pending_gpu,
ekizibu,ekizibu,ekizibu,Luganda,,,0.0,ekizibu,Luganda,,0.0,,pending_gpu,
kya,kya,kya,Luganda,,,0.0,kya,Luganda,,0.0,,pending_gpu,
kyekyo,kyekyo,,Unknown,ekyo,Luganda,80.0,ekyo,Luganda,,0.0,,pending_gpu,
obukurembeze,obukurembeze,,Unknown,obukulembeze,Luganda,91.66666666666666,obukulembeze,Luganda,,0.0,,pending_gpu,
bwomupir,bwomupir,,Unknown,bwomuti,Luganda,80.0,bwomuti,Luganda,,0.0,,pending_gpu,
okagala,okagala,,Unknown,okwagala,Luganda,93.33333333333333,okwagala,Luganda,,0.0,,pending_gpu,
kayina,kayina,kayina,Luganda,,,0.0,kayina,Luganda,,0.0,,pending_gpu,
JOJO,jojo,,Unknown,jjo,Luganda,85.71428571428572,jjo,Luganda,,0.0,,pending_gpu,
Oli,oli,Oli,Luganda,,,0.0,Oli,Luganda,,0.0,,pending_gpu,
waddala,waddala,,Unknown,ddala,Luganda,83.33333333333334,ddala,Luganda,,0.0,,pending_gpu,
Jojo,jojo,,Unknown,jjo,Luganda,85.71428571428572,jjo,Luganda,,0.0,,pending_gpu,
magala,magala,magala,Luganda,,,0.0,magala,Luganda,,0.0,,pending_gpu,
Wano,wano,Wano,Luganda,,,0.0,Wano,Luganda,,0.0,,pending_gpu,
wange,wange,wange,Luganda,,,0.0,wange,Luganda,,0.0,,pending_gpu,
jojo,jojo,,Unknown,jjo,Luganda,85.71428571428572,jjo,Luganda,,0.0,,pending_gpu,
Jojo,jojo,,Unknown,jjo,Luganda,85.71428571428572,jjo,Luganda,,0.0,,pending_gpu,
Jojo,jojo,,Unknown,jjo,Luganda,85.71428571428572,jjo,Luganda,,0.0,,pending_gpu,
Mukwano,mukwano,,Unknown,omukwano,Luganda,93.33333333333333,omukwano,Luganda,,0.0,,pending_gpu,
kubuyambi,kubuyambi,,Unknown,obuyambi,Luganda,82.35294117647058,obuyambi,Luganda,,0.0,,pending_gpu,
Mukwano,mukwano,,Unknown,omukwano,Luganda,93.33333333333333,omukwano,Luganda,,0.0,,pending_gpu,
Jojo,jojo,,Unknown,jjo,Luganda,85.71428571428572,jjo,Luganda,,0.0,,pending_gpu,
nyabo,nyabo,,Unknown,nnyabo,Luganda,90.9090909090909,nnyabo,Luganda,,0.0,,pending_gpu,
Jojo,jojo,,Unknown,jjo,Luganda,85.71428571428572,jjo,Luganda,,0.0,,pending_gpu,
okitegera,okitegera,,Unknown,okutegera,Luganda,88.88888888888889,okutegera,Luganda,,0.0,,pending_gpu,
JoJo,jojo,,Unknown,jjo,Luganda,85.71428571428572,jjo,Luganda,,0.0,,pending_gpu,
Jojo,jojo,,Unknown,jjo,Luganda,85.71428571428572,jjo,Luganda,,0.0,,pending_gpu,
Jojo,jojo,,Unknown,jjo,Luganda,85.71428571428572,jjo,Luganda,,0.0,,pending_gpu,
wano,wano,wano,Luganda,,,0.0,wano,Luganda,,0.0,,pending_gpu,
Magaala,magaala,,Unknown,magala,Luganda,92.3076923076923,magala,Luganda,,0.0,,pending_gpu,
magala,magala,magala,Luganda,,,0.0,magala,Luganda,,0.0,,pending_gpu,
Magala,magala,Magala,Luganda,,,0.0,Magala,Luganda,,0.0,,pending_gpu,
kiwanuka,kiwanuka,,Unknown,ekiwuka,Luganda,80.0,ekiwuka,Luganda,,0.0,,pending_gpu,
munanansi,munanansi,,Unknown,munnansi,Luganda,94.11764705882352,munnansi,Luganda,,0.0,,pending_gpu,
Jojo,jojo,,Unknown,jjo,Luganda,85.71428571428572,jjo,Luganda,,0.0,,pending_gpu,
naye,naye,naye,Luganda,,,0.0,naye,Luganda,,0.0,,pending_gpu,
magala,magala,magala,Luganda,,,0.0,magala,Luganda,,0.0,,pending_gpu,
eyo,eyo,eyo,Luganda,,,0.0,eyo,Luganda,,0.0,,pending_gpu,
yange,yange,,Unknown,gyange,Luganda,90.9090909090909,gyange,Luganda,,0.0,,pending_gpu,
kimera,kimera,kimera,Luganda,,,0.0,kimera,Luganda,,0.0,,pending_gpu,
Kimera,kimera,Kimera,Luganda,,,0.0,Kimera,Luganda,,0.0,,pending_gpu,
Emaali,emaali,,Unknown,emabbali,Luganda,85.71428571428572,emabbali,Luganda,,0.0,,pending_gpu,
nayee,nayee,,Unknown,naye,Luganda,88.88888888888889,naye,Luganda,,0.0,,pending_gpu,
@KAVUYO,@kavuyo,,Unknown,akavuyo,Luganda,85.71428571428572,akavuyo,Luganda,,0.0,,pending_gpu,
kurika,kurika,,Unknown,kuyurika,Luganda,85.71428571428572,kuyurika,Luganda,,0.0,,pending_gpu,
ekintu,ekintu,ekintu,Luganda,,,0.0,ekintu,Luganda,,0.0,,pending_gpu,
kyabadde,kyabadde,,Unknown,ekyambadde,Luganda,88.88888888888889,ekyambadde,Luganda,,0.0,,pending_gpu,
Naye,naye,Naye,Luganda,,,0.0,Naye,Luganda,,0.0,,pending_gpu,
Nga,nga,Nga,Luganda,,,0.0,Nga,Luganda,,0.0,,pending_gpu,
Gwe,gwe,Gwe,Luganda,,,0.0,Gwe,Luganda,,0.0,,pending_gpu,
wabadde,wabadde,,Unknown,abazadde,Luganda,80.0,abazadde,Luganda,,0.0,,pending_gpu,
kwesiva,kwesiva,,Unknown,okwesiga,Luganda,80.0,okwesiga,Luganda,,0.0,,pending_gpu,
mwana,mwana,mwana,Luganda,,,0.0,mwana,Luganda,,0.0,,pending_gpu,
mazima,mazima,,Unknown,amazima,Luganda,92.3076923076923,amazima,Luganda,,0.0,,pending_gpu,
esanyu,esanyu,,Unknown,essanyu,Luganda,92.3076923076923,essanyu,Luganda,,0.0,,pending_gpu,
gwe,gwe,gwe,Luganda,,,0.0,gwe,Luganda,,0.0,,pending_gpu,
Awo,awo,Awo,Luganda,,,0.0,Awo,Luganda,,0.0,,pending_gpu,
abayimbi,abayimbi,,Unknown,gwabayimbi,Luganda,88.88888888888889,gwabayimbi,Luganda,,0.0,,pending_gpu,
nga,nga,nga,Luganda,,,0.0,nga,Luganda,,0.0,,pending_gpu,
naye,naye,naye,Luganda,,,0.0,naye,Luganda,,0.0,,pending_gpu,
muli,muli,,Unknown,omuli,Luganda,88.88888888888889,omuli,Luganda,,0.0,,pending_gpu,
mukuba,mukuba,,Unknown,kukuba,Luganda,83.33333333333334,kukuba,Luganda,,0.0,,pending_gpu,
"Mazima,","mazima,",,Unknown,amazima,Luganda,85.71428571428572,amazima,Luganda,,0.0,,pending_gpu,
taata,taata,taata,Luganda,,,0.0,taata,Luganda,,0.0,,pending_gpu,
yesu,yesu,yesu,Luganda,,,0.0,yesu,Luganda,,0.0,,pending_gpu,
mukomere,mukomere,,Unknown,mukomera,Luganda,87.5,mukomera,Luganda,,0.0,,pending_gpu,
maama,maama,maama,Luganda,,,0.0,maama,Luganda,,0.0,,pending_gpu,
mukama,mukama,mukama,Luganda,,,0.0,mukama,Luganda,,0.0,,pending_gpu,
kenya,kenya,kenya,Luganda,,,0.0,kenya,Luganda,,0.0,,pending_gpu,
kwagara,kwagara,,Unknown,okwagala,Luganda,80.0,okwagala,Luganda,,0.0,,pending_gpu,
omurungi,omurungi,,Unknown,omulungi,Luganda,87.5,omulungi,Luganda,,0.0,,pending_gpu,
wange,wange,wange,Luganda,,,0.0,wange,Luganda,,0.0,,pending_gpu,
wange,wange,wange,Luganda,,,0.0,wange,Luganda,,0.0,,pending_gpu,
WANGE,wange,WANGE,Luganda,,,0.0,WANGE,Luganda,,0.0,,pending_gpu,
WANGE,wange,WANGE,Luganda,,,0.0,WANGE,Luganda,,0.0,,pending_gpu,
gwe,gwe,gwe,Luganda,,,0.0,gwe,Luganda,,0.0,,pending_gpu,
nkwagala,nkwagala,,Unknown,okwagala,Luganda,87.5,okwagala,Luganda,,0.0,,pending_gpu,
omulungi,omulungi,omulungi,Luganda,,,0.0,omulungi,Luganda,,0.0,,pending_gpu,
wange,wange,wange,Luganda,,,0.0,wange,Luganda,,0.0,,pending_gpu,
kange,kange,kange,Luganda,,,0.0,kange,Luganda,,0.0,,pending_gpu,
nga,nga,nga,Luganda,,,0.0,nga,Luganda,,0.0,,pending_gpu,
kange,kange,kange,Luganda,,,0.0,kange,Luganda,,0.0,,pending_gpu,
mazima,mazima,,Unknown,amazima,Luganda,92.3076923076923,amazima,Luganda,,0.0,,pending_gpu,
mazima,mazima,,Unknown,amazima,Luganda,92.3076923076923,amazima,Luganda,,0.0,,pending_gpu,
mazima,mazima,,Unknown,amazima,Luganda,92.3076923076923,amazima,Luganda,,0.0,,pending_gpu,
mazima,mazima,,Unknown,amazima,Luganda,92.3076923076923,amazima,Luganda,,0.0,,pending_gpu,
mazima,mazima,,Unknown,amazima,Luganda,92.3076923076923,amazima,Luganda,,0.0,,pending_gpu,
mazima,mazima,,Unknown,amazima,Luganda,92.3076923076923,amazima,Luganda,,0.0,,pending_gpu,
mazima,mazima,,Unknown,amazima,Luganda,92.3076923076923,amazima,Luganda,,0.0,,pending_gpu,
mazima,mazima,,Unknown,amazima,Luganda,92.3076923076923,amazima,Luganda,,0.0,,pending_gpu,
OKITEGELA,okitegela,,Unknown,okuteela,Luganda,82.35294117647058,okuteela,Luganda,,0.0,,pending_gpu,
OMULUNGI,omulungi,OMULUNGI,Luganda,,,0.0,OMULUNGI,Luganda,,0.0,,pending_gpu,
WANGYE,wangye,,Unknown,wange,Luganda,90.9090909090909,wange,Luganda,,0.0,,pending_gpu,
OMULUNGI,omulungi,OMULUNGI,Luganda,,,0.0,OMULUNGI,Luganda,,0.0,,pending_gpu,
OMULUNGI,omulungi,OMULUNGI,Luganda,,,0.0,OMULUNGI,Luganda,,0.0,,pending_gpu,
WANGYE,wangye,,Unknown,wange,Luganda,90.9090909090909,wange,Luganda,,0.0,,pending_gpu,
OMULUNGI,omulungi,OMULUNGI,Luganda,,,0.0,OMULUNGI,Luganda,,0.0,,pending_gpu,
OMULUNGI,omulungi,OMULUNGI,Luganda,,,0.0,OMULUNGI,Luganda,,0.0,,pending_gpu,
WANGYE,wangye,,Unknown,wange,Luganda,90.9090909090909,wange,Luganda,,0.0,,pending_gpu,
OMULUNGI,omulungi,OMULUNGI,Luganda,,,0.0,OMULUNGI,Luganda,,0.0,,pending_gpu,
OMULUNGI,omulungi,OMULUNGI,Luganda,,,0.0,OMULUNGI,Luganda,,0.0,,pending_gpu,
WANGYE,wangye,,Unknown,wange,Luganda,90.9090909090909,wange,Luganda,,0.0,,pending_gpu,
OMULUNGI,omulungi,OMULUNGI,Luganda,,,0.0,OMULUNGI,Luganda,,0.0,,pending_gpu,
OMULUNGI,omulungi,OMULUNGI,Luganda,,,0.0,OMULUNGI,Luganda,,0.0,,pending_gpu,
WANGYE,wangye,,Unknown,wange,Luganda,90.9090909090909,wange,Luganda,,0.0,,pending_gpu,
OMULUNGI,omulungi,OMULUNGI,Luganda,,,0.0,OMULUNGI,Luganda,,0.0,,pending_gpu,
OMULUNGI,omulungi,OMULUNGI,Luganda,,,0.0,OMULUNGI,Luganda,,0.0,,pending_gpu,
WANGYE,wangye,,Unknown,wange,Luganda,90.9090909090909,wange,Luganda,,0.0,,pending_gpu,
wange,wange,wange,Luganda,,,0.0,wange,Luganda,,0.0,,pending_gpu,
omulungi,omulungi,omulungi,Luganda,,,0.0,omulungi,Luganda,,0.0,,pending_gpu,
wange,wange,wange,Luganda,,,0.0,wange,Luganda,,0.0,,pending_gpu,
mazima,mazima,,Unknown,amazima,Luganda,92.3076923076923,amazima,Luganda,,0.0,,pending_gpu,
wange,wange,wange,Luganda,,,0.0,wange,Luganda,,0.0,,pending_gpu,
omulungi,omulungi,omulungi,Luganda,,,0.0,omulungi,Luganda,,0.0,,pending_gpu,
wange,wange,wange,Luganda,,,0.0,wange,Luganda,,0.0,,pending_gpu,
Maziima,maziima,,Unknown,amazima,Luganda,85.71428571428572,amazima,Luganda,,0.0,,pending_gpu,
Mazima,mazima,,Unknown,amazima,Luganda,92.3076923076923,amazima,Luganda,,0.0,,pending_gpu,
Mazima,mazima,,Unknown,amazima,Luganda,92.3076923076923,amazima,Luganda,,0.0,,pending_gpu,
Mazima,mazima,,Unknown,amazima,Luganda,92.3076923076923,amazima,Luganda,,0.0,,pending_gpu,
Mazima,mazima,,Unknown,amazima,Luganda,92.3076923076923,amazima,Luganda,,0.0,,pending_gpu,
Mazima,mazima,,Unknown,amazima,Luganda,92.3076923076923,amazima,Luganda,,0.0,,pending_gpu,
Mazima,mazima,,Unknown,amazima,Luganda,92.3076923076923,amazima,Luganda,,0.0,,pending_gpu,
Mazima,mazima,,Unknown,amazima,Luganda,92.3076923076923,amazima,Luganda,,0.0,,pending_gpu,
Mazima,mazima,,Unknown,amazima,Luganda,92.3076923076923,amazima,Luganda,,0.0,,pending_gpu,
Mazima,mazima,,Unknown,amazima,Luganda,92.3076923076923,amazima,Luganda,,0.0,,pending_gpu,
Mazima,mazima,,Unknown,amazima,Luganda,92.3076923076923,amazima,Luganda,,0.0,,pending_gpu,
Mazima,mazima,,Unknown,amazima,Luganda,92.3076923076923,amazima,Luganda,,0.0,,pending_gpu,
Mazima,mazima,,Unknown,amazima,Luganda,92.3076923076923,amazima,Luganda,,0.0,,pending_gpu,
Mazima,mazima,,Unknown,amazima,Luganda,92.3076923076923,amazima,Luganda,,0.0,,pending_gpu,
Mazima,mazima,,Unknown,amazima,Luganda,92.3076923076923,amazima,Luganda,,0.0,,pending_gpu,
⌨️Mazima,⌨️mazima,,Unknown,amazima,Luganda,80.0,amazima,Luganda,,0.0,,pending_gpu,
Mazima,mazima,,Unknown,amazima,Luganda,92.3076923076923,amazima,Luganda,,0.0,,pending_gpu,
⌨️Mazima,⌨️mazima,,Unknown,amazima,Luganda,80.0,amazima,Luganda,,0.0,,pending_gpu,
Mazima,mazima,,Unknown,amazima,Luganda,92.3076923076923,amazima,Luganda,,0.0,,pending_gpu,
⌨️Mazima,⌨️mazima,,Unknown,amazima,Luganda,80.0,amazima,Luganda,,0.0,,pending_gpu,
Mazima,mazima,,Unknown,amazima,Luganda,92.3076923076923,amazima,Luganda,,0.0,,pending_gpu,
Mazima,mazima,,Unknown,amazima,Luganda,92.3076923076923,amazima,Luganda,,0.0,,pending_gpu,
Mazima,mazima,,Unknown,amazima,Luganda,92.3076923076923,amazima,Luganda,,0.0,,pending_gpu,
Mazima,mazima,,Unknown,amazima,Luganda,92.3076923076923,amazima,Luganda,,0.0,,pending_gpu,
Mazima,mazima,,Unknown,amazima,Luganda,92.3076923076923,amazima,Luganda,,0.0,,pending_gpu,
Mazima,mazima,,Unknown,amazima,Luganda,92.3076923076923,amazima,Luganda,,0.0,,pending_gpu,
Mazima,mazima,,Unknown,amazima,Luganda,92.3076923076923,amazima,Luganda,,0.0,,pending_gpu,
Mazima,mazima,,Unknown,amazima,Luganda,92.3076923076923,amazima,Luganda,,0.0,,pending_gpu,
Mazima,mazima,,Unknown,amazima,Luganda,92.3076923076923,amazima,Luganda,,0.0,,pending_gpu,
Mazima,mazima,,Unknown,amazima,Luganda,92.3076923076923,amazima,Luganda,,0.0,,pending_gpu,
Mazima,mazima,,Unknown,amazima,Luganda,92.3076923076923,amazima,Luganda,,0.0,,pending_gpu,
♥️Mazima,♥️mazima,,Unknown,amazima,Luganda,80.0,amazima,Luganda,,0.0,,pending_gpu,
Mazima,mazima,,Unknown,amazima,Luganda,92.3076923076923,amazima,Luganda,,0.0,,pending_gpu,
♥️Mazima,♥️mazima,,Unknown,amazima,Luganda,80.0,amazima,Luganda,,0.0,,pending_gpu,
Mazima,mazima,,Unknown,amazima,Luganda,92.3076923076923,amazima,Luganda,,0.0,,pending_gpu,
♥️Mazima,♥️mazima,,Unknown,amazima,Luganda,80.0,amazima,Luganda,,0.0,,pending_gpu,
Mazima,mazima,,Unknown,amazima,Luganda,92.3076923076923,amazima,Luganda,,0.0,,pending_gpu,
Omulunji,omulunji,,Unknown,omulungi,Luganda,87.5,omulungi,Luganda,,0.0,,pending_gpu,
wange,wange,wange,Luganda,,,0.0,wange,Luganda,,0.0,,pending_gpu,
wange,wange,wange,Luganda,,,0.0,wange,Luganda,,0.0,,pending_gpu,
okitegera,okitegera,,Unknown,okutegera,Luganda,88.88888888888889,okutegera,Luganda,,0.0,,pending_gpu,
mazima,mazima,,Unknown,amazima,Luganda,92.3076923076923,amazima,Luganda,,0.0,,pending_gpu,
mazima,mazima,,Unknown,amazima,Luganda,92.3076923076923,amazima,Luganda,,0.0,,pending_gpu,
Sawa,sawa,Sawa,Luganda,,,0.0,Sawa,Luganda,,0.0,,pending_gpu,
yona,yona,,Unknown,yonna,Luganda,88.88888888888889,yonna,Luganda,,0.0,,pending_gpu,
Sawa,sawa,Sawa,Luganda,,,0.0,Sawa,Luganda,,0.0,,pending_gpu,
yona,yona,,Unknown,yonna,Luganda,88.88888888888889,yonna,Luganda,,0.0,,pending_gpu,
mazima,mazima,,Unknown,amazima,Luganda,92.3076923076923,amazima,Luganda,,0.0,,pending_gpu,
gwe,gwe,gwe,Luganda,,,0.0,gwe,Luganda,,0.0,,pending_gpu,
nkwagala,nkwagala,,Unknown,okwagala,Luganda,87.5,okwagala,Luganda,,0.0,,pending_gpu,
omulungi,omulungi,omulungi,Luganda,,,0.0,omulungi,Luganda,,0.0,,pending_gpu,
wange,wange,wange,Luganda,,,0.0,wange,Luganda,,0.0,,pending_gpu,
kange,kange,kange,Luganda,,,0.0,kange,Luganda,,0.0,,pending_gpu,
nga,nga,nga,Luganda,,,0.0,nga,Luganda,,0.0,,pending_gpu,
kange,kange,kange,Luganda,,,0.0,kange,Luganda,,0.0,,pending_gpu,
wange,wange,wange,Luganda,,,0.0,wange,Luganda,,0.0,,pending_gpu,
OKITEGELA,okitegela,,Unknown,okuteela,Luganda,82.35294117647058,okuteela,Luganda,,0.0,,pending_gpu,
OMULUNGI,omulungi,OMULUNGI,Luganda,,,0.0,OMULUNGI,Luganda,,0.0,,pending_gpu,
WANGYE,wangye,,Unknown,wange,Luganda,90.9090909090909,wange,Luganda,,0.0,,pending_gpu,
OMULUNGI,omulungi,OMULUNGI,Luganda,,,0.0,OMULUNGI,Luganda,,0.0,,pending_gpu,
OMULUNGI,omulungi,OMULUNGI,Luganda,,,0.0,OMULUNGI,Luganda,,0.0,,pending_gpu,
WANGYE,wangye,,Unknown,wange,Luganda,90.9090909090909,wange,Luganda,,0.0,,pending_gpu,
OMULUNGI,omulungi,OMULUNGI,Luganda,,,0.0,OMULUNGI,Luganda,,0.0,,pending_gpu,
OMULUNGI,omulungi,OMULUNGI,Luganda,,,0.0,OMULUNGI,Luganda,,0.0,,pending_gpu,
WANGYE,wangye,,Unknown,wange,Luganda,90.9090909090909,wange,Luganda,,0.0,,pending_gpu,
OMULUNGI,omulungi,OMULUNGI,Luganda,,,0.0,OMULUNGI,Luganda,,0.0,,pending_gpu,
OMULUNGI,omulungi,OMULUNGI,Luganda,,,0.0,OMULUNGI,Luganda,,0.0,,pending_gpu,
WANGYE,wangye,,Unknown,wange,Luganda,90.9090909090909,wange,Luganda,,0.0,,pending_gpu,
OMULUNGI,omulungi,OMULUNGI,Luganda,,,0.0,OMULUNGI,Luganda,,0.0,,pending_gpu,
OMULUNGI,omulungi,OMULUNGI,Luganda,,,0.0,OMULUNGI,Luganda,,0.0,,pending_gpu,
WANGYE,wangye,,Unknown,wange,Luganda,90.9090909090909,wange,Luganda,,0.0,,pending_gpu,
OMULUNGI,omulungi,OMULUNGI,Luganda,,,0.0,OMULUNGI,Luganda,,0.0,,pending_gpu,
OMULUNGI,omulungi,OMULUNGI,Luganda,,,0.0,OMULUNGI,Luganda,,0.0,,pending_gpu,
WANGYE,wangye,,Unknown,wange,Luganda,90.9090909090909,wange,Luganda,,0.0,,pending_gpu,
mazima,mazima,,Unknown,amazima,Luganda,92.3076923076923,amazima,Luganda,,0.0,,pending_gpu,
mazima,mazima,,Unknown,amazima,Luganda,92.3076923076923,amazima,Luganda,,0.0,,pending_gpu,
mazima,mazima,,Unknown,amazima,Luganda,92.3076923076923,amazima,Luganda,,0.0,,pending_gpu,
mazima,mazima,,Unknown,amazima,Luganda,92.3076923076923,amazima,Luganda,,0.0,,pending_gpu,
mazima,mazima,,Unknown,amazima,Luganda,92.3076923076923,amazima,Luganda,,0.0,,pending_gpu,
mazima,mazima,,Unknown,amazima,Luganda,92.3076923076923,amazima,Luganda,,0.0,,pending_gpu,
mazima,mazima,,Unknown,amazima,Luganda,92.3076923076923,amazima,Luganda,,0.0,,pending_gpu,
mazima,mazima,,Unknown,amazima,Luganda,92.3076923076923,amazima,Luganda,,0.0,,pending_gpu,
mazima,mazima,,Unknown,amazima,Luganda,92.3076923076923,amazima,Luganda,,0.0,,pending_gpu,
mazima,mazima,,Unknown,amazima,Luganda,92.3076923076923,amazima,Luganda,,0.0,,pending_gpu,
mazima,mazima,,Unknown,amazima,Luganda,92.3076923076923,amazima,Luganda,,0.0,,pending_gpu,
mazima,mazima,,Unknown,amazima,Luganda,92.3076923076923,amazima,Luganda,,0.0,,pending_gpu,
mazima,mazima,,Unknown,amazima,Luganda,92.3076923076923,amazima,Luganda,,0.0,,pending_gpu,
mazima,mazima,,Unknown,amazima,Luganda,92.3076923076923,amazima,Luganda,,0.0,,pending_gpu,
mazima,mazima,,Unknown,amazima,Luganda,92.3076923076923,amazima,Luganda,,0.0,,pending_gpu,
mazima,mazima,,Unknown,amazima,Luganda,92.3076923076923,amazima,Luganda,,0.0,,pending_gpu,
mazima,mazima,,Unknown,amazima,Luganda,92.3076923076923,amazima,Luganda,,0.0,,pending_gpu,
mazima,mazima,,Unknown,amazima,Luganda,92.3076923076923,amazima,Luganda,,0.0,,pending_gpu,
mazima,mazima,,Unknown,amazima,Luganda,92.3076923076923,amazima,Luganda,,0.0,,pending_gpu,
mazima,mazima,,Unknown,amazima,Luganda,92.3076923076923,amazima,Luganda,,0.0,,pending_gpu,
mazima,mazima,,Unknown,amazima,Luganda,92.3076923076923,amazima,Luganda,,0.0,,pending_gpu,
mazima,mazima,,Unknown,amazima,Luganda,92.3076923076923,amazima,Luganda,,0.0,,pending_gpu,
mazima,mazima,,Unknown,amazima,Luganda,92.3076923076923,amazima,Luganda,,0.0,,pending_gpu,
mazima,mazima,,Unknown,amazima,Luganda,92.3076923076923,amazima,Luganda,,0.0,,pending_gpu,
mazima,mazima,,Unknown,amazima,Luganda,92.3076923076923,amazima,Luganda,,0.0,,pending_gpu,
mazima,mazima,,Unknown,amazima,Luganda,92.3076923076923,amazima,Luganda,,0.0,,pending_gpu,
mazima,mazima,,Unknown,amazima,Luganda,92.3076923076923,amazima,Luganda,,0.0,,pending_gpu,
mazima,mazima,,Unknown,amazima,Luganda,92.3076923076923,amazima,Luganda,,0.0,,pending_gpu,
mazima,mazima,,Unknown,amazima,Luganda,92.3076923076923,amazima,Luganda,,0.0,,pending_gpu,
mazima,mazima,,Unknown,amazima,Luganda,92.3076923076923,amazima,Luganda,,0.0,,pending_gpu,
mazima,mazima,,Unknown,amazima,Luganda,92.3076923076923,amazima,Luganda,,0.0,,pending_gpu,
mazima,mazima,,Unknown,amazima,Luganda,92.3076923076923,amazima,Luganda,,0.0,,pending_gpu,
mazima,mazima,,Unknown,amazima,Luganda,92.3076923076923,amazima,Luganda,,0.0,,pending_gpu,
mazima,mazima,,Unknown,amazima,Luganda,92.3076923076923,amazima,Luganda,,0.0,,pending_gpu,
mazima,mazima,,Unknown,amazima,Luganda,92.3076923076923,amazima,Luganda,,0.0,,pending_gpu,
mazima,mazima,,Unknown,amazima,Luganda,92.3076923076923,amazima,Luganda,,0.0,,pending_gpu,
mazima,mazima,,Unknown,amazima,Luganda,92.3076923076923,amazima,Luganda,,0.0,,pending_gpu,
omulungi,omulungi,omulungi,Luganda,,,0.0,omulungi,Luganda,,0.0,,pending_gpu,
wange,wange,wange,Luganda,,,0.0,wange,Luganda,,0.0,,pending_gpu,
mazima,mazima,,Unknown,amazima,Luganda,92.3076923076923,amazima,Luganda,,0.0,,pending_gpu,
mazima,mazima,,Unknown,amazima,Luganda,92.3076923076923,amazima,Luganda,,0.0,,pending_gpu,
mazima,mazima,,Unknown,amazima,Luganda,92.3076923076923,amazima,Luganda,,0.0,,pending_gpu,
mazima,mazima,,Unknown,amazima,Luganda,92.3076923076923,amazima,Luganda,,0.0,,pending_gpu,
mazima,mazima,,Unknown,amazima,Luganda,92.3076923076923,amazima,Luganda,,0.0,,pending_gpu,
mazima,mazima,,Unknown,amazima,Luganda,92.3076923076923,amazima,Luganda,,0.0,,pending_gpu,
mazima,mazima,,Unknown,amazima,Luganda,92.3076923076923,amazima,Luganda,,0.0,,pending_gpu,
mazima,mazima,,Unknown,amazima,Luganda,92.3076923076923,amazima,Luganda,,0.0,,pending_gpu,
mazima,mazima,,Unknown,amazima,Luganda,92.3076923076923,amazima,Luganda,,0.0,,pending_gpu,
mazima,mazima,,Unknown,amazima,Luganda,92.3076923076923,amazima,Luganda,,0.0,,pending_gpu,
mazima,mazima,,Unknown,amazima,Luganda,92.3076923076923,amazima,Luganda,,0.0,,pending_gpu,
mazima,mazima,,Unknown,amazima,Luganda,92.3076923076923,amazima,Luganda,,0.0,,pending_gpu,
mazima,mazima,,Unknown,amazima,Luganda,92.3076923076923,amazima,Luganda,,0.0,,pending_gpu,
mazima,mazima,,Unknown,amazima,Luganda,92.3076923076923,amazima,Luganda,,0.0,,pending_gpu,
mazima,mazima,,Unknown,amazima,Luganda,92.3076923076923,amazima,Luganda,,0.0,,pending_gpu,
mazima,mazima,,Unknown,amazima,Luganda,92.3076923076923,amazima,Luganda,,0.0,,pending_gpu,
mazima,mazima,,Unknown,amazima,Luganda,92.3076923076923,amazima,Luganda,,0.0,,pending_gpu,
mazima,mazima,,Unknown,amazima,Luganda,92.3076923076923,amazima,Luganda,,0.0,,pending_gpu,
mazima,mazima,,Unknown,amazima,Luganda,92.3076923076923,amazima,Luganda,,0.0,,pending_gpu,
mazima,mazima,,Unknown,amazima,Luganda,92.3076923076923,amazima,Luganda,,0.0,,pending_gpu,
mazima,mazima,,Unknown,amazima,Luganda,92.3076923076923,amazima,Luganda,,0.0,,pending_gpu,
mazima,mazima,,Unknown,amazima,Luganda,92.3076923076923,amazima,Luganda,,0.0,,pending_gpu,
mazima,mazima,,Unknown,amazima,Luganda,92.3076923076923,amazima,Luganda,,0.0,,pending_gpu,
mazima,mazima,,Unknown,amazima,Luganda,92.3076923076923,amazima,Luganda,,0.0,,pending_gpu,
mazima,mazima,,Unknown,amazima,Luganda,92.3076923076923,amazima,Luganda,,0.0,,pending_gpu,
mazima,mazima,,Unknown,amazima,Luganda,92.3076923076923,amazima,Luganda,,0.0,,pending_gpu,
mazima,mazima,,Unknown,amazima,Luganda,92.3076923076923,amazima,Luganda,,0.0,,pending_gpu,
mazima,mazima,,Unknown,amazima,Luganda,92.3076923076923,amazima,Luganda,,0.0,,pending_gpu,
mazima,mazima,,Unknown,amazima,Luganda,92.3076923076923,amazima,Luganda,,0.0,,pending_gpu,
mazima,mazima,,Unknown,amazima,Luganda,92.3076923076923,amazima,Luganda,,0.0,,pending_gpu,
mazima,mazima,,Unknown,amazima,Luganda,92.3076923076923,amazima,Luganda,,0.0,,pending_gpu,
mazima,mazima,,Unknown,amazima,Luganda,92.3076923076923,amazima,Luganda,,0.0,,pending_gpu,
mazima,mazima,,Unknown,amazima,Luganda,92.3076923076923,amazima,Luganda,,0.0,,pending_gpu,
mazima,mazima,,Unknown,amazima,Luganda,92.3076923076923,amazima,Luganda,,0.0,,pending_gpu,
mazima,mazima,,Unknown,amazima,Luganda,92.3076923076923,amazima,Luganda,,0.0,,pending_gpu,
mazima,mazima,,Unknown,amazima,Luganda,92.3076923076923,amazima,Luganda,,0.0,,pending_gpu,
mazima,mazima,,Unknown,amazima,Luganda,92.3076923076923,amazima,Luganda,,0.0,,pending_gpu,
mazima,mazima,,Unknown,amazima,Luganda,92.3076923076923,amazima,Luganda,,0.0,,pending_gpu,
mazima,mazima,,Unknown,amazima,Luganda,92.3076923076923,amazima,Luganda,,0.0,,pending_gpu,
mazima,mazima,,Unknown,amazima,Luganda,92.3076923076923,amazima,Luganda,,0.0,,pending_gpu,
mazima,mazima,,Unknown,amazima,Luganda,92.3076923076923,amazima,Luganda,,0.0,,pending_gpu,
mazima,mazima,,Unknown,amazima,Luganda,92.3076923076923,amazima,Luganda,,0.0,,pending_gpu,
mazima,mazima,,Unknown,amazima,Luganda,92.3076923076923,amazima,Luganda,,0.0,,pending_gpu,
mazima,mazima,,Unknown,amazima,Luganda,92.3076923076923,amazima,Luganda,,0.0,,pending_gpu,
mazima,mazima,,Unknown,amazima,Luganda,92.3076923076923,amazima,Luganda,,0.0,,pending_gpu,
mazima,mazima,,Unknown,amazima,Luganda,92.3076923076923,amazima,Luganda,,0.0,,pending_gpu,
mazima,mazima,,Unknown,amazima,Luganda,92.3076923076923,amazima,Luganda,,0.0,,pending_gpu,
mazima,mazima,,Unknown,amazima,Luganda,92.3076923076923,amazima,Luganda,,0.0,,pending_gpu,
mazima,mazima,,Unknown,amazima,Luganda,92.3076923076923,amazima,Luganda,,0.0,,pending_gpu,
mazima,mazima,,Unknown,amazima,Luganda,92.3076923076923,amazima,Luganda,,0.0,,pending_gpu,
mazima,mazima,,Unknown,amazima,Luganda,92.3076923076923,amazima,Luganda,,0.0,,pending_gpu,
mazima,mazima,,Unknown,amazima,Luganda,92.3076923076923,amazima,Luganda,,0.0,,pending_gpu,
maziiima,maziiima,,Unknown,amazima,Luganda,80.0,amazima,Luganda,,0.0,,pending_gpu,
maziiima,maziiima,,Unknown,amazima,Luganda,80.0,amazima,Luganda,,0.0,,pending_gpu,
maziiima,maziiima,,Unknown,amazima,Luganda,80.0,amazima,Luganda,,0.0,,pending_gpu,
maziiima,maziiima,,Unknown,amazima,Luganda,80.0,amazima,Luganda,,0.0,,pending_gpu,
maziiima,maziiima,,Unknown,amazima,Luganda,80.0,amazima,Luganda,,0.0,,pending_gpu,
maziiima,maziiima,,Unknown,amazima,Luganda,80.0,amazima,Luganda,,0.0,,pending_gpu,
maziiima,maziiima,,Unknown,amazima,Luganda,80.0,amazima,Luganda,,0.0,,pending_gpu,
maziiima,maziiima,,Unknown,amazima,Luganda,80.0,amazima,Luganda,,0.0,,pending_gpu,
maziiima,maziiima,,Unknown,amazima,Luganda,80.0,amazima,Luganda,,0.0,,pending_gpu,
maziiima,maziiima,,Unknown,amazima,Luganda,80.0,amazima,Luganda,,0.0,,pending_gpu,
maziiima,maziiima,,Unknown,amazima,Luganda,80.0,amazima,Luganda,,0.0,,pending_gpu,
maziiima,maziiima,,Unknown,amazima,Luganda,80.0,amazima,Luganda,,0.0,,pending_gpu,
kayina,kayina,kayina,Luganda,,,0.0,kayina,Luganda,,0.0,,pending_gpu,
mwana,mwana,mwana,Luganda,,,0.0,mwana,Luganda,,0.0,,pending_gpu,
wange,wange,wange,Luganda,,,0.0,wange,Luganda,,0.0,,pending_gpu,
luweero,luweero,,Unknown,fuluweero,Luganda,87.5,fuluweero,Luganda,,0.0,,pending_gpu,
omwana,omwana,omwana,Luganda,,,0.0,omwana,Luganda,,0.0,,pending_gpu,
oluyimba,oluyimba,oluyimba,Luganda,,,0.0,oluyimba,Luganda,,0.0,,pending_gpu,
lwange,lwange,,Unknown,wange,Luganda,90.9090909090909,wange,Luganda,,0.0,,pending_gpu,
maziima,maziima,,Unknown,amazima,Luganda,85.71428571428572,amazima,Luganda,,0.0,,pending_gpu,
oliyimba,oliyimba,,Unknown,oluyimba,Luganda,87.5,oluyimba,Luganda,,0.0,,pending_gpu,
lwange,lwange,,Unknown,wange,Luganda,90.9090909090909,wange,Luganda,,0.0,,pending_gpu,
mwana,mwana,mwana,Luganda,,,0.0,mwana,Luganda,,0.0,,pending_gpu,
nyo,nyo,,Unknown,nnyo,Luganda,85.71428571428572,nnyo,Luganda,,0.0,,pending_gpu,
mazima,mazima,,Unknown,amazima,Luganda,92.3076923076923,amazima,Luganda,,0.0,,pending_gpu,
mwana,mwana,mwana,Luganda,,,0.0,mwana,Luganda,,0.0,,pending_gpu,
mazima,mazima,,Unknown,amazima,Luganda,92.3076923076923,amazima,Luganda,,0.0,,pending_gpu,
mazima,mazima,,Unknown,amazima,Luganda,92.3076923076923,amazima,Luganda,,0.0,,pending_gpu,
mazima,mazima,,Unknown,amazima,Luganda,92.3076923076923,amazima,Luganda,,0.0,,pending_gpu,
mazima,mazima,,Unknown,amazima,Luganda,92.3076923076923,amazima,Luganda,,0.0,,pending_gpu,
mazima,mazima,,Unknown,amazima,Luganda,92.3076923076923,amazima,Luganda,,0.0,,pending_gpu,
mazima,mazima,,Unknown,amazima,Luganda,92.3076923076923,amazima,Luganda,,0.0,,pending_gpu,
wange,wange,wange,Luganda,,,0.0,wange,Luganda,,0.0,,pending_gpu,
mazimaa,mazimaa,,Unknown,amazima,Luganda,85.71428571428572,amazima,Luganda,,0.0,,pending_gpu,
Kamazima,kamazima,,Unknown,amazima,Luganda,93.33333333333333,amazima,Luganda,,0.0,,pending_gpu,
mazima,mazima,,Unknown,amazima,Luganda,92.3076923076923,amazima,Luganda,,0.0,,pending_gpu,
mazima,mazima,,Unknown,amazima,Luganda,92.3076923076923,amazima,Luganda,,0.0,,pending_gpu,
mazima,mazima,,Unknown,amazima,Luganda,92.3076923076923,amazima,Luganda,,0.0,,pending_gpu,
wange,wange,wange,Luganda,,,0.0,wange,Luganda,,0.0,,pending_gpu,
omulungi,omulungi,omulungi,Luganda,,,0.0,omulungi,Luganda,,0.0,,pending_gpu,
mazima,mazima,,Unknown,amazima,Luganda,92.3076923076923,amazima,Luganda,,0.0,,pending_gpu,
mazima,mazima,,Unknown,amazima,Luganda,92.3076923076923,amazima,Luganda,,0.0,,pending_gpu,
mazima,mazima,,Unknown,amazima,Luganda,92.3076923076923,amazima,Luganda,,0.0,,pending_gpu,
mazima,mazima,,Unknown,amazima,Luganda,92.3076923076923,amazima,Luganda,,0.0,,pending_gpu,
mazima,mazima,,Unknown,amazima,Luganda,92.3076923076923,amazima,Luganda,,0.0,,pending_gpu,
Mazima,mazima,,Unknown,amazima,Luganda,92.3076923076923,amazima,Luganda,,0.0,,pending_gpu,
mazima,mazima,,Unknown,amazima,Luganda,92.3076923076923,amazima,Luganda,,0.0,,pending_gpu,
Wano,wano,Wano,Luganda,,,0.0,Wano,Luganda,,0.0,,pending_gpu,
kubawo,kubawo,,Unknown,okubawo,Luganda,92.3076923076923,okubawo,Luganda,,0.0,,pending_gpu,
nnyo,nnyo,nnyo,Luganda,,,0.0,nnyo,Luganda,,0.0,,pending_gpu,
awo,awo,awo,Luganda,,,0.0,awo,Luganda,,0.0,,pending_gpu,
mazima,mazima,,Unknown,amazima,Luganda,92.3076923076923,amazima,Luganda,,0.0,,pending_gpu,
musajja,musajja,,Unknown,omusajja,Luganda,93.33333333333333,omusajja,Luganda,,0.0,,pending_gpu,
gwe,gwe,gwe,Luganda,,,0.0,gwe,Luganda,,0.0,,pending_gpu,
kwesiva,kwesiva,,Unknown,okwesiga,Luganda,80.0,okwesiga,Luganda,,0.0,,pending_gpu,
webale,webale,webale,Luganda,,,0.0,webale,Luganda,,0.0,,pending_gpu,
nyo,nyo,,Unknown,nnyo,Luganda,85.71428571428572,nnyo,Luganda,,0.0,,pending_gpu,
kutwagala,kutwagala,,Unknown,okutagala,Luganda,88.88888888888889,okutagala,Luganda,,0.0,,pending_gpu,
okitegera,okitegera,,Unknown,okutegera,Luganda,88.88888888888889,okutegera,Luganda,,0.0,,pending_gpu,
Mazima,mazima,,Unknown,amazima,Luganda,92.3076923076923,amazima,Luganda,,0.0,,pending_gpu,
mazima,mazima,,Unknown,amazima,Luganda,92.3076923076923,amazima,Luganda,,0.0,,pending_gpu,
Mazima,mazima,,Unknown,amazima,Luganda,92.3076923076923,amazima,Luganda,,0.0,,pending_gpu,
naye,naye,naye,Luganda,,,0.0,naye,Luganda,,0.0,,pending_gpu,
owa,owa,owa,Luganda,,,0.0,owa,Luganda,,0.0,,pending_gpu,
wange,wange,wange,Luganda,,,0.0,wange,Luganda,,0.0,,pending_gpu,
okyitegera,okyitegera,,Unknown,okutegera,Luganda,84.21052631578947,okutegera,Luganda,,0.0,,pending_gpu,
mazima,mazima,,Unknown,amazima,Luganda,92.3076923076923,amazima,Luganda,,0.0,,pending_gpu,
mazima,mazima,,Unknown,amazima,Luganda,92.3076923076923,amazima,Luganda,,0.0,,pending_gpu,
kyekyo,kyekyo,,Unknown,ekyo,Luganda,80.0,ekyo,Luganda,,0.0,,pending_gpu,
mazima,mazima,,Unknown,amazima,Luganda,92.3076923076923,amazima,Luganda,,0.0,,pending_gpu,
mazimaa,mazimaa,,Unknown,amazima,Luganda,85.71428571428572,amazima,Luganda,,0.0,,pending_gpu,
kituufu,kituufu,kituufu,Luganda,,,0.0,kituufu,Luganda,,0.0,,pending_gpu,
mazima,mazima,,Unknown,amazima,Luganda,92.3076923076923,amazima,Luganda,,0.0,,pending_gpu,
manzima,manzima,,Unknown,amazima,Luganda,85.71428571428572,amazima,Luganda,,0.0,,pending_gpu,
Amazima,amazima,Amazima,Luganda,,,0.0,Amazima,Luganda,,0.0,,pending_gpu,
okitegera,okitegera,,Unknown,okutegera,Luganda,88.88888888888889,okutegera,Luganda,,0.0,,pending_gpu,
mazima,mazima,,Unknown,amazima,Luganda,92.3076923076923,amazima,Luganda,,0.0,,pending_gpu,
mazima,mazima,,Unknown,amazima,Luganda,92.3076923076923,amazima,Luganda,,0.0,,pending_gpu,
Mazima.,mazima.,,Unknown,amazima,Luganda,85.71428571428572,amazima,Luganda,,0.0,,pending_gpu,
mazima,mazima,,Unknown,amazima,Luganda,92.3076923076923,amazima,Luganda,,0.0,,pending_gpu,
mazima,mazima,,Unknown,amazima,Luganda,92.3076923076923,amazima,Luganda,,0.0,,pending_gpu,
mazima,mazima,,Unknown,amazima,Luganda,92.3076923076923,amazima,Luganda,,0.0,,pending_gpu,
mazima,mazima,,Unknown,amazima,Luganda,92.3076923076923,amazima,Luganda,,0.0,,pending_gpu,
mazima,mazima,,Unknown,amazima,Luganda,92.3076923076923,amazima,Luganda,,0.0,,pending_gpu,
mazima,mazima,,Unknown,amazima,Luganda,92.3076923076923,amazima,Luganda,,0.0,,pending_gpu,
mazima,mazima,,Unknown,amazima,Luganda,92.3076923076923,amazima,Luganda,,0.0,,pending_gpu,
mazima,mazima,,Unknown,amazima,Luganda,92.3076923076923,amazima,Luganda,,0.0,,pending_gpu,
mazima,mazima,,Unknown,amazima,Luganda,92.3076923076923,amazima,Luganda,,0.0,,pending_gpu,
Mazima,mazima,,Unknown,amazima,Luganda,92.3076923076923,amazima,Luganda,,0.0,,pending_gpu,
Mazima,mazima,,Unknown,amazima,Luganda,92.3076923076923,amazima,Luganda,,0.0,,pending_gpu,
mazima,mazima,,Unknown,amazima,Luganda,92.3076923076923,amazima,Luganda,,0.0,,pending_gpu,
mazima,mazima,,Unknown,amazima,Luganda,92.3076923076923,amazima,Luganda,,0.0,,pending_gpu,
mazima,mazima,,Unknown,amazima,Luganda,92.3076923076923,amazima,Luganda,,0.0,,pending_gpu,
mazima,mazima,,Unknown,amazima,Luganda,92.3076923076923,amazima,Luganda,,0.0,,pending_gpu,
mazima,mazima,,Unknown,amazima,Luganda,92.3076923076923,amazima,Luganda,,0.0,,pending_gpu,
abakazi,abakazi,,Unknown,akakazi,Luganda,85.71428571428572,akakazi,Luganda,,0.0,,pending_gpu,
owa,owa,owa,Luganda,,,0.0,owa,Luganda,,0.0,,pending_gpu,
mwana,mwana,mwana,Luganda,,,0.0,mwana,Luganda,,0.0,,pending_gpu,
naye,naye,naye,Luganda,,,0.0,naye,Luganda,,0.0,,pending_gpu,
enanansi,enanansi,,Unknown,enanaansi,Luganda,94.11764705882352,enanaansi,Luganda,,0.0,,pending_gpu,
Naye,naye,Naye,Luganda,,,0.0,Naye,Luganda,,0.0,,pending_gpu,
enjala,enjala,enjala,Luganda,,,0.0,enjala,Luganda,,0.0,,pending_gpu,
abasajja,abasajja,,Unknown,basajja,Luganda,93.33333333333333,basajja,Luganda,,0.0,,pending_gpu,
kumwana,kumwana,,Unknown,kulwana,Luganda,85.71428571428572,kulwana,Luganda,,0.0,,pending_gpu,
olabika,olabika,,Unknown,okulabika,Luganda,87.5,okulabika,Luganda,,0.0,,pending_gpu,
mwana,mwana,mwana,Luganda,,,0.0,mwana,Luganda,,0.0,,pending_gpu,
kumwana,kumwana,,Unknown,kulwana,Luganda,85.71428571428572,kulwana,Luganda,,0.0,,pending_gpu,
olabika,olabika,,Unknown,okulabika,Luganda,87.5,okulabika,Luganda,,0.0,,pending_gpu,
mwana,mwana,mwana,Luganda,,,0.0,mwana,Luganda,,0.0,,pending_gpu,
naye,naye,naye,Luganda,,,0.0,naye,Luganda,,0.0,,pending_gpu,
sente,sente,sente,Luganda,,,0.0,sente,Luganda,,0.0,,pending_gpu,
maama,maama,maama,Luganda,,,0.0,maama,Luganda,,0.0,,pending_gpu,
kisenyi,kisenyi,,Unknown,ekisanyi,Luganda,80.0,ekisanyi,Luganda,,0.0,,pending_gpu,
ku,ku,ku,Luganda,,,0.0,ku,Luganda,,0.0,,pending_gpu,
Jjaajja,jjaajja,,Unknown,jjajja,Luganda,92.3076923076923,jjajja,Luganda,,0.0,,pending_gpu,
kitufu,kitufu,,Unknown,ekitufu,Luganda,92.3076923076923,ekitufu,Luganda,,0.0,,pending_gpu,
ekunoonya..,ekunoonya..,,Unknown,okunoonya,Luganda,80.0,okunoonya,Luganda,,0.0,,pending_gpu,
luganda,luganda,,Unknown,oluganda,Luganda,93.33333333333333,oluganda,Luganda,,0.0,,pending_gpu,
Ku,ku,Ku,Luganda,,,0.0,Ku,Luganda,,0.0,,pending_gpu,
nti,nti,nti,Luganda,,,0.0,nti,Luganda,,0.0,,pending_gpu,
naye,naye,naye,Luganda,,,0.0,naye,Luganda,,0.0,,pending_gpu,
muganda,muganda,muganda,Luganda,,,0.0,muganda,Luganda,,0.0,,pending_gpu,
wange,wange,wange,Luganda,,,0.0,wange,Luganda,,0.0,,pending_gpu,
ekisera,ekisera,,Unknown,ekiseera,Luganda,93.33333333333333,ekiseera,Luganda,,0.0,,pending_gpu,
oyimba,oyimba,,Unknown,oluyimba,Luganda,85.71428571428572,oluyimba,Luganda,,0.0,,pending_gpu,
bulungi,bulungi,bulungi,Luganda,,,0.0,bulungi,Luganda,,0.0,,pending_gpu,
naye,naye,naye,Luganda,,,0.0,naye,Luganda,,0.0,,pending_gpu,
naye,naye,naye,Luganda,,,0.0,naye,Luganda,,0.0,,pending_gpu,
Mukama,mukama,Mukama,Luganda,,,0.0,Mukama,Luganda,,0.0,,pending_gpu,
Mazima,mazima,,Unknown,amazima,Luganda,92.3076923076923,amazima,Luganda,,0.0,,pending_gpu,
naye,naye,naye,Luganda,,,0.0,naye,Luganda,,0.0,,pending_gpu,
ogusaja,ogusaja,,Unknown,omusajja,Luganda,80.0,omusajja,Luganda,,0.0,,pending_gpu,
yomukazi,yomukazi,,Unknown,omukazi,Luganda,93.33333333333333,omukazi,Luganda,,0.0,,pending_gpu,
Omwana,omwana,Omwana,Luganda,,,0.0,Omwana,Luganda,,0.0,,pending_gpu,
Luzzi,luzzi,,Unknown,oluzzi,Luganda,90.9090909090909,oluzzi,Luganda,,0.0,,pending_gpu,
Gulu,gulu,Gulu,Luganda,,,0.0,Gulu,Luganda,,0.0,,pending_gpu,
naye,naye,naye,Luganda,,,0.0,naye,Luganda,,0.0,,pending_gpu,
mazimaa,mazimaa,,Unknown,amazima,Luganda,85.71428571428572,amazima,Luganda,,0.0,,pending_gpu,
oluvanyuma,oluvanyuma,oluvanyuma,Luganda,,,0.0,oluvanyuma,Luganda,,0.0,,pending_gpu,
naye,naye,naye,Luganda,,,0.0,naye,Luganda,,0.0,,pending_gpu,
bulungi,bulungi,bulungi,Luganda,,,0.0,bulungi,Luganda,,0.0,,pending_gpu,
musiru,musiru,musiru,Luganda,,,0.0,musiru,Luganda,,0.0,,pending_gpu,
gwe,gwe,gwe,Luganda,,,0.0,gwe,Luganda,,0.0,,pending_gpu,
Mazima,mazima,,Unknown,amazima,Luganda,92.3076923076923,amazima,Luganda,,0.0,,pending_gpu,
onyumira,onyumira,,Unknown,okunyumirwa,Luganda,84.21052631578947,okunyumirwa,Luganda,,0.0,,pending_gpu,
kwesiva,kwesiva,,Unknown,okwesiga,Luganda,80.0,okwesiga,Luganda,,0.0,,pending_gpu,
Mazima,mazima,,Unknown,amazima,Luganda,92.3076923076923,amazima,Luganda,,0.0,,pending_gpu,
mazima,mazima,,Unknown,amazima,Luganda,92.3076923076923,amazima,Luganda,,0.0,,pending_gpu,
mazima,mazima,,Unknown,amazima,Luganda,92.3076923076923,amazima,Luganda,,0.0,,pending_gpu,
mazima,mazima,,Unknown,amazima,Luganda,92.3076923076923,amazima,Luganda,,0.0,,pending_gpu,
mazima,mazima,,Unknown,amazima,Luganda,92.3076923076923,amazima,Luganda,,0.0,,pending_gpu,
naye,naye,naye,Luganda,,,0.0,naye,Luganda,,0.0,,pending_gpu,
mazima,mazima,,Unknown,amazima,Luganda,92.3076923076923,amazima,Luganda,,0.0,,pending_gpu,
naye,naye,naye,Luganda,,,0.0,naye,Luganda,,0.0,,pending_gpu,
mwana,mwana,mwana,Luganda,,,0.0,mwana,Luganda,,0.0,,pending_gpu,
okolera,okolera,,Unknown,okuwolera,Luganda,87.5,okuwolera,Luganda,,0.0,,pending_gpu,
olunaku,olunaku,olunaku,Luganda,,,0.0,olunaku,Luganda,,0.0,,pending_gpu,
wange,wange,wange,Luganda,,,0.0,wange,Luganda,,0.0,,pending_gpu,
nayeee,nayeee,,Unknown,naye,Luganda,80.0,naye,Luganda,,0.0,,pending_gpu,
ku,ku,ku,Luganda,,,0.0,ku,Luganda,,0.0,,pending_gpu,
eyo,eyo,eyo,Luganda,,,0.0,eyo,Luganda,,0.0,,pending_gpu,
naye,naye,naye,Luganda,,,0.0,naye,Luganda,,0.0,,pending_gpu,
kalungi,kalungi,,Unknown,kilungi,Luganda,85.71428571428572,kilungi,Luganda,,0.0,,pending_gpu,
oba,oba,oba,Luganda,,,0.0,oba,Luganda,,0.0,,pending_gpu,
mazima,mazima,,Unknown,amazima,Luganda,92.3076923076923,amazima,Luganda,,0.0,,pending_gpu,
naye,naye,naye,Luganda,,,0.0,naye,Luganda,,0.0,,pending_gpu,
kojja,kojja,kojja,Luganda,,,0.0,kojja,Luganda,,0.0,,pending_gpu,
mazima,mazima,,Unknown,amazima,Luganda,92.3076923076923,amazima,Luganda,,0.0,,pending_gpu,
Nsumba,nsumba,,Unknown,ensuma,Luganda,83.33333333333334,ensuma,Luganda,,0.0,,pending_gpu,
kalanzi,kalanzi,,Unknown,kalaani,Luganda,85.71428571428572,kalaani,Luganda,,0.0,,pending_gpu,
nsumba,nsumba,,Unknown,ensuma,Luganda,83.33333333333334,ensuma,Luganda,,0.0,,pending_gpu,
kalanzi,kalanzi,,Unknown,kalaani,Luganda,85.71428571428572,kalaani,Luganda,,0.0,,pending_gpu,
matovu,matovu,,Unknown,matu,Luganda,80.0,matu,Luganda,,0.0,,pending_gpu,
buddu,buddu,,Unknown,obuddu,Luganda,90.9090909090909,obuddu,Luganda,,0.0,,pending_gpu,
wamanyi,wamanyi,,Unknown,amanyi,Luganda,92.3076923076923,amanyi,Luganda,,0.0,,pending_gpu,
nti,nti,nti,Luganda,,,0.0,nti,Luganda,,0.0,,pending_gpu,
ku,ku,ku,Luganda,,,0.0,ku,Luganda,,0.0,,pending_gpu,
Kalanzi,kalanzi,,Unknown,kalaani,Luganda,85.71428571428572,kalaani,Luganda,,0.0,,pending_gpu,
Akabbozi,akabbozi,,Unknown,akayozi,Luganda,80.0,akayozi,Luganda,,0.0,,pending_gpu,
nedda,nedda,nedda,Luganda,,,0.0,nedda,Luganda,,0.0,,pending_gpu,
sebbo,sebbo,,Unknown,ssebo,Luganda,80.0,ssebo,Luganda,,0.0,,pending_gpu,
oyo,oyo,oyo,Luganda,,,0.0,oyo,Luganda,,0.0,,pending_gpu,
nsumba,nsumba,,Unknown,ensuma,Luganda,83.33333333333334,ensuma,Luganda,,0.0,,pending_gpu,
kwesiva,kwesiva,,Unknown,okwesiga,Luganda,80.0,okwesiga,Luganda,,0.0,,pending_gpu,
ejja,ejja,,Unknown,lejja,Luganda,88.88888888888889,lejja,Luganda,,0.0,,pending_gpu,
ku,ku,ku,Luganda,,,0.0,ku,Luganda,,0.0,,pending_gpu,
kalanzi,kalanzi,,Unknown,kalaani,Luganda,85.71428571428572,kalaani,Luganda,,0.0,,pending_gpu,
kwesiva,kwesiva,,Unknown,okwesiga,Luganda,80.0,okwesiga,Luganda,,0.0,,pending_gpu,
kalanzi,kalanzi,,Unknown,kalaani,Luganda,85.71428571428572,kalaani,Luganda,,0.0,,pending_gpu,
kalanzi,kalanzi,,Unknown,kalaani,Luganda,85.71428571428572,kalaani,Luganda,,0.0,,pending_gpu,
omusipana,omusipana,,Unknown,omusana,Luganda,87.5,omusana,Luganda,,0.0,,pending_gpu,
nsumba,nsumba,,Unknown,ensuma,Luganda,83.33333333333334,ensuma,Luganda,,0.0,,pending_gpu,
Kalanzi,kalanzi,,Unknown,kalaani,Luganda,85.71428571428572,kalaani,Luganda,,0.0,,pending_gpu,
Akaboozi,akaboozi,,Unknown,akajjoozi,Luganda,82.35294117647058,akajjoozi,Luganda,,0.0,,pending_gpu,
Masanyalaze,masanyalaze,,Unknown,amasanyalaze,Luganda,95.65217391304348,amasanyalaze,Luganda,,0.0,,pending_gpu,
"luganda,","luganda,",,Unknown,oluganda,Luganda,87.5,oluganda,Luganda,,0.0,,pending_gpu,
Ssbo,ssbo,,Unknown,ssebo,Luganda,88.88888888888889,ssebo,Luganda,,0.0,,pending_gpu,
Ssebo,ssebo,Ssebo,Luganda,,,0.0,Ssebo,Luganda,,0.0,,pending_gpu,
Kalanzi,kalanzi,,Unknown,kalaani,Luganda,85.71428571428572,kalaani,Luganda,,0.0,,pending_gpu,
Matovu,matovu,,Unknown,matu,Luganda,80.0,matu,Luganda,,0.0,,pending_gpu,
buddu,buddu,,Unknown,obuddu,Luganda,90.9090909090909,obuddu,Luganda,,0.0,,pending_gpu,
Matovu,matovu,,Unknown,matu,Luganda,80.0,matu,Luganda,,0.0,,pending_gpu,
buddu,buddu,,Unknown,obuddu,Luganda,90.9090909090909,obuddu,Luganda,,0.0,,pending_gpu,
kalanzi,kalanzi,,Unknown,kalaani,Luganda,85.71428571428572,kalaani,Luganda,,0.0,,pending_gpu,
omutabizi,omutabizi,,Unknown,omulabirizi,Luganda,80.0,omulabirizi,Luganda,,0.0,,pending_gpu,
kiibi,kiibi,,Unknown,kibi,Luganda,88.88888888888889,kibi,Luganda,,0.0,,pending_gpu,
dakiika,dakiika,,Unknown,eddakiika,Luganda,87.5,eddakiika,Luganda,,0.0,,pending_gpu,
masanyalaze,masanyalaze,,Unknown,amasanyalaze,Luganda,95.65217391304348,amasanyalaze,Luganda,,0.0,,pending_gpu,
nsumba,nsumba,,Unknown,ensuma,Luganda,83.33333333333334,ensuma,Luganda,,0.0,,pending_gpu,
Kalanzi,kalanzi,,Unknown,kalaani,Luganda,85.71428571428572,kalaani,Luganda,,0.0,,pending_gpu,
omusipana,omusipana,,Unknown,omusana,Luganda,87.5,omusana,Luganda,,0.0,,pending_gpu,
Kalanzi,kalanzi,,Unknown,kalaani,Luganda,85.71428571428572,kalaani,Luganda,,0.0,,pending_gpu,
emandduso,emandduso,,Unknown,emanduso,Luganda,94.11764705882352,emanduso,Luganda,,0.0,,pending_gpu,
abasajja,abasajja,,Unknown,basajja,Luganda,93.33333333333333,basajja,Luganda,,0.0,,pending_gpu,
ku,ku,ku,Luganda,,,0.0,ku,Luganda,,0.0,,pending_gpu,
buddu,buddu,,Unknown,obuddu,Luganda,90.9090909090909,obuddu,Luganda,,0.0,,pending_gpu,
ku,ku,ku,Luganda,,,0.0,ku,Luganda,,0.0,,pending_gpu,
ku,ku,ku,Luganda,,,0.0,ku,Luganda,,0.0,,pending_gpu,
kimere,kimere,,Unknown,kimera,Luganda,83.33333333333334,kimera,Luganda,,0.0,,pending_gpu,
Kabaka,kabaka,Kabaka,Luganda,,,0.0,Kabaka,Luganda,,0.0,,pending_gpu,
kalanzi,kalanzi,,Unknown,kalaani,Luganda,85.71428571428572,kalaani,Luganda,,0.0,,pending_gpu,
abasajja,abasajja,,Unknown,basajja,Luganda,93.33333333333333,basajja,Luganda,,0.0,,pending_gpu,
ku,ku,ku,Luganda,,,0.0,ku,Luganda,,0.0,,pending_gpu,
buddu,buddu,,Unknown,obuddu,Luganda,90.9090909090909,obuddu,Luganda,,0.0,,pending_gpu,
ku,ku,ku,Luganda,,,0.0,ku,Luganda,,0.0,,pending_gpu,
Oli,oli,Oli,Luganda,,,0.0,Oli,Luganda,,0.0,,pending_gpu,
mulwadde,mulwadde,,Unknown,omulwadde,Luganda,94.11764705882352,omulwadde,Luganda,,0.0,,pending_gpu,
mugwano,mugwano,,Unknown,omukwano,Luganda,80.0,omukwano,Luganda,,0.0,,pending_gpu,
bugrere,bugrere,,Unknown,oburere,Luganda,85.71428571428572,oburere,Luganda,,0.0,,pending_gpu,
Akaawooma,akaawooma,,Unknown,akaama,Luganda,80.0,akaama,Luganda,,0.0,,pending_gpu,
kalanzi,kalanzi,,Unknown,kalaani,Luganda,85.71428571428572,kalaani,Luganda,,0.0,,pending_gpu,
kyambadde,kyambadde,,Unknown,ekyambadde,Luganda,94.73684210526316,ekyambadde,Luganda,,0.0,,pending_gpu,
Ssbo,ssbo,,Unknown,ssebo,Luganda,88.88888888888889,ssebo,Luganda,,0.0,,pending_gpu,
Ssebo,ssebo,Ssebo,Luganda,,,0.0,Ssebo,Luganda,,0.0,,pending_gpu,
Kalanzi,kalanzi,,Unknown,kalaani,Luganda,85.71428571428572,kalaani,Luganda,,0.0,,pending_gpu,
ku,ku,ku,Luganda,,,0.0,ku,Luganda,,0.0,,pending_gpu,
ku,ku,ku,Luganda,,,0.0,ku,Luganda,,0.0,,pending_gpu,
nedda,nedda,nedda,Luganda,,,0.0,nedda,Luganda,,0.0,,pending_gpu,
sebo,sebo,,Unknown,ssebo,Luganda,88.88888888888889,ssebo,Luganda,,0.0,,pending_gpu,
kimere,kimere,,Unknown,kimera,Luganda,83.33333333333334,kimera,Luganda,,0.0,,pending_gpu,
kalanzi,kalanzi,,Unknown,kalaani,Luganda,85.71428571428572,kalaani,Luganda,,0.0,,pending_gpu,
kyambadde,kyambadde,,Unknown,ekyambadde,Luganda,94.73684210526316,ekyambadde,Luganda,,0.0,,pending_gpu,
omutabizi,omutabizi,,Unknown,omulabirizi,Luganda,80.0,omulabirizi,Luganda,,0.0,,pending_gpu,
kimera,kimera,kimera,Luganda,,,0.0,kimera,Luganda,,0.0,,pending_gpu,
kalanzi,kalanzi,,Unknown,kalaani,Luganda,85.71428571428572,kalaani,Luganda,,0.0,,pending_gpu,
masanyalaze,masanyalaze,,Unknown,amasanyalaze,Luganda,95.65217391304348,amasanyalaze,Luganda,,0.0,,pending_gpu,
kyambadde,kyambadde,,Unknown,ekyambadde,Luganda,94.73684210526316,ekyambadde,Luganda,,0.0,,pending_gpu,
nsumba,nsumba,,Unknown,ensuma,Luganda,83.33333333333334,ensuma,Luganda,,0.0,,pending_gpu,
nsumba,nsumba,,Unknown,ensuma,Luganda,83.33333333333334,ensuma,Luganda,,0.0,,pending_gpu,
"masanyala,e","masanyala,e",,Unknown,amasanyalaze,Luganda,86.95652173913044,amasanyalaze,Luganda,,0.0,,pending_gpu,
ndala,ndala,,Unknown,endala,Luganda,90.9090909090909,endala,Luganda,,0.0,,pending_gpu,
Ddungu,ddungu,,Unknown,eddungu,Luganda,92.3076923076923,eddungu,Luganda,,0.0,,pending_gpu,
ku,ku,ku,Luganda,,,0.0,ku,Luganda,,0.0,,pending_gpu,
mukulu,mukulu,,Unknown,omukulu,Luganda,92.3076923076923,omukulu,Luganda,,0.0,,pending_gpu,
birimunda,birimunda,,Unknown,ekirimunda,Luganda,84.21052631578947,ekirimunda,Luganda,,0.0,,pending_gpu,
Naye,naye,Naye,Luganda,,,0.0,Naye,Luganda,,0.0,,pending_gpu,
ku,ku,ku,Luganda,,,0.0,ku,Luganda,,0.0,,pending_gpu,
masanyalaze,masanyalaze,,Unknown,amasanyalaze,Luganda,95.65217391304348,amasanyalaze,Luganda,,0.0,,pending_gpu,
ku,ku,ku,Luganda,,,0.0,ku,Luganda,,0.0,,pending_gpu,
omupira,omupira,,Unknown,omupiira,Luganda,93.33333333333333,omupiira,Luganda,,0.0,,pending_gpu,
katimba.,katimba.,,Unknown,akatimba,Luganda,87.5,akatimba,Luganda,,0.0,,pending_gpu,
Nsumba,nsumba,,Unknown,ensuma,Luganda,83.33333333333334,ensuma,Luganda,,0.0,,pending_gpu,
oyo,oyo,oyo,Luganda,,,0.0,oyo,Luganda,,0.0,,pending_gpu,
@Ddungu,@ddungu,,Unknown,eddungu,Luganda,85.71428571428572,eddungu,Luganda,,0.0,,pending_gpu,
Myke,myke,,Unknown,mye,Luganda,85.71428571428572,mye,Luganda,,0.0,,pending_gpu,
Masanyalaze,masanyalaze,,Unknown,amasanyalaze,Luganda,95.65217391304348,amasanyalaze,Luganda,,0.0,,pending_gpu,
Nsumba,nsumba,,Unknown,ensuma,Luganda,83.33333333333334,ensuma,Luganda,,0.0,,pending_gpu,
Nsumba,nsumba,,Unknown,ensuma,Luganda,83.33333333333334,ensuma,Luganda,,0.0,,pending_gpu,
Nsumba,nsumba,,Unknown,ensuma,Luganda,83.33333333333334,ensuma,Luganda,,0.0,,pending_gpu,
@omusipana,@omusipana,,Unknown,omusana,Luganda,82.35294117647058,omusana,Luganda,,0.0,,pending_gpu,
mulalamu,mulalamu,,Unknown,omulalu,Luganda,80.0,omulalu,Luganda,,0.0,,pending_gpu,
ku,ku,ku,Luganda,,,0.0,ku,Luganda,,0.0,,pending_gpu,
Owa,owa,Owa,Luganda,,,0.0,Owa,Luganda,,0.0,,pending_gpu,
Masanyalaze,masanyalaze,,Unknown,amasanyalaze,Luganda,95.65217391304348,amasanyalaze,Luganda,,0.0,,pending_gpu,
Kabaka,kabaka,Kabaka,Luganda,,,0.0,Kabaka,Luganda,,0.0,,pending_gpu,
Ddungu,ddungu,,Unknown,eddungu,Luganda,92.3076923076923,eddungu,Luganda,,0.0,,pending_gpu,
luganda,luganda,,Unknown,oluganda,Luganda,93.33333333333333,oluganda,Luganda,,0.0,,pending_gpu,
muko,muko,,Unknown,omuko,Luganda,88.88888888888889,omuko,Luganda,,0.0,,pending_gpu,
mazima,mazima,,Unknown,amazima,Luganda,92.3076923076923,amazima,Luganda,,0.0,,pending_gpu,
naye,naye,naye,Luganda,,,0.0,naye,Luganda,,0.0,,pending_gpu,
naye,naye,naye,Luganda,,,0.0,naye,Luganda,,0.0,,pending_gpu,
wano,wano,wano,Luganda,,,0.0,wano,Luganda,,0.0,,pending_gpu,
wange,wange,wange,Luganda,,,0.0,wange,Luganda,,0.0,,pending_gpu,
sambula,sambula,,Unknown,kasambula,Luganda,87.5,kasambula,Luganda,,0.0,,pending_gpu,
Mazima,mazima,,Unknown,amazima,Luganda,92.3076923076923,amazima,Luganda,,0.0,,pending_gpu,
jjaja,jjaja,,Unknown,jjajja,Luganda,90.9090909090909,jjajja,Luganda,,0.0,,pending_gpu,
ekitiibya,ekitiibya,,Unknown,ekitiibwa,Luganda,88.88888888888889,ekitiibwa,Luganda,,0.0,,pending_gpu,
Dhakaba,dhakaba,,Unknown,akaba,Luganda,83.33333333333334,akaba,Luganda,,0.0,,pending_gpu,
oyo,oyo,oyo,Luganda,,,0.0,oyo,Luganda,,0.0,,pending_gpu,
musiru,musiru,musiru,Luganda,,,0.0,musiru,Luganda,,0.0,,pending_gpu,
nyo,nyo,,Unknown,nnyo,Luganda,85.71428571428572,nnyo,Luganda,,0.0,,pending_gpu,
nga,nga,nga,Luganda,,,0.0,nga,Luganda,,0.0,,pending_gpu,
ku,ku,ku,Luganda,,,0.0,ku,Luganda,,0.0,,pending_gpu,
kapiira,kapiira,,Unknown,akapiira,Luganda,93.33333333333333,akapiira,Luganda,,0.0,,pending_gpu,
kutuuka,kutuuka,,Unknown,okutuuka,Luganda,93.33333333333333,okutuuka,Luganda,,0.0,,pending_gpu,
oba,oba,oba,Luganda,,,0.0,oba,Luganda,,0.0,,pending_gpu,
kumuluka,kumuluka,,Unknown,okululuka,Luganda,82.35294117647058,okululuka,Luganda,,0.0,,pending_gpu,
naye,naye,naye,Luganda,,,0.0,naye,Luganda,,0.0,,pending_gpu,
akategera,akategera,,Unknown,atategeera,Luganda,84.21052631578947,atategeera,Luganda,,0.0,,pending_gpu,
enyo,enyo,enyo,Luganda,,,0.0,enyo,Luganda,,0.0,,pending_gpu,
ogenda,ogenda,,Unknown,okugenda,Luganda,85.71428571428572,okugenda,Luganda,,0.0,,pending_gpu,
oli,oli,oli,Luganda,,,0.0,oli,Luganda,,0.0,,pending_gpu,
nga,nga,nga,Luganda,,,0.0,nga,Luganda,,0.0,,pending_gpu,
takubila,takubila,,Unknown,kubila,Luganda,85.71428571428572,kubila,Luganda,,0.0,,pending_gpu,
naye,naye,naye,Luganda,,,0.0,naye,Luganda,,0.0,,pending_gpu,
nga,nga,nga,Luganda,,,0.0,nga,Luganda,,0.0,,pending_gpu,
omussambi,omussambi,,Unknown,omuyambi,Luganda,82.35294117647058,omuyambi,Luganda,,0.0,,pending_gpu,
wano,wano,wano,Luganda,,,0.0,wano,Luganda,,0.0,,pending_gpu,
Oyo,oyo,Oyo,Luganda,,,0.0,Oyo,Luganda,,0.0,,pending_gpu,
nsaasira,nsaasira,,Unknown,ensaasi,Luganda,80.0,ensaasi,Luganda,,0.0,,pending_gpu,
abamuwuliliza,abamuwuliliza,,Unknown,abawuliriza,Luganda,83.33333333333334,abawuliriza,Luganda,,0.0,,pending_gpu,
omwo,omwo,,Unknown,omweso,Luganda,80.0,omweso,Luganda,,0.0,,pending_gpu,
nze,nze,nze,Luganda,,,0.0,nze,Luganda,,0.0,,pending_gpu,
awo,awo,awo,Luganda,,,0.0,awo,Luganda,,0.0,,pending_gpu,
ku,ku,ku,Luganda,,,0.0,ku,Luganda,,0.0,,pending_gpu,
mazima,mazima,,Unknown,amazima,Luganda,92.3076923076923,amazima,Luganda,,0.0,,pending_gpu,
Lwaki,lwaki,,Unknown,lwaaki,Luganda,90.9090909090909,lwaaki,Luganda,,0.0,,pending_gpu,
Nze,nze,Nze,Luganda,,,0.0,Nze,Luganda,,0.0,,pending_gpu,
nga,nga,nga,Luganda,,,0.0,nga,Luganda,,0.0,,pending_gpu,
Ssemboga,ssemboga,,Unknown,emboga,Luganda,85.71428571428572,emboga,Luganda,,0.0,,pending_gpu,
Ssentamu,ssentamu,,Unknown,entamu,Luganda,85.71428571428572,entamu,Luganda,,0.0,,pending_gpu,
Obulamu,obulamu,Obulamu,Luganda,,,0.0,Obulamu,Luganda,,0.0,,pending_gpu,
kiiro,kiiro,,Unknown,ekiro,Luganda,80.0,ekiro,Luganda,,0.0,,pending_gpu,
kisumuluzo,kisumuluzo,,Unknown,ekisumuluzo,Luganda,95.23809523809523,ekisumuluzo,Luganda,,0.0,,pending_gpu,
kisumuluzo,kisumuluzo,,Unknown,ekisumuluzo,Luganda,95.23809523809523,ekisumuluzo,Luganda,,0.0,,pending_gpu,
muko,muko,,Unknown,omuko,Luganda,88.88888888888889,omuko,Luganda,,0.0,,pending_gpu,
muko,muko,,Unknown,omuko,Luganda,88.88888888888889,omuko,Luganda,,0.0,,pending_gpu,
Taata,taata,Taata,Luganda,,,0.0,Taata,Luganda,,0.0,,pending_gpu,
webale,webale,webale,Luganda,,,0.0,webale,Luganda,,0.0,,pending_gpu,
taata,taata,taata,Luganda,,,0.0,taata,Luganda,,0.0,,pending_gpu,
tukwebaza,tukwebaza,,Unknown,okwebaza,Luganda,82.35294117647058,okwebaza,Luganda,,0.0,,pending_gpu,
okuba,okuba,okuba,Luganda,,,0.0,okuba,Luganda,,0.0,,pending_gpu,
manzima,manzima,,Unknown,amazima,Luganda,85.71428571428572,amazima,Luganda,,0.0,,pending_gpu,
mukama,mukama,mukama,Luganda,,,0.0,mukama,Luganda,,0.0,,pending_gpu,
kuuma,kuuma,kuuma,Luganda,,,0.0,kuuma,Luganda,,0.0,,pending_gpu,
taata,taata,taata,Luganda,,,0.0,taata,Luganda,,0.0,,pending_gpu,
mukama,mukama,mukama,Luganda,,,0.0,mukama,Luganda,,0.0,,pending_gpu,
kuuma,kuuma,kuuma,Luganda,,,0.0,kuuma,Luganda,,0.0,,pending_gpu,
taata,taata,taata,Luganda,,,0.0,taata,Luganda,,0.0,,pending_gpu,
wano,wano,wano,Luganda,,,0.0,wano,Luganda,,0.0,,pending_gpu,
wannge,wannge,,Unknown,wange,Luganda,90.9090909090909,wange,Luganda,,0.0,,pending_gpu,
ffe,ffe,ffe,Luganda,,,0.0,ffe,Luganda,,0.0,,pending_gpu,
nokuziimba,nokuziimba,,Unknown,okuzimba,Luganda,88.88888888888889,okuzimba,Luganda,,0.0,,pending_gpu,
okwekuba,okwekuba,,Unknown,okwewuba,Luganda,87.5,okwewuba,Luganda,,0.0,,pending_gpu,
engaloo,engaloo,,Unknown,engalo,Luganda,92.3076923076923,engalo,Luganda,,0.0,,pending_gpu,
nga,nga,nga,Luganda,,,0.0,nga,Luganda,,0.0,,pending_gpu,
:wano,:wano,,Unknown,wano,Luganda,88.88888888888889,wano,Luganda,,0.0,,pending_gpu,
wannge,wannge,,Unknown,wange,Luganda,90.9090909090909,wange,Luganda,,0.0,,pending_gpu,
mukama,mukama,mukama,Luganda,,,0.0,mukama,Luganda,,0.0,,pending_gpu,
buli,buli,buli,Luganda,,,0.0,buli,Luganda,,0.0,,pending_gpu,
yange,yange,,Unknown,gyange,Luganda,90.9090909090909,gyange,Luganda,,0.0,,pending_gpu,
Maama,maama,Maama,Luganda,,,0.0,Maama,Luganda,,0.0,,pending_gpu,
ku,ku,ku,Luganda,,,0.0,ku,Luganda,,0.0,,pending_gpu,
sente,sente,sente,Luganda,,,0.0,sente,Luganda,,0.0,,pending_gpu,
omuyimbi,omuyimbi,omuyimbi,Luganda,,,0.0,omuyimbi,Luganda,,0.0,,pending_gpu,
wange,wange,wange,Luganda,,,0.0,wange,Luganda,,0.0,,pending_gpu,
kapiripiti,kapiripiti,,Unknown,akabiriiti,Luganda,80.0,akabiriiti,Luganda,,0.0,,pending_gpu,
taata,taata,taata,Luganda,,,0.0,taata,Luganda,,0.0,,pending_gpu,
mazima,mazima,,Unknown,amazima,Luganda,92.3076923076923,amazima,Luganda,,0.0,,pending_gpu,
mwana,mwana,mwana,Luganda,,,0.0,mwana,Luganda,,0.0,,pending_gpu,
nkunonya,nkunonya,,Unknown,okunoonya,Luganda,82.35294117647058,okunoonya,Luganda,,0.0,,pending_gpu,
yange,yange,,Unknown,gyange,Luganda,90.9090909090909,gyange,Luganda,,0.0,,pending_gpu,
mutyaba,mutyaba,,Unknown,mutabani,Luganda,80.0,mutabani,Luganda,,0.0,,pending_gpu,
nze,nze,nze,Luganda,,,0.0,nze,Luganda,,0.0,,pending_gpu,
Mutyaba,mutyaba,,Unknown,mutabani,Luganda,80.0,mutabani,Luganda,,0.0,,pending_gpu,
mutyaba,mutyaba,,Unknown,mutabani,Luganda,80.0,mutabani,Luganda,,0.0,,pending_gpu,
mutyaba,mutyaba,,Unknown,mutabani,Luganda,80.0,mutabani,Luganda,,0.0,,pending_gpu,
ensonga,ensonga,ensonga,Luganda,,,0.0,ensonga,Luganda,,0.0,,pending_gpu,
oyo,oyo,oyo,Luganda,,,0.0,oyo,Luganda,,0.0,,pending_gpu,
Ntebbe,ntebbe,,Unknown,ntebe,Luganda,90.9090909090909,ntebe,Luganda,,0.0,,pending_gpu,
naye,naye,naye,Luganda,,,0.0,naye,Luganda,,0.0,,pending_gpu,
Kati,kati,Kati,Luganda,,,0.0,Kati,Luganda,,0.0,,pending_gpu,
oyo,oyo,oyo,Luganda,,,0.0,oyo,Luganda,,0.0,,pending_gpu,
buli,buli,buli,Luganda,,,0.0,buli,Luganda,,0.0,,pending_gpu,
wamu,wamu,wamu,Luganda,,,0.0,wamu,Luganda,,0.0,,pending_gpu,
bamugoba,bamugoba,,Unknown,amagoba,Luganda,80.0,amagoba,Luganda,,0.0,,pending_gpu,
Kati,kati,Kati,Luganda,,,0.0,Kati,Luganda,,0.0,,pending_gpu,
ffe,ffe,ffe,Luganda,,,0.0,ffe,Luganda,,0.0,,pending_gpu,
tamanyi,tamanyi,,Unknown,amanyi,Luganda,92.3076923076923,amanyi,Luganda,,0.0,,pending_gpu,
mupiira,mupiira,,Unknown,omupiira,Luganda,93.33333333333333,omupiira,Luganda,,0.0,,pending_gpu,
mabegawo,mabegawo,,Unknown,emabega,Luganda,80.0,emabega,Luganda,,0.0,,pending_gpu,
Mutyaba,mutyaba,,Unknown,mutabani,Luganda,80.0,mutabani,Luganda,,0.0,,pending_gpu,
kutisatisa,kutisatisa,,Unknown,okutisatiisa,Luganda,90.9090909090909,okutisatiisa,Luganda,,0.0,,pending_gpu,
Nkola,nkola,,Unknown,enkola,Luganda,90.9090909090909,enkola,Luganda,,0.0,,pending_gpu,
Ku,ku,Ku,Luganda,,,0.0,Ku,Luganda,,0.0,,pending_gpu,
kituufu,kituufu,kituufu,Luganda,,,0.0,kituufu,Luganda,,0.0,,pending_gpu,
tomuwa,tomuwa,,Unknown,omumwa,Luganda,83.33333333333334,omumwa,Luganda,,0.0,,pending_gpu,
Kituufu,kituufu,Kituufu,Luganda,,,0.0,Kituufu,Luganda,,0.0,,pending_gpu,
nnyo,nnyo,nnyo,Luganda,,,0.0,nnyo,Luganda,,0.0,,pending_gpu,
Mutyaba,mutyaba,,Unknown,mutabani,Luganda,80.0,mutabani,Luganda,,0.0,,pending_gpu,
naye,naye,naye,Luganda,,,0.0,naye,Luganda,,0.0,,pending_gpu,
mumupiira,mumupiira,,Unknown,omupiira,Luganda,82.35294117647058,omupiira,Luganda,,0.0,,pending_gpu,
oyo,oyo,oyo,Luganda,,,0.0,oyo,Luganda,,0.0,,pending_gpu,
kamukulu,kamukulu,,Unknown,omukulu,Luganda,80.0,omukulu,Luganda,,0.0,,pending_gpu,
nga,nga,nga,Luganda,,,0.0,nga,Luganda,,0.0,,pending_gpu,
mubintu,mubintu,,Unknown,mukintu,Luganda,85.71428571428572,mukintu,Luganda,,0.0,,pending_gpu,
Mutyaba,mutyaba,,Unknown,mutabani,Luganda,80.0,mutabani,Luganda,,0.0,,pending_gpu,
tamanyi,tamanyi,,Unknown,amanyi,Luganda,92.3076923076923,amanyi,Luganda,,0.0,,pending_gpu,
kyamanyi,kyamanyi,,Unknown,amanyi,Luganda,85.71428571428572,amanyi,Luganda,,0.0,,pending_gpu,
muli,muli,,Unknown,omuli,Luganda,88.88888888888889,omuli,Luganda,,0.0,,pending_gpu,
Ku,ku,Ku,Luganda,,,0.0,Ku,Luganda,,0.0,,pending_gpu,
mupiira,mupiira,,Unknown,omupiira,Luganda,93.33333333333333,omupiira,Luganda,,0.0,,pending_gpu,
Mutyaba,mutyaba,,Unknown,mutabani,Luganda,80.0,mutabani,Luganda,,0.0,,pending_gpu,
nkugwa,nkugwa,,Unknown,kugwa,Luganda,90.9090909090909,kugwa,Luganda,,0.0,,pending_gpu,
omupiira,omupiira,omupiira,Luganda,,,0.0,omupiira,Luganda,,0.0,,pending_gpu,
bonna,bonna,bonna,Luganda,,,0.0,bonna,Luganda,,0.0,,pending_gpu,
Oyo,oyo,Oyo,Luganda,,,0.0,Oyo,Luganda,,0.0,,pending_gpu,
butamanya.,butamanya.,,Unknown,obutamanya,Luganda,90.0,obutamanya,Luganda,,0.0,,pending_gpu,
kati,kati,kati,Luganda,,,0.0,kati,Luganda,,0.0,,pending_gpu,
mupiira,mupiira,,Unknown,omupiira,Luganda,93.33333333333333,omupiira,Luganda,,0.0,,pending_gpu,
sente,sente,sente,Luganda,,,0.0,sente,Luganda,,0.0,,pending_gpu,
ekizibu,ekizibu,ekizibu,Luganda,,,0.0,ekizibu,Luganda,,0.0,,pending_gpu,
kya,kya,kya,Luganda,,,0.0,kya,Luganda,,0.0,,pending_gpu,
kyekyo,kyekyo,,Unknown,ekyo,Luganda,80.0,ekyo,Luganda,,0.0,,pending_gpu,
obukurembeze,obukurembeze,,Unknown,obukulembeze,Luganda,91.66666666666666,obukulembeze,Luganda,,0.0,,pending_gpu,
bwomupir,bwomupir,,Unknown,bwomuti,Luganda,80.0,bwomuti,Luganda,,0.0,,pending_gpu,
oba,oba,oba,Luganda,,,0.0,oba,Luganda,,0.0,,pending_gpu,
Wano,wano,Wano,Luganda,,,0.0,Wano,Luganda,,0.0,,pending_gpu,
wange,wange,wange,Luganda,,,0.0,wange,Luganda,,0.0,,pending_gpu,
jojo,jojo,,Unknown,jjo,Luganda,85.71428571428572,jjo,Luganda,,0.0,,pending_gpu,
Jojo,jojo,,Unknown,jjo,Luganda,85.71428571428572,jjo,Luganda,,0.0,,pending_gpu,
JOJO,jojo,,Unknown,jjo,Luganda,85.71428571428572,jjo,Luganda,,0.0,,pending_gpu,
Oli,oli,Oli,Luganda,,,0.0,Oli,Luganda,,0.0,,pending_gpu,
waddala,waddala,,Unknown,ddala,Luganda,83.33333333333334,ddala,Luganda,,0.0,,pending_gpu,
Jojo,jojo,,Unknown,jjo,Luganda,85.71428571428572,jjo,Luganda,,0.0,,pending_gpu,
magala,magala,magala,Luganda,,,0.0,magala,Luganda,,0.0,,pending_gpu,
Jojo,jojo,,Unknown,jjo,Luganda,85.71428571428572,jjo,Luganda,,0.0,,pending_gpu,
okagala,okagala,,Unknown,okwagala,Luganda,93.33333333333333,okwagala,Luganda,,0.0,,pending_gpu,
kayina,kayina,kayina,Luganda,,,0.0,kayina,Luganda,,0.0,,pending_gpu,
Jojo,jojo,,Unknown,jjo,Luganda,85.71428571428572,jjo,Luganda,,0.0,,pending_gpu,
Mukwano,mukwano,,Unknown,omukwano,Luganda,93.33333333333333,omukwano,Luganda,,0.0,,pending_gpu,
kubuyambi,kubuyambi,,Unknown,obuyambi,Luganda,82.35294117647058,obuyambi,Luganda,,0.0,,pending_gpu,
Mukwano,mukwano,,Unknown,omukwano,Luganda,93.33333333333333,omukwano,Luganda,,0.0,,pending_gpu,
Jojo,jojo,,Unknown,jjo,Luganda,85.71428571428572,jjo,Luganda,,0.0,,pending_gpu,
Jojo,jojo,,Unknown,jjo,Luganda,85.71428571428572,jjo,Luganda,,0.0,,pending_gpu,
nyabo,nyabo,,Unknown,nnyabo,Luganda,90.9090909090909,nnyabo,Luganda,,0.0,,pending_gpu,
JoJo,jojo,,Unknown,jjo,Luganda,85.71428571428572,jjo,Luganda,,0.0,,pending_gpu,
okitegera,okitegera,,Unknown,okutegera,Luganda,88.88888888888889,okutegera,Luganda,,0.0,,pending_gpu,
Jojo,jojo,,Unknown,jjo,Luganda,85.71428571428572,jjo,Luganda,,0.0,,pending_gpu,
wano,wano,wano,Luganda,,,0.0,wano,Luganda,,0.0,,pending_gpu,
Magaala,magaala,,Unknown,magala,Luganda,92.3076923076923,magala,Luganda,,0.0,,pending_gpu,
magala,magala,magala,Luganda,,,0.0,magala,Luganda,,0.0,,pending_gpu,
Magala,magala,Magala,Luganda,,,0.0,Magala,Luganda,,0.0,,pending_gpu,
munanansi,munanansi,,Unknown,munnansi,Luganda,94.11764705882352,munnansi,Luganda,,0.0,,pending_gpu,
Jojo,jojo,,Unknown,jjo,Luganda,85.71428571428572,jjo,Luganda,,0.0,,pending_gpu,
kiwanuka,kiwanuka,,Unknown,ekiwuka,Luganda,80.0,ekiwuka,Luganda,,0.0,,pending_gpu,
naye,naye,naye,Luganda,,,0.0,naye,Luganda,,0.0,,pending_gpu,
magala,magala,magala,Luganda,,,0.0,magala,Luganda,,0.0,,pending_gpu,
eyo,eyo,eyo,Luganda,,,0.0,eyo,Luganda,,0.0,,pending_gpu,
kimera,kimera,kimera,Luganda,,,0.0,kimera,Luganda,,0.0,,pending_gpu,
yange,yange,,Unknown,gyange,Luganda,90.9090909090909,gyange,Luganda,,0.0,,pending_gpu,
Kimera,kimera,Kimera,Luganda,,,0.0,Kimera,Luganda,,0.0,,pending_gpu,
Emaali,emaali,,Unknown,emabbali,Luganda,85.71428571428572,emabbali,Luganda,,0.0,,pending_gpu,
nayee,nayee,,Unknown,naye,Luganda,88.88888888888889,naye,Luganda,,0.0,,pending_gpu,
@KAVUYO,@kavuyo,,Unknown,akavuyo,Luganda,85.71428571428572,akavuyo,Luganda,,0.0,,pending_gpu,
kwesiva,kwesiva,,Unknown,okwesiga,Luganda,80.0,okwesiga,Luganda,,0.0,,pending_gpu,
mwana,mwana,mwana,Luganda,,,0.0,mwana,Luganda,,0.0,,pending_gpu,
Awo,awo,Awo,Luganda,,,0.0,Awo,Luganda,,0.0,,pending_gpu,
kurika,kurika,,Unknown,kuyurika,Luganda,85.71428571428572,kuyurika,Luganda,,0.0,,pending_gpu,
abayimbi,abayimbi,,Unknown,gwabayimbi,Luganda,88.88888888888889,gwabayimbi,Luganda,,0.0,,pending_gpu,
nga,nga,nga,Luganda,,,0.0,nga,Luganda,,0.0,,pending_gpu,
ekintu,ekintu,ekintu,Luganda,,,0.0,ekintu,Luganda,,0.0,,pending_gpu,
kyabadde,kyabadde,,Unknown,ekyambadde,Luganda,88.88888888888889,ekyambadde,Luganda,,0.0,,pending_gpu,
Naye,naye,Naye,Luganda,,,0.0,Naye,Luganda,,0.0,,pending_gpu,
Nga,nga,Nga,Luganda,,,0.0,Nga,Luganda,,0.0,,pending_gpu,
Gwe,gwe,Gwe,Luganda,,,0.0,Gwe,Luganda,,0.0,,pending_gpu,
wabadde,wabadde,,Unknown,abazadde,Luganda,80.0,abazadde,Luganda,,0.0,,pending_gpu,
esanyu,esanyu,,Unknown,essanyu,Luganda,92.3076923076923,essanyu,Luganda,,0.0,,pending_gpu,
gwe,gwe,gwe,Luganda,,,0.0,gwe,Luganda,,0.0,,pending_gpu,
mazima,mazima,,Unknown,amazima,Luganda,92.3076923076923,amazima,Luganda,,0.0,,pending_gpu,
naye,naye,naye,Luganda,,,0.0,naye,Luganda,,0.0,,pending_gpu,
muli,muli,,Unknown,omuli,Luganda,88.88888888888889,omuli,Luganda,,0.0,,pending_gpu,
mukuba,mukuba,,Unknown,kukuba,Luganda,83.33333333333334,kukuba,Luganda,,0.0,,pending_gpu,
"Mazima,","mazima,",,Unknown,amazima,Luganda,85.71428571428572,amazima,Luganda,,0.0,,pending_gpu,
taata,taata,taata,Luganda,,,0.0,taata,Luganda,,0.0,,pending_gpu,
yesu,yesu,yesu,Luganda,,,0.0,yesu,Luganda,,0.0,,pending_gpu,
mukomere,mukomere,,Unknown,mukomera,Luganda,87.5,mukomera,Luganda,,0.0,,pending_gpu,
maama,maama,maama,Luganda,,,0.0,maama,Luganda,,0.0,,pending_gpu,
mukama,mukama,mukama,Luganda,,,0.0,mukama,Luganda,,0.0,,pending_gpu,
kenya,kenya,kenya,Luganda,,,0.0,kenya,Luganda,,0.0,,pending_gpu,
wange,wange,wange,Luganda,,,0.0,wange,Luganda,,0.0,,pending_gpu,
WANGE,wange,WANGE,Luganda,,,0.0,WANGE,Luganda,,0.0,,pending_gpu,
WANGE,wange,WANGE,Luganda,,,0.0,WANGE,Luganda,,0.0,,pending_gpu,
kwagara,kwagara,,Unknown,okwagala,Luganda,80.0,okwagala,Luganda,,0.0,,pending_gpu,
omurungi,omurungi,,Unknown,omulungi,Luganda,87.5,omulungi,Luganda,,0.0,,pending_gpu,
wange,wange,wange,Luganda,,,0.0,wange,Luganda,,0.0,,pending_gpu,
gwe,gwe,gwe,Luganda,,,0.0,gwe,Luganda,,0.0,,pending_gpu,
nkwagala,nkwagala,,Unknown,okwagala,Luganda,87.5,okwagala,Luganda,,0.0,,pending_gpu,
omulungi,omulungi,omulungi,Luganda,,,0.0,omulungi,Luganda,,0.0,,pending_gpu,
wange,wange,wange,Luganda,,,0.0,wange,Luganda,,0.0,,pending_gpu,
kange,kange,kange,Luganda,,,0.0,kange,Luganda,,0.0,,pending_gpu,
nga,nga,nga,Luganda,,,0.0,nga,Luganda,,0.0,,pending_gpu,
kange,kange,kange,Luganda,,,0.0,kange,Luganda,,0.0,,pending_gpu,
OKITEGELA,okitegela,,Unknown,okuteela,Luganda,82.35294117647058,okuteela,Luganda,,0.0,,pending_gpu,
OMULUNGI,omulungi,OMULUNGI,Luganda,,,0.0,OMULUNGI,Luganda,,0.0,,pending_gpu,
WANGYE,wangye,,Unknown,wange,Luganda,90.9090909090909,wange,Luganda,,0.0,,pending_gpu,
OMULUNGI,omulungi,OMULUNGI,Luganda,,,0.0,OMULUNGI,Luganda,,0.0,,pending_gpu,
OMULUNGI,omulungi,OMULUNGI,Luganda,,,0.0,OMULUNGI,Luganda,,0.0,,pending_gpu,
WANGYE,wangye,,Unknown,wange,Luganda,90.9090909090909,wange,Luganda,,0.0,,pending_gpu,
OMULUNGI,omulungi,OMULUNGI,Luganda,,,0.0,OMULUNGI,Luganda,,0.0,,pending_gpu,
OMULUNGI,omulungi,OMULUNGI,Luganda,,,0.0,OMULUNGI,Luganda,,0.0,,pending_gpu,
WANGYE,wangye,,Unknown,wange,Luganda,90.9090909090909,wange,Luganda,,0.0,,pending_gpu,
OMULUNGI,omulungi,OMULUNGI,Luganda,,,0.0,OMULUNGI,Luganda,,0.0,,pending_gpu,
OMULUNGI,omulungi,OMULUNGI,Luganda,,,0.0,OMULUNGI,Luganda,,0.0,,pending_gpu,
WANGYE,wangye,,Unknown,wange,Luganda,90.9090909090909,wange,Luganda,,0.0,,pending_gpu,
OMULUNGI,omulungi,OMULUNGI,Luganda,,,0.0,OMULUNGI,Luganda,,0.0,,pending_gpu,
OMULUNGI,omulungi,OMULUNGI,Luganda,,,0.0,OMULUNGI,Luganda,,0.0,,pending_gpu,
WANGYE,wangye,,Unknown,wange,Luganda,90.9090909090909,wange,Luganda,,0.0,,pending_gpu,
OMULUNGI,omulungi,OMULUNGI,Luganda,,,0.0,OMULUNGI,Luganda,,0.0,,pending_gpu,
OMULUNGI,omulungi,OMULUNGI,Luganda,,,0.0,OMULUNGI,Luganda,,0.0,,pending_gpu,
WANGYE,wangye,,Unknown,wange,Luganda,90.9090909090909,wange,Luganda,,0.0,,pending_gpu,
mazima,mazima,,Unknown,amazima,Luganda,92.3076923076923,amazima,Luganda,,0.0,,pending_gpu,
mazima,mazima,,Unknown,amazima,Luganda,92.3076923076923,amazima,Luganda,,0.0,,pending_gpu,
mazima,mazima,,Unknown,amazima,Luganda,92.3076923076923,amazima,Luganda,,0.0,,pending_gpu,
mazima,mazima,,Unknown,amazima,Luganda,92.3076923076923,amazima,Luganda,,0.0,,pending_gpu,
mazima,mazima,,Unknown,amazima,Luganda,92.3076923076923,amazima,Luganda,,0.0,,pending_gpu,
mazima,mazima,,Unknown,amazima,Luganda,92.3076923076923,amazima,Luganda,,0.0,,pending_gpu,
mazima,mazima,,Unknown,amazima,Luganda,92.3076923076923,amazima,Luganda,,0.0,,pending_gpu,
mazima,mazima,,Unknown,amazima,Luganda,92.3076923076923,amazima,Luganda,,0.0,,pending_gpu,
wange,wange,wange,Luganda,,,0.0,wange,Luganda,,0.0,,pending_gpu,
mazima,mazima,,Unknown,amazima,Luganda,92.3076923076923,amazima,Luganda,,0.0,,pending_gpu,
wange,wange,wange,Luganda,,,0.0,wange,Luganda,,0.0,,pending_gpu,
omulungi,omulungi,omulungi,Luganda,,,0.0,omulungi,Luganda,,0.0,,pending_gpu,
wange,wange,wange,Luganda,,,0.0,wange,Luganda,,0.0,,pending_gpu,
omulungi,omulungi,omulungi,Luganda,,,0.0,omulungi,Luganda,,0.0,,pending_gpu,
wange,wange,wange,Luganda,,,0.0,wange,Luganda,,0.0,,pending_gpu,
Mazima,mazima,,Unknown,amazima,Luganda,92.3076923076923,amazima,Luganda,,0.0,,pending_gpu,
Mazima,mazima,,Unknown,amazima,Luganda,92.3076923076923,amazima,Luganda,,0.0,,pending_gpu,
Mazima,mazima,,Unknown,amazima,Luganda,92.3076923076923,amazima,Luganda,,0.0,,pending_gpu,
Mazima,mazima,,Unknown,amazima,Luganda,92.3076923076923,amazima,Luganda,,0.0,,pending_gpu,
Mazima,mazima,,Unknown,amazima,Luganda,92.3076923076923,amazima,Luganda,,0.0,,pending_gpu,
Mazima,mazima,,Unknown,amazima,Luganda,92.3076923076923,amazima,Luganda,,0.0,,pending_gpu,
Mazima,mazima,,Unknown,amazima,Luganda,92.3076923076923,amazima,Luganda,,0.0,,pending_gpu,
Mazima,mazima,,Unknown,amazima,Luganda,92.3076923076923,amazima,Luganda,,0.0,,pending_gpu,
Mazima,mazima,,Unknown,amazima,Luganda,92.3076923076923,amazima,Luganda,,0.0,,pending_gpu,
Mazima,mazima,,Unknown,amazima,Luganda,92.3076923076923,amazima,Luganda,,0.0,,pending_gpu,
Mazima,mazima,,Unknown,amazima,Luganda,92.3076923076923,amazima,Luganda,,0.0,,pending_gpu,
Mazima,mazima,,Unknown,amazima,Luganda,92.3076923076923,amazima,Luganda,,0.0,,pending_gpu,
Mazima,mazima,,Unknown,amazima,Luganda,92.3076923076923,amazima,Luganda,,0.0,,pending_gpu,
Maziima,maziima,,Unknown,amazima,Luganda,85.71428571428572,amazima,Luganda,,0.0,,pending_gpu,
Mazima,mazima,,Unknown,amazima,Luganda,92.3076923076923,amazima,Luganda,,0.0,,pending_gpu,
⌨️Mazima,⌨️mazima,,Unknown,amazima,Luganda,80.0,amazima,Luganda,,0.0,,pending_gpu,
Mazima,mazima,,Unknown,amazima,Luganda,92.3076923076923,amazima,Luganda,,0.0,,pending_gpu,
⌨️Mazima,⌨️mazima,,Unknown,amazima,Luganda,80.0,amazima,Luganda,,0.0,,pending_gpu,
Mazima,mazima,,Unknown,amazima,Luganda,92.3076923076923,amazima,Luganda,,0.0,,pending_gpu,
⌨️Mazima,⌨️mazima,,Unknown,amazima,Luganda,80.0,amazima,Luganda,,0.0,,pending_gpu,
Mazima,mazima,,Unknown,amazima,Luganda,92.3076923076923,amazima,Luganda,,0.0,,pending_gpu,
Mazima,mazima,,Unknown,amazima,Luganda,92.3076923076923,amazima,Luganda,,0.0,,pending_gpu,
Mazima,mazima,,Unknown,amazima,Luganda,92.3076923076923,amazima,Luganda,,0.0,,pending_gpu,
Mazima,mazima,,Unknown,amazima,Luganda,92.3076923076923,amazima,Luganda,,0.0,,pending_gpu,
Mazima,mazima,,Unknown,amazima,Luganda,92.3076923076923,amazima,Luganda,,0.0,,pending_gpu,
Mazima,mazima,,Unknown,amazima,Luganda,92.3076923076923,amazima,Luganda,,0.0,,pending_gpu,
Mazima,mazima,,Unknown,amazima,Luganda,92.3076923076923,amazima,Luganda,,0.0,,pending_gpu,
Mazima,mazima,,Unknown,amazima,Luganda,92.3076923076923,amazima,Luganda,,0.0,,pending_gpu,
Mazima,mazima,,Unknown,amazima,Luganda,92.3076923076923,amazima,Luganda,,0.0,,pending_gpu,
Mazima,mazima,,Unknown,amazima,Luganda,92.3076923076923,amazima,Luganda,,0.0,,pending_gpu,
Mazima,mazima,,Unknown,amazima,Luganda,92.3076923076923,amazima,Luganda,,0.0,,pending_gpu,
♥️Mazima,♥️mazima,,Unknown,amazima,Luganda,80.0,amazima,Luganda,,0.0,,pending_gpu,
Mazima,mazima,,Unknown,amazima,Luganda,92.3076923076923,amazima,Luganda,,0.0,,pending_gpu,
♥️Mazima,♥️mazima,,Unknown,amazima,Luganda,80.0,amazima,Luganda,,0.0,,pending_gpu,
Mazima,mazima,,Unknown,amazima,Luganda,92.3076923076923,amazima,Luganda,,0.0,,pending_gpu,
♥️Mazima,♥️mazima,,Unknown,amazima,Luganda,80.0,amazima,Luganda,,0.0,,pending_gpu,
Mazima,mazima,,Unknown,amazima,Luganda,92.3076923076923,amazima,Luganda,,0.0,,pending_gpu,
Omulunji,omulunji,,Unknown,omulungi,Luganda,87.5,omulungi,Luganda,,0.0,,pending_gpu,
wange,wange,wange,Luganda,,,0.0,wange,Luganda,,0.0,,pending_gpu,
wange,wange,wange,Luganda,,,0.0,wange,Luganda,,0.0,,pending_gpu,
okitegera,okitegera,,Unknown,okutegera,Luganda,88.88888888888889,okutegera,Luganda,,0.0,,pending_gpu,
mazima,mazima,,Unknown,amazima,Luganda,92.3076923076923,amazima,Luganda,,0.0,,pending_gpu,
Sawa,sawa,Sawa,Luganda,,,0.0,Sawa,Luganda,,0.0,,pending_gpu,
yona,yona,,Unknown,yonna,Luganda,88.88888888888889,yonna,Luganda,,0.0,,pending_gpu,
mazima,mazima,,Unknown,amazima,Luganda,92.3076923076923,amazima,Luganda,,0.0,,pending_gpu,
omulungi,omulungi,omulungi,Luganda,,,0.0,omulungi,Luganda,,0.0,,pending_gpu,
wange,wange,wange,Luganda,,,0.0,wange,Luganda,,0.0,,pending_gpu,
mazima,mazima,,Unknown,amazima,Luganda,92.3076923076923,amazima,Luganda,,0.0,,pending_gpu,
Mazima,mazima,,Unknown,amazima,Luganda,92.3076923076923,amazima,Luganda,,0.0,,pending_gpu,
mazima,mazima,,Unknown,amazima,Luganda,92.3076923076923,amazima,Luganda,,0.0,,pending_gpu,
mazima,mazima,,Unknown,amazima,Luganda,92.3076923076923,amazima,Luganda,,0.0,,pending_gpu,
mazima,mazima,,Unknown,amazima,Luganda,92.3076923076923,amazima,Luganda,,0.0,,pending_gpu,
mazima,mazima,,Unknown,amazima,Luganda,92.3076923076923,amazima,Luganda,,0.0,,pending_gpu,
mazima,mazima,,Unknown,amazima,Luganda,92.3076923076923,amazima,Luganda,,0.0,,pending_gpu,
mazima,mazima,,Unknown,amazima,Luganda,92.3076923076923,amazima,Luganda,,0.0,,pending_gpu,
mazima,mazima,,Unknown,amazima,Luganda,92.3076923076923,amazima,Luganda,,0.0,,pending_gpu,
mazima,mazima,,Unknown,amazima,Luganda,92.3076923076923,amazima,Luganda,,0.0,,pending_gpu,
mazima,mazima,,Unknown,amazima,Luganda,92.3076923076923,amazima,Luganda,,0.0,,pending_gpu,
mazima,mazima,,Unknown,amazima,Luganda,92.3076923076923,amazima,Luganda,,0.0,,pending_gpu,
mazima,mazima,,Unknown,amazima,Luganda,92.3076923076923,amazima,Luganda,,0.0,,pending_gpu,
mazima,mazima,,Unknown,amazima,Luganda,92.3076923076923,amazima,Luganda,,0.0,,pending_gpu,
mazima,mazima,,Unknown,amazima,Luganda,92.3076923076923,amazima,Luganda,,0.0,,pending_gpu,
mazima,mazima,,Unknown,amazima,Luganda,92.3076923076923,amazima,Luganda,,0.0,,pending_gpu,
mazima,mazima,,Unknown,amazima,Luganda,92.3076923076923,amazima,Luganda,,0.0,,pending_gpu,
mazima,mazima,,Unknown,amazima,Luganda,92.3076923076923,amazima,Luganda,,0.0,,pending_gpu,
mazima,mazima,,Unknown,amazima,Luganda,92.3076923076923,amazima,Luganda,,0.0,,pending_gpu,
mazima,mazima,,Unknown,amazima,Luganda,92.3076923076923,amazima,Luganda,,0.0,,pending_gpu,
mazima,mazima,,Unknown,amazima,Luganda,92.3076923076923,amazima,Luganda,,0.0,,pending_gpu,
mazima,mazima,,Unknown,amazima,Luganda,92.3076923076923,amazima,Luganda,,0.0,,pending_gpu,
mazima,mazima,,Unknown,amazima,Luganda,92.3076923076923,amazima,Luganda,,0.0,,pending_gpu,
mazima,mazima,,Unknown,amazima,Luganda,92.3076923076923,amazima,Luganda,,0.0,,pending_gpu,
mazima,mazima,,Unknown,amazima,Luganda,92.3076923076923,amazima,Luganda,,0.0,,pending_gpu,
mazima,mazima,,Unknown,amazima,Luganda,92.3076923076923,amazima,Luganda,,0.0,,pending_gpu,
mazima,mazima,,Unknown,amazima,Luganda,92.3076923076923,amazima,Luganda,,0.0,,pending_gpu,
mazima,mazima,,Unknown,amazima,Luganda,92.3076923076923,amazima,Luganda,,0.0,,pending_gpu,
mazima,mazima,,Unknown,amazima,Luganda,92.3076923076923,amazima,Luganda,,0.0,,pending_gpu,
mazima,mazima,,Unknown,amazima,Luganda,92.3076923076923,amazima,Luganda,,0.0,,pending_gpu,
mazima,mazima,,Unknown,amazima,Luganda,92.3076923076923,amazima,Luganda,,0.0,,pending_gpu,
mazima,mazima,,Unknown,amazima,Luganda,92.3076923076923,amazima,Luganda,,0.0,,pending_gpu,
mazima,mazima,,Unknown,amazima,Luganda,92.3076923076923,amazima,Luganda,,0.0,,pending_gpu,
mazima,mazima,,Unknown,amazima,Luganda,92.3076923076923,amazima,Luganda,,0.0,,pending_gpu,
mazima,mazima,,Unknown,amazima,Luganda,92.3076923076923,amazima,Luganda,,0.0,,pending_gpu,
mazima,mazima,,Unknown,amazima,Luganda,92.3076923076923,amazima,Luganda,,0.0,,pending_gpu,
mazima,mazima,,Unknown,amazima,Luganda,92.3076923076923,amazima,Luganda,,0.0,,pending_gpu,
mazima,mazima,,Unknown,amazima,Luganda,92.3076923076923,amazima,Luganda,,0.0,,pending_gpu,
mazima,mazima,,Unknown,amazima,Luganda,92.3076923076923,amazima,Luganda,,0.0,,pending_gpu,
omulungi,omulungi,omulungi,Luganda,,,0.0,omulungi,Luganda,,0.0,,pending_gpu,
wange,wange,wange,Luganda,,,0.0,wange,Luganda,,0.0,,pending_gpu,
mazima,mazima,,Unknown,amazima,Luganda,92.3076923076923,amazima,Luganda,,0.0,,pending_gpu,
mazima,mazima,,Unknown,amazima,Luganda,92.3076923076923,amazima,Luganda,,0.0,,pending_gpu,
mazima,mazima,,Unknown,amazima,Luganda,92.3076923076923,amazima,Luganda,,0.0,,pending_gpu,
mazima,mazima,,Unknown,amazima,Luganda,92.3076923076923,amazima,Luganda,,0.0,,pending_gpu,
mazima,mazima,,Unknown,amazima,Luganda,92.3076923076923,amazima,Luganda,,0.0,,pending_gpu,
mazima,mazima,,Unknown,amazima,Luganda,92.3076923076923,amazima,Luganda,,0.0,,pending_gpu,
mazima,mazima,,Unknown,amazima,Luganda,92.3076923076923,amazima,Luganda,,0.0,,pending_gpu,
mazima,mazima,,Unknown,amazima,Luganda,92.3076923076923,amazima,Luganda,,0.0,,pending_gpu,
mazima,mazima,,Unknown,amazima,Luganda,92.3076923076923,amazima,Luganda,,0.0,,pending_gpu,
mazima,mazima,,Unknown,amazima,Luganda,92.3076923076923,amazima,Luganda,,0.0,,pending_gpu,
mazima,mazima,,Unknown,amazima,Luganda,92.3076923076923,amazima,Luganda,,0.0,,pending_gpu,
mazima,mazima,,Unknown,amazima,Luganda,92.3076923076923,amazima,Luganda,,0.0,,pending_gpu,
mazima,mazima,,Unknown,amazima,Luganda,92.3076923076923,amazima,Luganda,,0.0,,pending_gpu,
mazima,mazima,,Unknown,amazima,Luganda,92.3076923076923,amazima,Luganda,,0.0,,pending_gpu,
mazima,mazima,,Unknown,amazima,Luganda,92.3076923076923,amazima,Luganda,,0.0,,pending_gpu,
mazima,mazima,,Unknown,amazima,Luganda,92.3076923076923,amazima,Luganda,,0.0,,pending_gpu,
mazima,mazima,,Unknown,amazima,Luganda,92.3076923076923,amazima,Luganda,,0.0,,pending_gpu,
mazima,mazima,,Unknown,amazima,Luganda,92.3076923076923,amazima,Luganda,,0.0,,pending_gpu,
mazima,mazima,,Unknown,amazima,Luganda,92.3076923076923,amazima,Luganda,,0.0,,pending_gpu,
mazima,mazima,,Unknown,amazima,Luganda,92.3076923076923,amazima,Luganda,,0.0,,pending_gpu,
mazima,mazima,,Unknown,amazima,Luganda,92.3076923076923,amazima,Luganda,,0.0,,pending_gpu,
mazima,mazima,,Unknown,amazima,Luganda,92.3076923076923,amazima,Luganda,,0.0,,pending_gpu,
mazima,mazima,,Unknown,amazima,Luganda,92.3076923076923,amazima,Luganda,,0.0,,pending_gpu,
mazima,mazima,,Unknown,amazima,Luganda,92.3076923076923,amazima,Luganda,,0.0,,pending_gpu,
mazima,mazima,,Unknown,amazima,Luganda,92.3076923076923,amazima,Luganda,,0.0,,pending_gpu,
mazima,mazima,,Unknown,amazima,Luganda,92.3076923076923,amazima,Luganda,,0.0,,pending_gpu,
mazima,mazima,,Unknown,amazima,Luganda,92.3076923076923,amazima,Luganda,,0.0,,pending_gpu,
mazima,mazima,,Unknown,amazima,Luganda,92.3076923076923,amazima,Luganda,,0.0,,pending_gpu,
mazima,mazima,,Unknown,amazima,Luganda,92.3076923076923,amazima,Luganda,,0.0,,pending_gpu,
mazima,mazima,,Unknown,amazima,Luganda,92.3076923076923,amazima,Luganda,,0.0,,pending_gpu,
mazima,mazima,,Unknown,amazima,Luganda,92.3076923076923,amazima,Luganda,,0.0,,pending_gpu,
mazima,mazima,,Unknown,amazima,Luganda,92.3076923076923,amazima,Luganda,,0.0,,pending_gpu,
mazima,mazima,,Unknown,amazima,Luganda,92.3076923076923,amazima,Luganda,,0.0,,pending_gpu,
mazima,mazima,,Unknown,amazima,Luganda,92.3076923076923,amazima,Luganda,,0.0,,pending_gpu,
mazima,mazima,,Unknown,amazima,Luganda,92.3076923076923,amazima,Luganda,,0.0,,pending_gpu,
mazima,mazima,,Unknown,amazima,Luganda,92.3076923076923,amazima,Luganda,,0.0,,pending_gpu,
mazima,mazima,,Unknown,amazima,Luganda,92.3076923076923,amazima,Luganda,,0.0,,pending_gpu,
mazima,mazima,,Unknown,amazima,Luganda,92.3076923076923,amazima,Luganda,,0.0,,pending_gpu,
mazima,mazima,,Unknown,amazima,Luganda,92.3076923076923,amazima,Luganda,,0.0,,pending_gpu,
mazima,mazima,,Unknown,amazima,Luganda,92.3076923076923,amazima,Luganda,,0.0,,pending_gpu,
mazima,mazima,,Unknown,amazima,Luganda,92.3076923076923,amazima,Luganda,,0.0,,pending_gpu,
mazima,mazima,,Unknown,amazima,Luganda,92.3076923076923,amazima,Luganda,,0.0,,pending_gpu,
mazima,mazima,,Unknown,amazima,Luganda,92.3076923076923,amazima,Luganda,,0.0,,pending_gpu,
mazima,mazima,,Unknown,amazima,Luganda,92.3076923076923,amazima,Luganda,,0.0,,pending_gpu,
mazima,mazima,,Unknown,amazima,Luganda,92.3076923076923,amazima,Luganda,,0.0,,pending_gpu,
mazima,mazima,,Unknown,amazima,Luganda,92.3076923076923,amazima,Luganda,,0.0,,pending_gpu,
mazima,mazima,,Unknown,amazima,Luganda,92.3076923076923,amazima,Luganda,,0.0,,pending_gpu,
mazima,mazima,,Unknown,amazima,Luganda,92.3076923076923,amazima,Luganda,,0.0,,pending_gpu,
mazima,mazima,,Unknown,amazima,Luganda,92.3076923076923,amazima,Luganda,,0.0,,pending_gpu,
mazima,mazima,,Unknown,amazima,Luganda,92.3076923076923,amazima,Luganda,,0.0,,pending_gpu,
mazima,mazima,,Unknown,amazima,Luganda,92.3076923076923,amazima,Luganda,,0.0,,pending_gpu,
mazima,mazima,,Unknown,amazima,Luganda,92.3076923076923,amazima,Luganda,,0.0,,pending_gpu,
maziiima,maziiima,,Unknown,amazima,Luganda,80.0,amazima,Luganda,,0.0,,pending_gpu,
maziiima,maziiima,,Unknown,amazima,Luganda,80.0,amazima,Luganda,,0.0,,pending_gpu,
maziiima,maziiima,,Unknown,amazima,Luganda,80.0,amazima,Luganda,,0.0,,pending_gpu,
maziiima,maziiima,,Unknown,amazima,Luganda,80.0,amazima,Luganda,,0.0,,pending_gpu,
maziiima,maziiima,,Unknown,amazima,Luganda,80.0,amazima,Luganda,,0.0,,pending_gpu,
maziiima,maziiima,,Unknown,amazima,Luganda,80.0,amazima,Luganda,,0.0,,pending_gpu,
maziiima,maziiima,,Unknown,amazima,Luganda,80.0,amazima,Luganda,,0.0,,pending_gpu,
maziiima,maziiima,,Unknown,amazima,Luganda,80.0,amazima,Luganda,,0.0,,pending_gpu,
maziiima,maziiima,,Unknown,amazima,Luganda,80.0,amazima,Luganda,,0.0,,pending_gpu,
maziiima,maziiima,,Unknown,amazima,Luganda,80.0,amazima,Luganda,,0.0,,pending_gpu,
maziiima,maziiima,,Unknown,amazima,Luganda,80.0,amazima,Luganda,,0.0,,pending_gpu,
maziiima,maziiima,,Unknown,amazima,Luganda,80.0,amazima,Luganda,,0.0,,pending_gpu,
kayina,kayina,kayina,Luganda,,,0.0,kayina,Luganda,,0.0,,pending_gpu,
wange,wange,wange,Luganda,,,0.0,wange,Luganda,,0.0,,pending_gpu,
luweero,luweero,,Unknown,fuluweero,Luganda,87.5,fuluweero,Luganda,,0.0,,pending_gpu,
omwana,omwana,omwana,Luganda,,,0.0,omwana,Luganda,,0.0,,pending_gpu,
oluyimba,oluyimba,oluyimba,Luganda,,,0.0,oluyimba,Luganda,,0.0,,pending_gpu,
lwange,lwange,,Unknown,wange,Luganda,90.9090909090909,wange,Luganda,,0.0,,pending_gpu,
mwana,mwana,mwana,Luganda,,,0.0,mwana,Luganda,,0.0,,pending_gpu,
maziima,maziima,,Unknown,amazima,Luganda,85.71428571428572,amazima,Luganda,,0.0,,pending_gpu,
oliyimba,oliyimba,,Unknown,oluyimba,Luganda,87.5,oluyimba,Luganda,,0.0,,pending_gpu,
lwange,lwange,,Unknown,wange,Luganda,90.9090909090909,wange,Luganda,,0.0,,pending_gpu,
mwana,mwana,mwana,Luganda,,,0.0,mwana,Luganda,,0.0,,pending_gpu,
nyo,nyo,,Unknown,nnyo,Luganda,85.71428571428572,nnyo,Luganda,,0.0,,pending_gpu,
mazima,mazima,,Unknown,amazima,Luganda,92.3076923076923,amazima,Luganda,,0.0,,pending_gpu,
mazima,mazima,,Unknown,amazima,Luganda,92.3076923076923,amazima,Luganda,,0.0,,pending_gpu,
mazima,mazima,,Unknown,amazima,Luganda,92.3076923076923,amazima,Luganda,,0.0,,pending_gpu,
mazima,mazima,,Unknown,amazima,Luganda,92.3076923076923,amazima,Luganda,,0.0,,pending_gpu,
wange,wange,wange,Luganda,,,0.0,wange,Luganda,,0.0,,pending_gpu,
omulungi,omulungi,omulungi,Luganda,,,0.0,omulungi,Luganda,,0.0,,pending_gpu,
Mazima,mazima,,Unknown,amazima,Luganda,92.3076923076923,amazima,Luganda,,0.0,,pending_gpu,
mazima,mazima,,Unknown,amazima,Luganda,92.3076923076923,amazima,Luganda,,0.0,,pending_gpu,
Kamazima,kamazima,,Unknown,amazima,Luganda,93.33333333333333,amazima,Luganda,,0.0,,pending_gpu,
mwana,mwana,mwana,Luganda,,,0.0,mwana,Luganda,,0.0,,pending_gpu,
mazima,mazima,,Unknown,amazima,Luganda,92.3076923076923,amazima,Luganda,,0.0,,pending_gpu,
mazima,mazima,,Unknown,amazima,Luganda,92.3076923076923,amazima,Luganda,,0.0,,pending_gpu,
mazima,mazima,,Unknown,amazima,Luganda,92.3076923076923,amazima,Luganda,,0.0,,pending_gpu,
mazima,mazima,,Unknown,amazima,Luganda,92.3076923076923,amazima,Luganda,,0.0,,pending_gpu,
mazima,mazima,,Unknown,amazima,Luganda,92.3076923076923,amazima,Luganda,,0.0,,pending_gpu,
wange,wange,wange,Luganda,,,0.0,wange,Luganda,,0.0,,pending_gpu,
mazima,mazima,,Unknown,amazima,Luganda,92.3076923076923,amazima,Luganda,,0.0,,pending_gpu,
mazima,mazima,,Unknown,amazima,Luganda,92.3076923076923,amazima,Luganda,,0.0,,pending_gpu,
mazima,mazima,,Unknown,amazima,Luganda,92.3076923076923,amazima,Luganda,,0.0,,pending_gpu,
mazimaa,mazimaa,,Unknown,amazima,Luganda,85.71428571428572,amazima,Luganda,,0.0,,pending_gpu,
mazima,mazima,,Unknown,amazima,Luganda,92.3076923076923,amazima,Luganda,,0.0,,pending_gpu,
mazima,mazima,,Unknown,amazima,Luganda,92.3076923076923,amazima,Luganda,,0.0,,pending_gpu,
mazima,mazima,,Unknown,amazima,Luganda,92.3076923076923,amazima,Luganda,,0.0,,pending_gpu,
mazima,mazima,,Unknown,amazima,Luganda,92.3076923076923,amazima,Luganda,,0.0,,pending_gpu,
Wano,wano,Wano,Luganda,,,0.0,Wano,Luganda,,0.0,,pending_gpu,
mazima,mazima,,Unknown,amazima,Luganda,92.3076923076923,amazima,Luganda,,0.0,,pending_gpu,
musajja,musajja,,Unknown,omusajja,Luganda,93.33333333333333,omusajja,Luganda,,0.0,,pending_gpu,
gwe,gwe,gwe,Luganda,,,0.0,gwe,Luganda,,0.0,,pending_gpu,
kwesiva,kwesiva,,Unknown,okwesiga,Luganda,80.0,okwesiga,Luganda,,0.0,,pending_gpu,
kubawo,kubawo,,Unknown,okubawo,Luganda,92.3076923076923,okubawo,Luganda,,0.0,,pending_gpu,
nnyo,nnyo,nnyo,Luganda,,,0.0,nnyo,Luganda,,0.0,,pending_gpu,
awo,awo,awo,Luganda,,,0.0,awo,Luganda,,0.0,,pending_gpu,
webale,webale,webale,Luganda,,,0.0,webale,Luganda,,0.0,,pending_gpu,
nyo,nyo,,Unknown,nnyo,Luganda,85.71428571428572,nnyo,Luganda,,0.0,,pending_gpu,
kutwagala,kutwagala,,Unknown,okutagala,Luganda,88.88888888888889,okutagala,Luganda,,0.0,,pending_gpu,
okyitegera,okyitegera,,Unknown,okutegera,Luganda,84.21052631578947,okutegera,Luganda,,0.0,,pending_gpu,
okitegera,okitegera,,Unknown,okutegera,Luganda,88.88888888888889,okutegera,Luganda,,0.0,,pending_gpu,
wange,wange,wange,Luganda,,,0.0,wange,Luganda,,0.0,,pending_gpu,
mazima,mazima,,Unknown,amazima,Luganda,92.3076923076923,amazima,Luganda,,0.0,,pending_gpu,
naye,naye,naye,Luganda,,,0.0,naye,Luganda,,0.0,,pending_gpu,
owa,owa,owa,Luganda,,,0.0,owa,Luganda,,0.0,,pending_gpu,
Mazima,mazima,,Unknown,amazima,Luganda,92.3076923076923,amazima,Luganda,,0.0,,pending_gpu,
Mazima,mazima,,Unknown,amazima,Luganda,92.3076923076923,amazima,Luganda,,0.0,,pending_gpu,
okitegera,okitegera,,Unknown,okutegera,Luganda,88.88888888888889,okutegera,Luganda,,0.0,,pending_gpu,
mazima,mazima,,Unknown,amazima,Luganda,92.3076923076923,amazima,Luganda,,0.0,,pending_gpu,
kyekyo,kyekyo,,Unknown,ekyo,Luganda,80.0,ekyo,Luganda,,0.0,,pending_gpu,
mazima,mazima,,Unknown,amazima,Luganda,92.3076923076923,amazima,Luganda,,0.0,,pending_gpu,
mazimaa,mazimaa,,Unknown,amazima,Luganda,85.71428571428572,amazima,Luganda,,0.0,,pending_gpu,
kituufu,kituufu,kituufu,Luganda,,,0.0,kituufu,Luganda,,0.0,,pending_gpu,
mazima,mazima,,Unknown,amazima,Luganda,92.3076923076923,amazima,Luganda,,0.0,,pending_gpu,
manzima,manzima,,Unknown,amazima,Luganda,85.71428571428572,amazima,Luganda,,0.0,,pending_gpu,
mazima,mazima,,Unknown,amazima,Luganda,92.3076923076923,amazima,Luganda,,0.0,,pending_gpu,
Amazima,amazima,Amazima,Luganda,,,0.0,Amazima,Luganda,,0.0,,pending_gpu,
Mazima.,mazima.,,Unknown,amazima,Luganda,85.71428571428572,amazima,Luganda,,0.0,,pending_gpu,
mazima,mazima,,Unknown,amazima,Luganda,92.3076923076923,amazima,Luganda,,0.0,,pending_gpu,
mazima,mazima,,Unknown,amazima,Luganda,92.3076923076923,amazima,Luganda,,0.0,,pending_gpu,
mazima,mazima,,Unknown,amazima,Luganda,92.3076923076923,amazima,Luganda,,0.0,,pending_gpu,
mazima,mazima,,Unknown,amazima,Luganda,92.3076923076923,amazima,Luganda,,0.0,,pending_gpu,
mazima,mazima,,Unknown,amazima,Luganda,92.3076923076923,amazima,Luganda,,0.0,,pending_gpu,
mazima,mazima,,Unknown,amazima,Luganda,92.3076923076923,amazima,Luganda,,0.0,,pending_gpu,
mazima,mazima,,Unknown,amazima,Luganda,92.3076923076923,amazima,Luganda,,0.0,,pending_gpu,
mazima,mazima,,Unknown,amazima,Luganda,92.3076923076923,amazima,Luganda,,0.0,,pending_gpu,
mazima,mazima,,Unknown,amazima,Luganda,92.3076923076923,amazima,Luganda,,0.0,,pending_gpu,
mazima,mazima,,Unknown,amazima,Luganda,92.3076923076923,amazima,Luganda,,0.0,,pending_gpu,
mazima,mazima,,Unknown,amazima,Luganda,92.3076923076923,amazima,Luganda,,0.0,,pending_gpu,
mazima,mazima,,Unknown,amazima,Luganda,92.3076923076923,amazima,Luganda,,0.0,,pending_gpu,
mazima,mazima,,Unknown,amazima,Luganda,92.3076923076923,amazima,Luganda,,0.0,,pending_gpu,
mazima,mazima,,Unknown,amazima,Luganda,92.3076923076923,amazima,Luganda,,0.0,,pending_gpu,
mazima,mazima,,Unknown,amazima,Luganda,92.3076923076923,amazima,Luganda,,0.0,,pending_gpu,
Mazima,mazima,,Unknown,amazima,Luganda,92.3076923076923,amazima,Luganda,,0.0,,pending_gpu,
Mazima,mazima,,Unknown,amazima,Luganda,92.3076923076923,amazima,Luganda,,0.0,,pending_gpu,
mazima,mazima,,Unknown,amazima,Luganda,92.3076923076923,amazima,Luganda,,0.0,,pending_gpu,
mwana,mwana,mwana,Luganda,,,0.0,mwana,Luganda,,0.0,,pending_gpu,
abakazi,abakazi,,Unknown,akakazi,Luganda,85.71428571428572,akakazi,Luganda,,0.0,,pending_gpu,
owa,owa,owa,Luganda,,,0.0,owa,Luganda,,0.0,,pending_gpu,
naye,naye,naye,Luganda,,,0.0,naye,Luganda,,0.0,,pending_gpu,
Yuma,yuma,,Unknown,kyuma,Luganda,88.88888888888889,kyuma,Luganda,,0.0,,pending_gpu,
kumwana,kumwana,,Unknown,kulwana,Luganda,85.71428571428572,kulwana,Luganda,,0.0,,pending_gpu,
olabika,olabika,,Unknown,okulabika,Luganda,87.5,okulabika,Luganda,,0.0,,pending_gpu,
mwana,mwana,mwana,Luganda,,,0.0,mwana,Luganda,,0.0,,pending_gpu,
kitufu,kitufu,,Unknown,ekitufu,Luganda,92.3076923076923,ekitufu,Luganda,,0.0,,pending_gpu,
ekunoonya..,ekunoonya..,,Unknown,okunoonya,Luganda,80.0,okunoonya,Luganda,,0.0,,pending_gpu,
enjala,enjala,enjala,Luganda,,,0.0,enjala,Luganda,,0.0,,pending_gpu,
maama,maama,maama,Luganda,,,0.0,maama,Luganda,,0.0,,pending_gpu,
kisenyi,kisenyi,,Unknown,ekisanyi,Luganda,80.0,ekisanyi,Luganda,,0.0,,pending_gpu,
Naye,naye,Naye,Luganda,,,0.0,Naye,Luganda,,0.0,,pending_gpu,
abasajja,abasajja,,Unknown,basajja,Luganda,93.33333333333333,basajja,Luganda,,0.0,,pending_gpu,
enanansi,enanansi,,Unknown,enanaansi,Luganda,94.11764705882352,enanaansi,Luganda,,0.0,,pending_gpu,
naye,naye,naye,Luganda,,,0.0,naye,Luganda,,0.0,,pending_gpu,
sente,sente,sente,Luganda,,,0.0,sente,Luganda,,0.0,,pending_gpu,
ku,ku,ku,Luganda,,,0.0,ku,Luganda,,0.0,,pending_gpu,
Jjaajja,jjaajja,,Unknown,jjajja,Luganda,92.3076923076923,jjajja,Luganda,,0.0,,pending_gpu,
luganda,luganda,,Unknown,oluganda,Luganda,93.33333333333333,oluganda,Luganda,,0.0,,pending_gpu,
ngali,ngali,,Unknown,ngaali,Luganda,90.9090909090909,ngaali,Luganda,,0.0,,pending_gpu,
Ku,ku,Ku,Luganda,,,0.0,Ku,Luganda,,0.0,,pending_gpu,
nti,nti,nti,Luganda,,,0.0,nti,Luganda,,0.0,,pending_gpu,
naye,naye,naye,Luganda,,,0.0,naye,Luganda,,0.0,,pending_gpu,
muganda,muganda,muganda,Luganda,,,0.0,muganda,Luganda,,0.0,,pending_gpu,
wange,wange,wange,Luganda,,,0.0,wange,Luganda,,0.0,,pending_gpu,
omusajja,omusajja,omusajja,Luganda,,,0.0,omusajja,Luganda,,0.0,,pending_gpu,
naye,naye,naye,Luganda,,,0.0,naye,Luganda,,0.0,,pending_gpu,
Mukama,mukama,Mukama,Luganda,,,0.0,Mukama,Luganda,,0.0,,pending_gpu,
wabula,wabula,wabula,Luganda,,,0.0,wabula,Luganda,,0.0,,pending_gpu,
Wabula,wabula,Wabula,Luganda,,,0.0,Wabula,Luganda,,0.0,,pending_gpu,
Mazima,mazima,,Unknown,amazima,Luganda,92.3076923076923,amazima,Luganda,,0.0,,pending_gpu,
naye,naye,naye,Luganda,,,0.0,naye,Luganda,,0.0,,pending_gpu,
mazima,mazima,,Unknown,amazima,Luganda,92.3076923076923,amazima,Luganda,,0.0,,pending_gpu,
mazima,mazima,,Unknown,amazima,Luganda,92.3076923076923,amazima,Luganda,,0.0,,pending_gpu,
mazima,mazima,,Unknown,amazima,Luganda,92.3076923076923,amazima,Luganda,,0.0,,pending_gpu,
mazima,mazima,,Unknown,amazima,Luganda,92.3076923076923,amazima,Luganda,,0.0,,pending_gpu,
Mazima,mazima,,Unknown,amazima,Luganda,92.3076923076923,amazima,Luganda,,0.0,,pending_gpu,
naye,naye,naye,Luganda,,,0.0,naye,Luganda,,0.0,,pending_gpu,
yabadde,yabadde,,Unknown,ekyambadde,Luganda,82.35294117647058,ekyambadde,Luganda,,0.0,,pending_gpu,
mukono,mukono,,Unknown,omukono,Luganda,92.3076923076923,omukono,Luganda,,0.0,,pending_gpu,
naye,naye,naye,Luganda,,,0.0,naye,Luganda,,0.0,,pending_gpu,
naye,naye,naye,Luganda,,,0.0,naye,Luganda,,0.0,,pending_gpu,
Abantu,abantu,Abantu,Luganda,,,0.0,Abantu,Luganda,,0.0,,pending_gpu,
nga,nga,nga,Luganda,,,0.0,nga,Luganda,,0.0,,pending_gpu,
nenfaaa,nenfaaa,,Unknown,enfaana,Luganda,85.71428571428572,enfaana,Luganda,,0.0,,pending_gpu,
Empunu,empunu,,Unknown,empungu,Luganda,92.3076923076923,empungu,Luganda,,0.0,,pending_gpu,
ogusaja,ogusaja,,Unknown,omusajja,Luganda,80.0,omusajja,Luganda,,0.0,,pending_gpu,
Omwana,omwana,Omwana,Luganda,,,0.0,Omwana,Luganda,,0.0,,pending_gpu,
Luzzi,luzzi,,Unknown,oluzzi,Luganda,90.9090909090909,oluzzi,Luganda,,0.0,,pending_gpu,
Luzzi,luzzi,,Unknown,oluzzi,Luganda,90.9090909090909,oluzzi,Luganda,,0.0,,pending_gpu,
Gulu,gulu,Gulu,Luganda,,,0.0,Gulu,Luganda,,0.0,,pending_gpu,
ento,ento,ento,Luganda,,,0.0,ento,Luganda,,0.0,,pending_gpu,
naye,naye,naye,Luganda,,,0.0,naye,Luganda,,0.0,,pending_gpu,
oluvanyuma,oluvanyuma,oluvanyuma,Luganda,,,0.0,oluvanyuma,Luganda,,0.0,,pending_gpu,
naye,naye,naye,Luganda,,,0.0,naye,Luganda,,0.0,,pending_gpu,
mazimaa,mazimaa,,Unknown,amazima,Luganda,85.71428571428572,amazima,Luganda,,0.0,,pending_gpu,
bulungi,bulungi,bulungi,Luganda,,,0.0,bulungi,Luganda,,0.0,,pending_gpu,
musiru,musiru,musiru,Luganda,,,0.0,musiru,Luganda,,0.0,,pending_gpu,
gwe,gwe,gwe,Luganda,,,0.0,gwe,Luganda,,0.0,,pending_gpu,
onyumira,onyumira,,Unknown,okunyumirwa,Luganda,84.21052631578947,okunyumirwa,Luganda,,0.0,,pending_gpu,
Mazima,mazima,,Unknown,amazima,Luganda,92.3076923076923,amazima,Luganda,,0.0,,pending_gpu,
kwesiva,kwesiva,,Unknown,okwesiga,Luganda,80.0,okwesiga,Luganda,,0.0,,pending_gpu,
mazima,mazima,,Unknown,amazima,Luganda,92.3076923076923,amazima,Luganda,,0.0,,pending_gpu,
Mazima,mazima,,Unknown,amazima,Luganda,92.3076923076923,amazima,Luganda,,0.0,,pending_gpu,
mazima,mazima,,Unknown,amazima,Luganda,92.3076923076923,amazima,Luganda,,0.0,,pending_gpu,
mazima,mazima,,Unknown,amazima,Luganda,92.3076923076923,amazima,Luganda,,0.0,,pending_gpu,
mazima,mazima,,Unknown,amazima,Luganda,92.3076923076923,amazima,Luganda,,0.0,,pending_gpu,
naye,naye,naye,Luganda,,,0.0,naye,Luganda,,0.0,,pending_gpu,
mazima,mazima,,Unknown,amazima,Luganda,92.3076923076923,amazima,Luganda,,0.0,,pending_gpu,
naye,naye,naye,Luganda,,,0.0,naye,Luganda,,0.0,,pending_gpu,
mwana,mwana,mwana,Luganda,,,0.0,mwana,Luganda,,0.0,,pending_gpu,
okolera,okolera,,Unknown,okuwolera,Luganda,87.5,okuwolera,Luganda,,0.0,,pending_gpu,
olunaku,olunaku,olunaku,Luganda,,,0.0,olunaku,Luganda,,0.0,,pending_gpu,
wange,wange,wange,Luganda,,,0.0,wange,Luganda,,0.0,,pending_gpu,
nayeee,nayeee,,Unknown,naye,Luganda,80.0,naye,Luganda,,0.0,,pending_gpu,
ku,ku,ku,Luganda,,,0.0,ku,Luganda,,0.0,,pending_gpu,
eyo,eyo,eyo,Luganda,,,0.0,eyo,Luganda,,0.0,,pending_gpu,
naye,naye,naye,Luganda,,,0.0,naye,Luganda,,0.0,,pending_gpu,
kalungi,kalungi,,Unknown,kilungi,Luganda,85.71428571428572,kilungi,Luganda,,0.0,,pending_gpu,
oba,oba,oba,Luganda,,,0.0,oba,Luganda,,0.0,,pending_gpu,
mazima,mazima,,Unknown,amazima,Luganda,92.3076923076923,amazima,Luganda,,0.0,,pending_gpu,
naye,naye,naye,Luganda,,,0.0,naye,Luganda,,0.0,,pending_gpu,
kojja,kojja,kojja,Luganda,,,0.0,kojja,Luganda,,0.0,,pending_gpu,
mazima,mazima,,Unknown,amazima,Luganda,92.3076923076923,amazima,Luganda,,0.0,,pending_gpu,
Nsumba,nsumba,,Unknown,ensuma,Luganda,83.33333333333334,ensuma,Luganda,,0.0,,pending_gpu,
kalanzi,kalanzi,,Unknown,kalaani,Luganda,85.71428571428572,kalaani,Luganda,,0.0,,pending_gpu,
nsumba,nsumba,,Unknown,ensuma,Luganda,83.33333333333334,ensuma,Luganda,,0.0,,pending_gpu,
kalanzi,kalanzi,,Unknown,kalaani,Luganda,85.71428571428572,kalaani,Luganda,,0.0,,pending_gpu,
matovu,matovu,,Unknown,matu,Luganda,80.0,matu,Luganda,,0.0,,pending_gpu,
buddu,buddu,,Unknown,obuddu,Luganda,90.9090909090909,obuddu,Luganda,,0.0,,pending_gpu,
wamanyi,wamanyi,,Unknown,amanyi,Luganda,92.3076923076923,amanyi,Luganda,,0.0,,pending_gpu,
nti,nti,nti,Luganda,,,0.0,nti,Luganda,,0.0,,pending_gpu,
ku,ku,ku,Luganda,,,0.0,ku,Luganda,,0.0,,pending_gpu,
Kalanzi,kalanzi,,Unknown,kalaani,Luganda,85.71428571428572,kalaani,Luganda,,0.0,,pending_gpu,
Akabbozi,akabbozi,,Unknown,akayozi,Luganda,80.0,akayozi,Luganda,,0.0,,pending_gpu,
nedda,nedda,nedda,Luganda,,,0.0,nedda,Luganda,,0.0,,pending_gpu,
sebbo,sebbo,,Unknown,ssebo,Luganda,80.0,ssebo,Luganda,,0.0,,pending_gpu,
oyo,oyo,oyo,Luganda,,,0.0,oyo,Luganda,,0.0,,pending_gpu,
kwesiva,kwesiva,,Unknown,okwesiga,Luganda,80.0,okwesiga,Luganda,,0.0,,pending_gpu,
kalanzi,kalanzi,,Unknown,kalaani,Luganda,85.71428571428572,kalaani,Luganda,,0.0,,pending_gpu,
nze,nze,nze,Luganda,,,0.0,nze,Luganda,,0.0,,pending_gpu,
ku,ku,ku,Luganda,,,0.0,ku,Luganda,,0.0,,pending_gpu,
masanyalaze,masanyalaze,,Unknown,amasanyalaze,Luganda,95.65217391304348,amasanyalaze,Luganda,,0.0,,pending_gpu,
kwesiva,kwesiva,,Unknown,okwesiga,Luganda,80.0,okwesiga,Luganda,,0.0,,pending_gpu,
kalanzi,kalanzi,,Unknown,kalaani,Luganda,85.71428571428572,kalaani,Luganda,,0.0,,pending_gpu,
kwesiva,kwesiva,,Unknown,okwesiga,Luganda,80.0,okwesiga,Luganda,,0.0,,pending_gpu,
ejja,ejja,,Unknown,lejja,Luganda,88.88888888888889,lejja,Luganda,,0.0,,pending_gpu,
ku,ku,ku,Luganda,,,0.0,ku,Luganda,,0.0,,pending_gpu,
kalanzi,kalanzi,,Unknown,kalaani,Luganda,85.71428571428572,kalaani,Luganda,,0.0,,pending_gpu,
kwesiva,kwesiva,,Unknown,okwesiga,Luganda,80.0,okwesiga,Luganda,,0.0,,pending_gpu,
omusipana,omusipana,,Unknown,omusana,Luganda,87.5,omusana,Luganda,,0.0,,pending_gpu,
nsumba,nsumba,,Unknown,ensuma,Luganda,83.33333333333334,ensuma,Luganda,,0.0,,pending_gpu,
nsumba,nsumba,,Unknown,ensuma,Luganda,83.33333333333334,ensuma,Luganda,,0.0,,pending_gpu,
Kalanzi,kalanzi,,Unknown,kalaani,Luganda,85.71428571428572,kalaani,Luganda,,0.0,,pending_gpu,
Akaboozi,akaboozi,,Unknown,akajjoozi,Luganda,82.35294117647058,akajjoozi,Luganda,,0.0,,pending_gpu,
Masanyalaze,masanyalaze,,Unknown,amasanyalaze,Luganda,95.65217391304348,amasanyalaze,Luganda,,0.0,,pending_gpu,
"luganda,","luganda,",,Unknown,oluganda,Luganda,87.5,oluganda,Luganda,,0.0,,pending_gpu,
Matovu,matovu,,Unknown,matu,Luganda,80.0,matu,Luganda,,0.0,,pending_gpu,
buddu,buddu,,Unknown,obuddu,Luganda,90.9090909090909,obuddu,Luganda,,0.0,,pending_gpu,
kalanzi,kalanzi,,Unknown,kalaani,Luganda,85.71428571428572,kalaani,Luganda,,0.0,,pending_gpu,
kwesiva,kwesiva,,Unknown,okwesiga,Luganda,80.0,okwesiga,Luganda,,0.0,,pending_gpu,
omutabizi,omutabizi,,Unknown,omulabirizi,Luganda,80.0,omulabirizi,Luganda,,0.0,,pending_gpu,
kiibi,kiibi,,Unknown,kibi,Luganda,88.88888888888889,kibi,Luganda,,0.0,,pending_gpu,
dakiika,dakiika,,Unknown,eddakiika,Luganda,87.5,eddakiika,Luganda,,0.0,,pending_gpu,
Kalanzi,kalanzi,,Unknown,kalaani,Luganda,85.71428571428572,kalaani,Luganda,,0.0,,pending_gpu,
nsumba,nsumba,,Unknown,ensuma,Luganda,83.33333333333334,ensuma,Luganda,,0.0,,pending_gpu,
omusipana,omusipana,,Unknown,omusana,Luganda,87.5,omusana,Luganda,,0.0,,pending_gpu,
emandduso,emandduso,,Unknown,emanduso,Luganda,94.11764705882352,emanduso,Luganda,,0.0,,pending_gpu,
nsumba,nsumba,,Unknown,ensuma,Luganda,83.33333333333334,ensuma,Luganda,,0.0,,pending_gpu,
Kabaka,kabaka,Kabaka,Luganda,,,0.0,Kabaka,Luganda,,0.0,,pending_gpu,
kalanzi,kalanzi,,Unknown,kalaani,Luganda,85.71428571428572,kalaani,Luganda,,0.0,,pending_gpu,
abasajja,abasajja,,Unknown,basajja,Luganda,93.33333333333333,basajja,Luganda,,0.0,,pending_gpu,
ku,ku,ku,Luganda,,,0.0,ku,Luganda,,0.0,,pending_gpu,
buddu,buddu,,Unknown,obuddu,Luganda,90.9090909090909,obuddu,Luganda,,0.0,,pending_gpu,
ku,ku,ku,Luganda,,,0.0,ku,Luganda,,0.0,,pending_gpu,
Oli,oli,Oli,Luganda,,,0.0,Oli,Luganda,,0.0,,pending_gpu,
mulwadde,mulwadde,,Unknown,omulwadde,Luganda,94.11764705882352,omulwadde,Luganda,,0.0,,pending_gpu,
mugwano,mugwano,,Unknown,omukwano,Luganda,80.0,omukwano,Luganda,,0.0,,pending_gpu,
bugrere,bugrere,,Unknown,oburere,Luganda,85.71428571428572,oburere,Luganda,,0.0,,pending_gpu,
Akaawooma,akaawooma,,Unknown,akaama,Luganda,80.0,akaama,Luganda,,0.0,,pending_gpu,
ku,ku,ku,Luganda,,,0.0,ku,Luganda,,0.0,,pending_gpu,
ku,ku,ku,Luganda,,,0.0,ku,Luganda,,0.0,,pending_gpu,
nedda,nedda,nedda,Luganda,,,0.0,nedda,Luganda,,0.0,,pending_gpu,
sebo,sebo,,Unknown,ssebo,Luganda,88.88888888888889,ssebo,Luganda,,0.0,,pending_gpu,
kalanzi,kalanzi,,Unknown,kalaani,Luganda,85.71428571428572,kalaani,Luganda,,0.0,,pending_gpu,
kyambadde,kyambadde,,Unknown,ekyambadde,Luganda,94.73684210526316,ekyambadde,Luganda,,0.0,,pending_gpu,
mwana,mwana,mwana,Luganda,,,0.0,mwana,Luganda,,0.0,,pending_gpu,
kalanzi,kalanzi,,Unknown,kalaani,Luganda,85.71428571428572,kalaani,Luganda,,0.0,,pending_gpu,
kwesiva,kwesiva,,Unknown,okwesiga,Luganda,80.0,okwesiga,Luganda,,0.0,,pending_gpu,
kimera,kimera,kimera,Luganda,,,0.0,kimera,Luganda,,0.0,,pending_gpu,
kalanzi,kalanzi,,Unknown,kalaani,Luganda,85.71428571428572,kalaani,Luganda,,0.0,,pending_gpu,
nze,nze,nze,Luganda,,,0.0,nze,Luganda,,0.0,,pending_gpu,
kimuli,kimuli,,Unknown,ekimuli,Luganda,92.3076923076923,ekimuli,Luganda,,0.0,,pending_gpu,
edobozi,edobozi,,Unknown,edoboozi,Luganda,93.33333333333333,edoboozi,Luganda,,0.0,,pending_gpu,
kyambadde,kyambadde,,Unknown,ekyambadde,Luganda,94.73684210526316,ekyambadde,Luganda,,0.0,,pending_gpu,
"masanyala,e","masanyala,e",,Unknown,amasanyalaze,Luganda,86.95652173913044,amasanyalaze,Luganda,,0.0,,pending_gpu,
nsumba,nsumba,,Unknown,ensuma,Luganda,83.33333333333334,ensuma,Luganda,,0.0,,pending_gpu,
nsumba,nsumba,,Unknown,ensuma,Luganda,83.33333333333334,ensuma,Luganda,,0.0,,pending_gpu,
ndala,ndala,,Unknown,endala,Luganda,90.9090909090909,endala,Luganda,,0.0,,pending_gpu,
Ddungu,ddungu,,Unknown,eddungu,Luganda,92.3076923076923,eddungu,Luganda,,0.0,,pending_gpu,
ku,ku,ku,Luganda,,,0.0,ku,Luganda,,0.0,,pending_gpu,
birimunda,birimunda,,Unknown,ekirimunda,Luganda,84.21052631578947,ekirimunda,Luganda,,0.0,,pending_gpu,
Naye,naye,Naye,Luganda,,,0.0,Naye,Luganda,,0.0,,pending_gpu,
masanyalaze,masanyalaze,,Unknown,amasanyalaze,Luganda,95.65217391304348,amasanyalaze,Luganda,,0.0,,pending_gpu,
ku,ku,ku,Luganda,,,0.0,ku,Luganda,,0.0,,pending_gpu,
ku,ku,ku,Luganda,,,0.0,ku,Luganda,,0.0,,pending_gpu,
mukulu,mukulu,,Unknown,omukulu,Luganda,92.3076923076923,omukulu,Luganda,,0.0,,pending_gpu,
omupira,omupira,,Unknown,omupiira,Luganda,93.33333333333333,omupiira,Luganda,,0.0,,pending_gpu,
katimba.,katimba.,,Unknown,akatimba,Luganda,87.5,akatimba,Luganda,,0.0,,pending_gpu,
Nsumba,nsumba,,Unknown,ensuma,Luganda,83.33333333333334,ensuma,Luganda,,0.0,,pending_gpu,
oyo,oyo,oyo,Luganda,,,0.0,oyo,Luganda,,0.0,,pending_gpu,
@Ddungu,@ddungu,,Unknown,eddungu,Luganda,85.71428571428572,eddungu,Luganda,,0.0,,pending_gpu,
Myke,myke,,Unknown,mye,Luganda,85.71428571428572,mye,Luganda,,0.0,,pending_gpu,
Masanyalaze,masanyalaze,,Unknown,amasanyalaze,Luganda,95.65217391304348,amasanyalaze,Luganda,,0.0,,pending_gpu,
Nsumba,nsumba,,Unknown,ensuma,Luganda,83.33333333333334,ensuma,Luganda,,0.0,,pending_gpu,
Nsumba,nsumba,,Unknown,ensuma,Luganda,83.33333333333334,ensuma,Luganda,,0.0,,pending_gpu,
Nsumba,nsumba,,Unknown,ensuma,Luganda,83.33333333333334,ensuma,Luganda,,0.0,,pending_gpu,
@omusipana,@omusipana,,Unknown,omusana,Luganda,82.35294117647058,omusana,Luganda,,0.0,,pending_gpu,
mulalamu,mulalamu,,Unknown,omulalu,Luganda,80.0,omulalu,Luganda,,0.0,,pending_gpu,
ku,ku,ku,Luganda,,,0.0,ku,Luganda,,0.0,,pending_gpu,
Owa,owa,Owa,Luganda,,,0.0,Owa,Luganda,,0.0,,pending_gpu,
Masanyalaze,masanyalaze,,Unknown,amasanyalaze,Luganda,95.65217391304348,amasanyalaze,Luganda,,0.0,,pending_gpu,
Kabaka,kabaka,Kabaka,Luganda,,,0.0,Kabaka,Luganda,,0.0,,pending_gpu,
Ddungu,ddungu,,Unknown,eddungu,Luganda,92.3076923076923,eddungu,Luganda,,0.0,,pending_gpu,
luganda,luganda,,Unknown,oluganda,Luganda,93.33333333333333,oluganda,Luganda,,0.0,,pending_gpu,
muko,muko,,Unknown,omuko,Luganda,88.88888888888889,omuko,Luganda,,0.0,,pending_gpu,
mazima,mazima,,Unknown,amazima,Luganda,92.3076923076923,amazima,Luganda,,0.0,,pending_gpu,
nti,nti,nti,Luganda,,,0.0,nti,Luganda,,0.0,,pending_gpu,
emmere,emmere,emmere,Luganda,,,0.0,emmere,Luganda,,0.0,,pending_gpu,
y'obwerere,y'obwerere,,Unknown,obwerere,Luganda,88.88888888888889,obwerere,Luganda,,0.0,,pending_gpu,
okwegezaamu,okwegezaamu,,Unknown,okwongezaamu,Luganda,86.95652173913044,okwongezaamu,Luganda,,0.0,,pending_gpu,
okutta...,okutta...,,Unknown,okutta,Luganda,80.0,okutta,Luganda,,0.0,,pending_gpu,
nyanbo,nyanbo,,Unknown,nnyabo,Luganda,83.33333333333334,nnyabo,Luganda,,0.0,,pending_gpu,
Nokola,nokola,,Unknown,enkola,Luganda,83.33333333333334,enkola,Luganda,,0.0,,pending_gpu,
maanyi,maanyi,,Unknown,amaanyi,Luganda,92.3076923076923,amaanyi,Luganda,,0.0,,pending_gpu,
Kikazzi,kikazzi,,Unknown,ekikazi,Luganda,85.71428571428572,ekikazi,Luganda,,0.0,,pending_gpu,
nze,nze,nze,Luganda,,,0.0,nze,Luganda,,0.0,,pending_gpu,
ebyo,ebyo,,Unknown,eyo,Luganda,85.71428571428572,eyo,Luganda,,0.0,,pending_gpu,
kinyabo,kinyabo,,Unknown,kiyabo,Luganda,92.3076923076923,kiyabo,Luganda,,0.0,,pending_gpu,
mukwano,mukwano,,Unknown,omukwano,Luganda,93.33333333333333,omukwano,Luganda,,0.0,,pending_gpu,
nze,nze,nze,Luganda,,,0.0,nze,Luganda,,0.0,,pending_gpu,
omusaja,omusaja,,Unknown,omusajja,Luganda,93.33333333333333,omusajja,Luganda,,0.0,,pending_gpu,
okutwala,okutwala,okutwala,Luganda,,,0.0,okutwala,Luganda,,0.0,,pending_gpu,
sente,sente,sente,Luganda,,,0.0,sente,Luganda,,0.0,,pending_gpu,
sitawana,sitawana,,Unknown,sitaani,Luganda,80.0,sitaani,Luganda,,0.0,,pending_gpu,
mwana,mwana,mwana,Luganda,,,0.0,mwana,Luganda,,0.0,,pending_gpu,
wange,wange,wange,Luganda,,,0.0,wange,Luganda,,0.0,,pending_gpu,
kamwokya,kamwokya,,Unknown,okwokya,Luganda,80.0,okwokya,Luganda,,0.0,,pending_gpu,
naye,naye,naye,Luganda,,,0.0,naye,Luganda,,0.0,,pending_gpu,
lwaki,lwaki,,Unknown,lwaaki,Luganda,90.9090909090909,lwaaki,Luganda,,0.0,,pending_gpu,
mukozesa,mukozesa,,Unknown,okukozesa,Luganda,82.35294117647058,okukozesa,Luganda,,0.0,,pending_gpu,
emirimu,emirimu,,Unknown,emizimu,Luganda,85.71428571428572,emizimu,Luganda,,0.0,,pending_gpu,
sebo,sebo,,Unknown,ssebo,Luganda,88.88888888888889,ssebo,Luganda,,0.0,,pending_gpu,
yalina,yalina,,Unknown,yekalina,Luganda,85.71428571428572,yekalina,Luganda,,0.0,,pending_gpu,
ebanja,ebanja,ebanja,Luganda,,,0.0,ebanja,Luganda,,0.0,,pending_gpu,
kubanga,kubanga,kubanga,Luganda,,,0.0,kubanga,Luganda,,0.0,,pending_gpu,
ebisanyi,ebisanyi,,Unknown,ekisanyi,Luganda,87.5,ekisanyi,Luganda,,0.0,,pending_gpu,
lwakyi,lwakyi,,Unknown,lwaaki,Luganda,83.33333333333334,lwaaki,Luganda,,0.0,,pending_gpu,
kumbagga,kumbagga,,Unknown,kubanga,Luganda,80.0,kubanga,Luganda,,0.0,,pending_gpu,
naye,naye,naye,Luganda,,,0.0,naye,Luganda,,0.0,,pending_gpu,
kukiriza,kukiriza,,Unknown,okukiriza,Luganda,94.11764705882352,okukiriza,Luganda,,0.0,,pending_gpu,
Kati,kati,Kati,Luganda,,,0.0,Kati,Luganda,,0.0,,pending_gpu,
Oli,oli,Oli,Luganda,,,0.0,Oli,Luganda,,0.0,,pending_gpu,
muzibu,muzibu,,Unknown,omuzibu,Luganda,92.3076923076923,omuzibu,Luganda,,0.0,,pending_gpu,
Oyo,oyo,Oyo,Luganda,,,0.0,Oyo,Luganda,,0.0,,pending_gpu,
buzibu,buzibu,,Unknown,obuzibu,Luganda,92.3076923076923,obuzibu,Luganda,,0.0,,pending_gpu,
akanamba,akanamba,,Unknown,akaama,Luganda,85.71428571428572,akaama,Luganda,,0.0,,pending_gpu,
akapadde,akapadde,,Unknown,kakadde,Luganda,80.0,kakadde,Luganda,,0.0,,pending_gpu,
Nze,nze,Nze,Luganda,,,0.0,Nze,Luganda,,0.0,,pending_gpu,
ku,ku,ku,Luganda,,,0.0,ku,Luganda,,0.0,,pending_gpu,
mwana,mwana,mwana,Luganda,,,0.0,mwana,Luganda,,0.0,,pending_gpu,
ebyendola,ebyendola,,Unknown,ebyeenda,Luganda,82.35294117647058,ebyeenda,Luganda,,0.0,,pending_gpu,
mulangaki,mulangaki,,Unknown,omulanga,Luganda,82.35294117647058,omulanga,Luganda,,0.0,,pending_gpu,
naye,naye,naye,Luganda,,,0.0,naye,Luganda,,0.0,,pending_gpu,
naye,naye,naye,Luganda,,,0.0,naye,Luganda,,0.0,,pending_gpu,
wano,wano,wano,Luganda,,,0.0,wano,Luganda,,0.0,,pending_gpu,
wange,wange,wange,Luganda,,,0.0,wange,Luganda,,0.0,,pending_gpu,
sambula,sambula,,Unknown,kasambula,Luganda,87.5,kasambula,Luganda,,0.0,,pending_gpu,
Mazima,mazima,,Unknown,amazima,Luganda,92.3076923076923,amazima,Luganda,,0.0,,pending_gpu,
jjaja,jjaja,,Unknown,jjajja,Luganda,90.9090909090909,jjajja,Luganda,,0.0,,pending_gpu,
ekitiibya,ekitiibya,,Unknown,ekitiibwa,Luganda,88.88888888888889,ekitiibwa,Luganda,,0.0,,pending_gpu,
Dhakaba,dhakaba,,Unknown,akaba,Luganda,83.33333333333334,akaba,Luganda,,0.0,,pending_gpu,
oyo,oyo,oyo,Luganda,,,0.0,oyo,Luganda,,0.0,,pending_gpu,
musiru,musiru,musiru,Luganda,,,0.0,musiru,Luganda,,0.0,,pending_gpu,
nyo,nyo,,Unknown,nnyo,Luganda,85.71428571428572,nnyo,Luganda,,0.0,,pending_gpu,
nga,nga,nga,Luganda,,,0.0,nga,Luganda,,0.0,,pending_gpu,
ku,ku,ku,Luganda,,,0.0,ku,Luganda,,0.0,,pending_gpu,
kapiira,kapiira,,Unknown,akapiira,Luganda,93.33333333333333,akapiira,Luganda,,0.0,,pending_gpu,
kutuuka,kutuuka,,Unknown,okutuuka,Luganda,93.33333333333333,okutuuka,Luganda,,0.0,,pending_gpu,
oba,oba,oba,Luganda,,,0.0,oba,Luganda,,0.0,,pending_gpu,
kumuluka,kumuluka,,Unknown,okululuka,Luganda,82.35294117647058,okululuka,Luganda,,0.0,,pending_gpu,
naye,naye,naye,Luganda,,,0.0,naye,Luganda,,0.0,,pending_gpu,
akategera,akategera,,Unknown,atategeera,Luganda,84.21052631578947,atategeera,Luganda,,0.0,,pending_gpu,
enyo,enyo,enyo,Luganda,,,0.0,enyo,Luganda,,0.0,,pending_gpu,
ogenda,ogenda,,Unknown,okugenda,Luganda,85.71428571428572,okugenda,Luganda,,0.0,,pending_gpu,
oli,oli,oli,Luganda,,,0.0,oli,Luganda,,0.0,,pending_gpu,
nga,nga,nga,Luganda,,,0.0,nga,Luganda,,0.0,,pending_gpu,
takubila,takubila,,Unknown,kubila,Luganda,85.71428571428572,kubila,Luganda,,0.0,,pending_gpu,
naye,naye,naye,Luganda,,,0.0,naye,Luganda,,0.0,,pending_gpu,
nga,nga,nga,Luganda,,,0.0,nga,Luganda,,0.0,,pending_gpu,
omussambi,omussambi,,Unknown,omuyambi,Luganda,82.35294117647058,omuyambi,Luganda,,0.0,,pending_gpu,
wano,wano,wano,Luganda,,,0.0,wano,Luganda,,0.0,,pending_gpu,
Oyo,oyo,Oyo,Luganda,,,0.0,Oyo,Luganda,,0.0,,pending_gpu,
nsaasira,nsaasira,,Unknown,ensaasi,Luganda,80.0,ensaasi,Luganda,,0.0,,pending_gpu,
abamuwuliliza,abamuwuliliza,,Unknown,abawuliriza,Luganda,83.33333333333334,abawuliriza,Luganda,,0.0,,pending_gpu,
omwo,omwo,,Unknown,omweso,Luganda,80.0,omweso,Luganda,,0.0,,pending_gpu,
nze,nze,nze,Luganda,,,0.0,nze,Luganda,,0.0,,pending_gpu,
awo,awo,awo,Luganda,,,0.0,awo,Luganda,,0.0,,pending_gpu,
ku,ku,ku,Luganda,,,0.0,ku,Luganda,,0.0,,pending_gpu,
mazima,mazima,,Unknown,amazima,Luganda,92.3076923076923,amazima,Luganda,,0.0,,pending_gpu,
Lwaki,lwaki,,Unknown,lwaaki,Luganda,90.9090909090909,lwaaki,Luganda,,0.0,,pending_gpu,
Nze,nze,Nze,Luganda,,,0.0,Nze,Luganda,,0.0,,pending_gpu,
nga,nga,nga,Luganda,,,0.0,nga,Luganda,,0.0,,pending_gpu,
Ssemboga,ssemboga,,Unknown,emboga,Luganda,85.71428571428572,emboga,Luganda,,0.0,,pending_gpu,
Ssentamu,ssentamu,,Unknown,entamu,Luganda,85.71428571428572,entamu,Luganda,,0.0,,pending_gpu,
Obulamu,obulamu,Obulamu,Luganda,,,0.0,Obulamu,Luganda,,0.0,,pending_gpu,
kiiro,kiiro,,Unknown,ekiro,Luganda,80.0,ekiro,Luganda,,0.0,,pending_gpu,
kisumuluzo,kisumuluzo,,Unknown,ekisumuluzo,Luganda,95.23809523809523,ekisumuluzo,Luganda,,0.0,,pending_gpu,
kisumuluzo,kisumuluzo,,Unknown,ekisumuluzo,Luganda,95.23809523809523,ekisumuluzo,Luganda,,0.0,,pending_gpu,
muko,muko,,Unknown,omuko,Luganda,88.88888888888889,omuko,Luganda,,0.0,,pending_gpu,
muko,muko,,Unknown,omuko,Luganda,88.88888888888889,omuko,Luganda,,0.0,,pending_gpu,
Taata,taata,Taata,Luganda,,,0.0,Taata,Luganda,,0.0,,pending_gpu,
webale,webale,webale,Luganda,,,0.0,webale,Luganda,,0.0,,pending_gpu,
taata,taata,taata,Luganda,,,0.0,taata,Luganda,,0.0,,pending_gpu,
tukwebaza,tukwebaza,,Unknown,okwebaza,Luganda,82.35294117647058,okwebaza,Luganda,,0.0,,pending_gpu,
okuba,okuba,okuba,Luganda,,,0.0,okuba,Luganda,,0.0,,pending_gpu,
manzima,manzima,,Unknown,amazima,Luganda,85.71428571428572,amazima,Luganda,,0.0,,pending_gpu,
mukama,mukama,mukama,Luganda,,,0.0,mukama,Luganda,,0.0,,pending_gpu,
kuuma,kuuma,kuuma,Luganda,,,0.0,kuuma,Luganda,,0.0,,pending_gpu,
taata,taata,taata,Luganda,,,0.0,taata,Luganda,,0.0,,pending_gpu,
mukama,mukama,mukama,Luganda,,,0.0,mukama,Luganda,,0.0,,pending_gpu,
kuuma,kuuma,kuuma,Luganda,,,0.0,kuuma,Luganda,,0.0,,pending_gpu,
taata,taata,taata,Luganda,,,0.0,taata,Luganda,,0.0,,pending_gpu,
wano,wano,wano,Luganda,,,0.0,wano,Luganda,,0.0,,pending_gpu,
wannge,wannge,,Unknown,wange,Luganda,90.9090909090909,wange,Luganda,,0.0,,pending_gpu,
ffe,ffe,ffe,Luganda,,,0.0,ffe,Luganda,,0.0,,pending_gpu,
nokuziimba,nokuziimba,,Unknown,okuzimba,Luganda,88.88888888888889,okuzimba,Luganda,,0.0,,pending_gpu,
okwekuba,okwekuba,,Unknown,okwewuba,Luganda,87.5,okwewuba,Luganda,,0.0,,pending_gpu,
engaloo,engaloo,,Unknown,engalo,Luganda,92.3076923076923,engalo,Luganda,,0.0,,pending_gpu,
:wano,:wano,,Unknown,wano,Luganda,88.88888888888889,wano,Luganda,,0.0,,pending_gpu,
wannge,wannge,,Unknown,wange,Luganda,90.9090909090909,wange,Luganda,,0.0,,pending_gpu,
nga,nga,nga,Luganda,,,0.0,nga,Luganda,,0.0,,pending_gpu,
mukama,mukama,mukama,Luganda,,,0.0,mukama,Luganda,,0.0,,pending_gpu,
buli,buli,buli,Luganda,,,0.0,buli,Luganda,,0.0,,pending_gpu,
yange,yange,,Unknown,gyange,Luganda,90.9090909090909,gyange,Luganda,,0.0,,pending_gpu,
Maama,maama,Maama,Luganda,,,0.0,Maama,Luganda,,0.0,,pending_gpu,
ku,ku,ku,Luganda,,,0.0,ku,Luganda,,0.0,,pending_gpu,
sente,sente,sente,Luganda,,,0.0,sente,Luganda,,0.0,,pending_gpu,
taata,taata,taata,Luganda,,,0.0,taata,Luganda,,0.0,,pending_gpu,
omuyimbi,omuyimbi,omuyimbi,Luganda,,,0.0,omuyimbi,Luganda,,0.0,,pending_gpu,
wange,wange,wange,Luganda,,,0.0,wange,Luganda,,0.0,,pending_gpu,
kapiripiti,kapiripiti,,Unknown,akabiriiti,Luganda,80.0,akabiriiti,Luganda,,0.0,,pending_gpu,
mazima,mazima,,Unknown,amazima,Luganda,92.3076923076923,amazima,Luganda,,0.0,,pending_gpu,
mwana,mwana,mwana,Luganda,,,0.0,mwana,Luganda,,0.0,,pending_gpu,
nkunonya,nkunonya,,Unknown,okunoonya,Luganda,82.35294117647058,okunoonya,Luganda,,0.0,,pending_gpu,
yange,yange,,Unknown,gyange,Luganda,90.9090909090909,gyange,Luganda,,0.0,,pending_gpu,
nkugwa,nkugwa,,Unknown,kugwa,Luganda,90.9090909090909,kugwa,Luganda,,0.0,,pending_gpu,
nze,nze,nze,Luganda,,,0.0,nze,Luganda,,0.0,,pending_gpu,
Ntebbe,ntebbe,,Unknown,ntebe,Luganda,90.9090909090909,ntebe,Luganda,,0.0,,pending_gpu,
mukimanyi,mukimanyi,,Unknown,omumanyi,Luganda,82.35294117647058,omumanyi,Luganda,,0.0,,pending_gpu,
nti,nti,nti,Luganda,,,0.0,nti,Luganda,,0.0,,pending_gpu,
kyangu,kyangu,kyangu,Luganda,,,0.0,kyangu,Luganda,,0.0,,pending_gpu,
nnyo,nnyo,nnyo,Luganda,,,0.0,nnyo,Luganda,,0.0,,pending_gpu,
okujako,okujako,,Unknown,okujyako,Luganda,93.33333333333333,okujyako,Luganda,,0.0,,pending_gpu,
naye,naye,naye,Luganda,,,0.0,naye,Luganda,,0.0,,pending_gpu,
kizibu,kizibu,,Unknown,ekizibu,Luganda,92.3076923076923,ekizibu,Luganda,,0.0,,pending_gpu,
nyo,nyo,,Unknown,nnyo,Luganda,85.71428571428572,nnyo,Luganda,,0.0,,pending_gpu,
okujako,okujako,,Unknown,okujyako,Luganda,93.33333333333333,okujyako,Luganda,,0.0,,pending_gpu,
kubwa,kubwa,,Unknown,kubbwa,Luganda,90.9090909090909,kubbwa,Luganda,,0.0,,pending_gpu,
bwa,bwa,bwa,Luganda,,,0.0,bwa,Luganda,,0.0,,pending_gpu,
naye,naye,naye,Luganda,,,0.0,naye,Luganda,,0.0,,pending_gpu,
Kati,kati,Kati,Luganda,,,0.0,Kati,Luganda,,0.0,,pending_gpu,
Nkola,nkola,,Unknown,enkola,Luganda,90.9090909090909,enkola,Luganda,,0.0,,pending_gpu,
Ku,ku,Ku,Luganda,,,0.0,Ku,Luganda,,0.0,,pending_gpu,
oyo,oyo,oyo,Luganda,,,0.0,oyo,Luganda,,0.0,,pending_gpu,
buli,buli,buli,Luganda,,,0.0,buli,Luganda,,0.0,,pending_gpu,
wamu,wamu,wamu,Luganda,,,0.0,wamu,Luganda,,0.0,,pending_gpu,
bamugoba,bamugoba,,Unknown,amagoba,Luganda,80.0,amagoba,Luganda,,0.0,,pending_gpu,
Kati,kati,Kati,Luganda,,,0.0,Kati,Luganda,,0.0,,pending_gpu,
ffe,ffe,ffe,Luganda,,,0.0,ffe,Luganda,,0.0,,pending_gpu,
omupiira,omupiira,omupiira,Luganda,,,0.0,omupiira,Luganda,,0.0,,pending_gpu,
bonna,bonna,bonna,Luganda,,,0.0,bonna,Luganda,,0.0,,pending_gpu,
mabegawo,mabegawo,,Unknown,emabega,Luganda,80.0,emabega,Luganda,,0.0,,pending_gpu,
oyo,oyo,oyo,Luganda,,,0.0,oyo,Luganda,,0.0,,pending_gpu,
oyo,oyo,oyo,Luganda,,,0.0,oyo,Luganda,,0.0,,pending_gpu,
kamukulu,kamukulu,,Unknown,omukulu,Luganda,80.0,omukulu,Luganda,,0.0,,pending_gpu,
nga,nga,nga,Luganda,,,0.0,nga,Luganda,,0.0,,pending_gpu,
mubintu,mubintu,,Unknown,mukintu,Luganda,85.71428571428572,mukintu,Luganda,,0.0,,pending_gpu,
Oyo,oyo,Oyo,Luganda,,,0.0,Oyo,Luganda,,0.0,,pending_gpu,
butamanya.,butamanya.,,Unknown,obutamanya,Luganda,90.0,obutamanya,Luganda,,0.0,,pending_gpu,
kati,kati,kati,Luganda,,,0.0,kati,Luganda,,0.0,,pending_gpu,
mupiira,mupiira,,Unknown,omupiira,Luganda,93.33333333333333,omupiira,Luganda,,0.0,,pending_gpu,
mutyaba,mutyaba,,Unknown,mutabani,Luganda,80.0,mutabani,Luganda,,0.0,,pending_gpu,
Ku,ku,Ku,Luganda,,,0.0,Ku,Luganda,,0.0,,pending_gpu,
mupiira,mupiira,,Unknown,omupiira,Luganda,93.33333333333333,omupiira,Luganda,,0.0,,pending_gpu,
tamanyi,tamanyi,,Unknown,amanyi,Luganda,92.3076923076923,amanyi,Luganda,,0.0,,pending_gpu,
kyamanyi,kyamanyi,,Unknown,amanyi,Luganda,85.71428571428572,amanyi,Luganda,,0.0,,pending_gpu,
muli,muli,,Unknown,omuli,Luganda,88.88888888888889,omuli,Luganda,,0.0,,pending_gpu,
naye,naye,naye,Luganda,,,0.0,naye,Luganda,,0.0,,pending_gpu,
mumupiira,mumupiira,,Unknown,omupiira,Luganda,82.35294117647058,omupiira,Luganda,,0.0,,pending_gpu,
kutisatisa,kutisatisa,,Unknown,okutisatiisa,Luganda,90.9090909090909,okutisatiisa,Luganda,,0.0,,pending_gpu,
Mutyaba,mutyaba,,Unknown,mutabani,Luganda,80.0,mutabani,Luganda,,0.0,,pending_gpu,
kituufu,kituufu,kituufu,Luganda,,,0.0,kituufu,Luganda,,0.0,,pending_gpu,
tomuwa,tomuwa,,Unknown,omumwa,Luganda,83.33333333333334,omumwa,Luganda,,0.0,,pending_gpu,
Kituufu,kituufu,Kituufu,Luganda,,,0.0,Kituufu,Luganda,,0.0,,pending_gpu,
nnyo,nnyo,nnyo,Luganda,,,0.0,nnyo,Luganda,,0.0,,pending_gpu,
Mutyaba,mutyaba,,Unknown,mutabani,Luganda,80.0,mutabani,Luganda,,0.0,,pending_gpu,
mutyaba,mutyaba,,Unknown,mutabani,Luganda,80.0,mutabani,Luganda,,0.0,,pending_gpu,
ensonga,ensonga,ensonga,Luganda,,,0.0,ensonga,Luganda,,0.0,,pending_gpu,
Mutyaba,mutyaba,,Unknown,mutabani,Luganda,80.0,mutabani,Luganda,,0.0,,pending_gpu,
tamanyi,tamanyi,,Unknown,amanyi,Luganda,92.3076923076923,amanyi,Luganda,,0.0,,pending_gpu,
mupiira,mupiira,,Unknown,omupiira,Luganda,93.33333333333333,omupiira,Luganda,,0.0,,pending_gpu,
Mutyaba,mutyaba,,Unknown,mutabani,Luganda,80.0,mutabani,Luganda,,0.0,,pending_gpu,
oba,oba,oba,Luganda,,,0.0,oba,Luganda,,0.0,,pending_gpu,
sente,sente,sente,Luganda,,,0.0,sente,Luganda,,0.0,,pending_gpu,
ekizibu,ekizibu,ekizibu,Luganda,,,0.0,ekizibu,Luganda,,0.0,,pending_gpu,
kya,kya,kya,Luganda,,,0.0,kya,Luganda,,0.0,,pending_gpu,
kyekyo,kyekyo,,Unknown,ekyo,Luganda,80.0,ekyo,Luganda,,0.0,,pending_gpu,
obukurembeze,obukurembeze,,Unknown,obukulembeze,Luganda,91.66666666666666,obukulembeze,Luganda,,0.0,,pending_gpu,
bwomupir,bwomupir,,Unknown,bwomuti,Luganda,80.0,bwomuti,Luganda,,0.0,,pending_gpu,
Magaala,magaala,,Unknown,magala,Luganda,92.3076923076923,magala,Luganda,,0.0,,pending_gpu,
Magala,magala,Magala,Luganda,,,0.0,Magala,Luganda,,0.0,,pending_gpu,
eyo,eyo,eyo,Luganda,,,0.0,eyo,Luganda,,0.0,,pending_gpu,
ku,ku,ku,Luganda,,,0.0,ku,Luganda,,0.0,,pending_gpu,
Jojo,jojo,,Unknown,jjo,Luganda,85.71428571428572,jjo,Luganda,,0.0,,pending_gpu,
Luzzi,luzzi,,Unknown,oluzzi,Luganda,90.9090909090909,oluzzi,Luganda,,0.0,,pending_gpu,
Nekyenkya,nekyenkya,,Unknown,ekyenkya,Luganda,94.11764705882352,ekyenkya,Luganda,,0.0,,pending_gpu,
Ayogera,ayogera,,Unknown,oyogera,Luganda,85.71428571428572,oyogera,Luganda,,0.0,,pending_gpu,
Amazima,amazima,Amazima,Luganda,,,0.0,Amazima,Luganda,,0.0,,pending_gpu,
Jojo,jojo,,Unknown,jjo,Luganda,85.71428571428572,jjo,Luganda,,0.0,,pending_gpu,
Jojo,jojo,,Unknown,jjo,Luganda,85.71428571428572,jjo,Luganda,,0.0,,pending_gpu,
magala,magala,magala,Luganda,,,0.0,magala,Luganda,,0.0,,pending_gpu,
jojo,jojo,,Unknown,jjo,Luganda,85.71428571428572,jjo,Luganda,,0.0,,pending_gpu,
magala,magala,magala,Luganda,,,0.0,magala,Luganda,,0.0,,pending_gpu,
naye,naye,naye,Luganda,,,0.0,naye,Luganda,,0.0,,pending_gpu,
magala,magala,magala,Luganda,,,0.0,magala,Luganda,,0.0,,pending_gpu,
eyo,eyo,eyo,Luganda,,,0.0,eyo,Luganda,,0.0,,pending_gpu,
Kati,kati,Kati,Luganda,,,0.0,Kati,Luganda,,0.0,,pending_gpu,
Jojo,jojo,,Unknown,jjo,Luganda,85.71428571428572,jjo,Luganda,,0.0,,pending_gpu,
kange,kange,kange,Luganda,,,0.0,kange,Luganda,,0.0,,pending_gpu,
nkaagala,nkaagala,,Unknown,nkaaga,Luganda,85.71428571428572,nkaaga,Luganda,,0.0,,pending_gpu,
Jojo,jojo,,Unknown,jjo,Luganda,85.71428571428572,jjo,Luganda,,0.0,,pending_gpu,
magala,magala,magala,Luganda,,,0.0,magala,Luganda,,0.0,,pending_gpu,
jojo,jojo,,Unknown,jjo,Luganda,85.71428571428572,jjo,Luganda,,0.0,,pending_gpu,
magala,magala,magala,Luganda,,,0.0,magala,Luganda,,0.0,,pending_gpu,
omuzizza,omuzizza,,Unknown,omuzira,Luganda,80.0,omuzira,Luganda,,0.0,,pending_gpu,
eriyo,eriyo,,Unknown,erinnyo,Luganda,83.33333333333334,erinnyo,Luganda,,0.0,,pending_gpu,
nga,nga,nga,Luganda,,,0.0,nga,Luganda,,0.0,,pending_gpu,
Kati,kati,Kati,Luganda,,,0.0,Kati,Luganda,,0.0,,pending_gpu,
mubi,mubi,,Unknown,omubi,Luganda,88.88888888888889,omubi,Luganda,,0.0,,pending_gpu,
nokusinga,nokusinga,,Unknown,okusiga,Luganda,87.5,okusiga,Luganda,,0.0,,pending_gpu,
magala,magala,magala,Luganda,,,0.0,magala,Luganda,,0.0,,pending_gpu,
magala,magala,magala,Luganda,,,0.0,magala,Luganda,,0.0,,pending_gpu,
ku,ku,ku,Luganda,,,0.0,ku,Luganda,,0.0,,pending_gpu,
sente,sente,sente,Luganda,,,0.0,sente,Luganda,,0.0,,pending_gpu,
Jojo,jojo,,Unknown,jjo,Luganda,85.71428571428572,jjo,Luganda,,0.0,,pending_gpu,
Magala,magala,Magala,Luganda,,,0.0,Magala,Luganda,,0.0,,pending_gpu,
bulijo,bulijo,,Unknown,bulijjo,Luganda,92.3076923076923,bulijjo,Luganda,,0.0,,pending_gpu,
byoyogera,byoyogera,,Unknown,oyogera,Luganda,87.5,oyogera,Luganda,,0.0,,pending_gpu,
Jojo,jojo,,Unknown,jjo,Luganda,85.71428571428572,jjo,Luganda,,0.0,,pending_gpu,
kiwanuka,kiwanuka,,Unknown,ekiwuka,Luganda,80.0,ekiwuka,Luganda,,0.0,,pending_gpu,
naye,naye,naye,Luganda,,,0.0,naye,Luganda,,0.0,,pending_gpu,
okulya,okulya,okulya,Luganda,,,0.0,okulya,Luganda,,0.0,,pending_gpu,
enyama,enyama,enyama,Luganda,,,0.0,enyama,Luganda,,0.0,,pending_gpu,
jojo,jojo,,Unknown,jjo,Luganda,85.71428571428572,jjo,Luganda,,0.0,,pending_gpu,
obutatuwa,obutatuwa,,Unknown,obutatya,Luganda,82.35294117647058,obutatya,Luganda,,0.0,,pending_gpu,
akazanyo,akazanyo,,Unknown,akazannyo,Luganda,94.11764705882352,akazannyo,Luganda,,0.0,,pending_gpu,
Jojo,jojo,,Unknown,jjo,Luganda,85.71428571428572,jjo,Luganda,,0.0,,pending_gpu,
Mukwano,mukwano,,Unknown,omukwano,Luganda,93.33333333333333,omukwano,Luganda,,0.0,,pending_gpu,
kubuyambi,kubuyambi,,Unknown,obuyambi,Luganda,82.35294117647058,obuyambi,Luganda,,0.0,,pending_gpu,
Mukwano,mukwano,,Unknown,omukwano,Luganda,93.33333333333333,omukwano,Luganda,,0.0,,pending_gpu,
okagala,okagala,,Unknown,okwagala,Luganda,93.33333333333333,okwagala,Luganda,,0.0,,pending_gpu,
kayina,kayina,kayina,Luganda,,,0.0,kayina,Luganda,,0.0,,pending_gpu,
munanansi,munanansi,,Unknown,munnansi,Luganda,94.11764705882352,munnansi,Luganda,,0.0,,pending_gpu,
Jojo,jojo,,Unknown,jjo,Luganda,85.71428571428572,jjo,Luganda,,0.0,,pending_gpu,
naye,naye,naye,Luganda,,,0.0,naye,Luganda,,0.0,,pending_gpu,
magala,magala,magala,Luganda,,,0.0,magala,Luganda,,0.0,,pending_gpu,
kumana,kumana,,Unknown,okumanya,Luganda,85.71428571428572,okumanya,Luganda,,0.0,,pending_gpu,
ento,ento,ento,Luganda,,,0.0,ento,Luganda,,0.0,,pending_gpu,
Jojo,jojo,,Unknown,jjo,Luganda,85.71428571428572,jjo,Luganda,,0.0,,pending_gpu,
kwagara,kwagara,,Unknown,okwagala,Luganda,80.0,okwagala,Luganda,,0.0,,pending_gpu,
buwangwa,buwangwa,,Unknown,obuwangwa,Luganda,94.11764705882352,obuwangwa,Luganda,,0.0,,pending_gpu,
nyabo,nyabo,,Unknown,nnyabo,Luganda,90.9090909090909,nnyabo,Luganda,,0.0,,pending_gpu,
JoJo,jojo,,Unknown,jjo,Luganda,85.71428571428572,jjo,Luganda,,0.0,,pending_gpu,
magezi,magezi,,Unknown,amagezi,Luganda,92.3076923076923,amagezi,Luganda,,0.0,,pending_gpu,
Jojo,jojo,,Unknown,jjo,Luganda,85.71428571428572,jjo,Luganda,,0.0,,pending_gpu,
kumana,kumana,,Unknown,okumanya,Luganda,85.71428571428572,okumanya,Luganda,,0.0,,pending_gpu,
ento,ento,ento,Luganda,,,0.0,ento,Luganda,,0.0,,pending_gpu,
Jojo,jojo,,Unknown,jjo,Luganda,85.71428571428572,jjo,Luganda,,0.0,,pending_gpu,
JOJO,jojo,,Unknown,jjo,Luganda,85.71428571428572,jjo,Luganda,,0.0,,pending_gpu,
Oli,oli,Oli,Luganda,,,0.0,Oli,Luganda,,0.0,,pending_gpu,
waddala,waddala,,Unknown,ddala,Luganda,83.33333333333334,ddala,Luganda,,0.0,,pending_gpu,
Naye,naye,Naye,Luganda,,,0.0,Naye,Luganda,,0.0,,pending_gpu,
Jojo,jojo,,Unknown,jjo,Luganda,85.71428571428572,jjo,Luganda,,0.0,,pending_gpu,
okitegera,okitegera,,Unknown,okutegera,Luganda,88.88888888888889,okutegera,Luganda,,0.0,,pending_gpu,
ku,ku,ku,Luganda,,,0.0,ku,Luganda,,0.0,,pending_gpu,
mukono,mukono,,Unknown,omukono,Luganda,92.3076923076923,omukono,Luganda,,0.0,,pending_gpu,
kumukonoki,kumukonoki,,Unknown,yokumukono,Luganda,80.0,yokumukono,Luganda,,0.0,,pending_gpu,
sebo,sebo,,Unknown,ssebo,Luganda,88.88888888888889,ssebo,Luganda,,0.0,,pending_gpu,
kumukono,kumukono,,Unknown,yokumukono,Luganda,88.88888888888889,yokumukono,Luganda,,0.0,,pending_gpu,
Akananaansi,akananaansi,,Unknown,enanaansi,Luganda,80.0,enanaansi,Luganda,,0.0,,pending_gpu,
wano,wano,wano,Luganda,,,0.0,wano,Luganda,,0.0,,pending_gpu,
Wano,wano,Wano,Luganda,,,0.0,Wano,Luganda,,0.0,,pending_gpu,
wange,wange,wange,Luganda,,,0.0,wange,Luganda,,0.0,,pending_gpu,
jojo,jojo,,Unknown,jjo,Luganda,85.71428571428572,jjo,Luganda,,0.0,,pending_gpu,
kimera,kimera,kimera,Luganda,,,0.0,kimera,Luganda,,0.0,,pending_gpu,
yange,yange,,Unknown,gyange,Luganda,90.9090909090909,gyange,Luganda,,0.0,,pending_gpu,
Kimera,kimera,Kimera,Luganda,,,0.0,Kimera,Luganda,,0.0,,pending_gpu,
Emaali,emaali,,Unknown,emabbali,Luganda,85.71428571428572,emabbali,Luganda,,0.0,,pending_gpu,
nayee,nayee,,Unknown,naye,Luganda,88.88888888888889,naye,Luganda,,0.0,,pending_gpu,
@KAVUYO,@kavuyo,,Unknown,akavuyo,Luganda,85.71428571428572,akavuyo,Luganda,,0.0,,pending_gpu,
kwesiva,kwesiva,,Unknown,okwesiga,Luganda,80.0,okwesiga,Luganda,,0.0,,pending_gpu,
mwana,mwana,mwana,Luganda,,,0.0,mwana,Luganda,,0.0,,pending_gpu,
Awo,awo,Awo,Luganda,,,0.0,Awo,Luganda,,0.0,,pending_gpu,
abayimbi,abayimbi,,Unknown,gwabayimbi,Luganda,88.88888888888889,gwabayimbi,Luganda,,0.0,,pending_gpu,
nga,nga,nga,Luganda,,,0.0,nga,Luganda,,0.0,,pending_gpu,
kurika,kurika,,Unknown,kuyurika,Luganda,85.71428571428572,kuyurika,Luganda,,0.0,,pending_gpu,
ekintu,ekintu,ekintu,Luganda,,,0.0,ekintu,Luganda,,0.0,,pending_gpu,
kyabadde,kyabadde,,Unknown,ekyambadde,Luganda,88.88888888888889,ekyambadde,Luganda,,0.0,,pending_gpu,
Naye,naye,Naye,Luganda,,,0.0,Naye,Luganda,,0.0,,pending_gpu,
Nga,nga,Nga,Luganda,,,0.0,Nga,Luganda,,0.0,,pending_gpu,
Gwe,gwe,Gwe,Luganda,,,0.0,Gwe,Luganda,,0.0,,pending_gpu,
wabadde,wabadde,,Unknown,abazadde,Luganda,80.0,abazadde,Luganda,,0.0,,pending_gpu,
esanyu,esanyu,,Unknown,essanyu,Luganda,92.3076923076923,essanyu,Luganda,,0.0,,pending_gpu,
gwe,gwe,gwe,Luganda,,,0.0,gwe,Luganda,,0.0,,pending_gpu,
mazima,mazima,,Unknown,amazima,Luganda,92.3076923076923,amazima,Luganda,,0.0,,pending_gpu,
naye,naye,naye,Luganda,,,0.0,naye,Luganda,,0.0,,pending_gpu,
muli,muli,,Unknown,omuli,Luganda,88.88888888888889,omuli,Luganda,,0.0,,pending_gpu,
mukuba,mukuba,,Unknown,kukuba,Luganda,83.33333333333334,kukuba,Luganda,,0.0,,pending_gpu,
"Mazima,","mazima,",,Unknown,amazima,Luganda,85.71428571428572,amazima,Luganda,,0.0,,pending_gpu,
taata,taata,taata,Luganda,,,0.0,taata,Luganda,,0.0,,pending_gpu,
yesu,yesu,yesu,Luganda,,,0.0,yesu,Luganda,,0.0,,pending_gpu,
mukomere,mukomere,,Unknown,mukomera,Luganda,87.5,mukomera,Luganda,,0.0,,pending_gpu,
maama,maama,maama,Luganda,,,0.0,maama,Luganda,,0.0,,pending_gpu,
mukama,mukama,mukama,Luganda,,,0.0,mukama,Luganda,,0.0,,pending_gpu,
kenya,kenya,kenya,Luganda,,,0.0,kenya,Luganda,,0.0,,pending_gpu,
wange,wange,wange,Luganda,,,0.0,wange,Luganda,,0.0,,pending_gpu,
WANGE,wange,WANGE,Luganda,,,0.0,WANGE,Luganda,,0.0,,pending_gpu,
WANGE,wange,WANGE,Luganda,,,0.0,WANGE,Luganda,,0.0,,pending_gpu,
kwagara,kwagara,,Unknown,okwagala,Luganda,80.0,okwagala,Luganda,,0.0,,pending_gpu,
omurungi,omurungi,,Unknown,omulungi,Luganda,87.5,omulungi,Luganda,,0.0,,pending_gpu,
wange,wange,wange,Luganda,,,0.0,wange,Luganda,,0.0,,pending_gpu,
gwe,gwe,gwe,Luganda,,,0.0,gwe,Luganda,,0.0,,pending_gpu,
nkwagala,nkwagala,,Unknown,okwagala,Luganda,87.5,okwagala,Luganda,,0.0,,pending_gpu,
omulungi,omulungi,omulungi,Luganda,,,0.0,omulungi,Luganda,,0.0,,pending_gpu,
wange,wange,wange,Luganda,,,0.0,wange,Luganda,,0.0,,pending_gpu,
kange,kange,kange,Luganda,,,0.0,kange,Luganda,,0.0,,pending_gpu,
nga,nga,nga,Luganda,,,0.0,nga,Luganda,,0.0,,pending_gpu,
kange,kange,kange,Luganda,,,0.0,kange,Luganda,,0.0,,pending_gpu,
mazima,mazima,,Unknown,amazima,Luganda,92.3076923076923,amazima,Luganda,,0.0,,pending_gpu,
mazima,mazima,,Unknown,amazima,Luganda,92.3076923076923,amazima,Luganda,,0.0,,pending_gpu,
mazima,mazima,,Unknown,amazima,Luganda,92.3076923076923,amazima,Luganda,,0.0,,pending_gpu,
mazima,mazima,,Unknown,amazima,Luganda,92.3076923076923,amazima,Luganda,,0.0,,pending_gpu,
mazima,mazima,,Unknown,amazima,Luganda,92.3076923076923,amazima,Luganda,,0.0,,pending_gpu,
mazima,mazima,,Unknown,amazima,Luganda,92.3076923076923,amazima,Luganda,,0.0,,pending_gpu,
mazima,mazima,,Unknown,amazima,Luganda,92.3076923076923,amazima,Luganda,,0.0,,pending_gpu,
mazima,mazima,,Unknown,amazima,Luganda,92.3076923076923,amazima,Luganda,,0.0,,pending_gpu,
OKITEGELA,okitegela,,Unknown,okuteela,Luganda,82.35294117647058,okuteela,Luganda,,0.0,,pending_gpu,
OMULUNGI,omulungi,OMULUNGI,Luganda,,,0.0,OMULUNGI,Luganda,,0.0,,pending_gpu,
WANGYE,wangye,,Unknown,wange,Luganda,90.9090909090909,wange,Luganda,,0.0,,pending_gpu,
OMULUNGI,omulungi,OMULUNGI,Luganda,,,0.0,OMULUNGI,Luganda,,0.0,,pending_gpu,
OMULUNGI,omulungi,OMULUNGI,Luganda,,,0.0,OMULUNGI,Luganda,,0.0,,pending_gpu,
WANGYE,wangye,,Unknown,wange,Luganda,90.9090909090909,wange,Luganda,,0.0,,pending_gpu,
OMULUNGI,omulungi,OMULUNGI,Luganda,,,0.0,OMULUNGI,Luganda,,0.0,,pending_gpu,
OMULUNGI,omulungi,OMULUNGI,Luganda,,,0.0,OMULUNGI,Luganda,,0.0,,pending_gpu,
WANGYE,wangye,,Unknown,wange,Luganda,90.9090909090909,wange,Luganda,,0.0,,pending_gpu,
OMULUNGI,omulungi,OMULUNGI,Luganda,,,0.0,OMULUNGI,Luganda,,0.0,,pending_gpu,
OMULUNGI,omulungi,OMULUNGI,Luganda,,,0.0,OMULUNGI,Luganda,,0.0,,pending_gpu,
WANGYE,wangye,,Unknown,wange,Luganda,90.9090909090909,wange,Luganda,,0.0,,pending_gpu,
OMULUNGI,omulungi,OMULUNGI,Luganda,,,0.0,OMULUNGI,Luganda,,0.0,,pending_gpu,
OMULUNGI,omulungi,OMULUNGI,Luganda,,,0.0,OMULUNGI,Luganda,,0.0,,pending_gpu,
WANGYE,wangye,,Unknown,wange,Luganda,90.9090909090909,wange,Luganda,,0.0,,pending_gpu,
OMULUNGI,omulungi,OMULUNGI,Luganda,,,0.0,OMULUNGI,Luganda,,0.0,,pending_gpu,
OMULUNGI,omulungi,OMULUNGI,Luganda,,,0.0,OMULUNGI,Luganda,,0.0,,pending_gpu,
WANGYE,wangye,,Unknown,wange,Luganda,90.9090909090909,wange,Luganda,,0.0,,pending_gpu,
wange,wange,wange,Luganda,,,0.0,wange,Luganda,,0.0,,pending_gpu,
mazima,mazima,,Unknown,amazima,Luganda,92.3076923076923,amazima,Luganda,,0.0,,pending_gpu,
wange,wange,wange,Luganda,,,0.0,wange,Luganda,,0.0,,pending_gpu,
omulungi,omulungi,omulungi,Luganda,,,0.0,omulungi,Luganda,,0.0,,pending_gpu,
wange,wange,wange,Luganda,,,0.0,wange,Luganda,,0.0,,pending_gpu,
omulungi,omulungi,omulungi,Luganda,,,0.0,omulungi,Luganda,,0.0,,pending_gpu,
wange,wange,wange,Luganda,,,0.0,wange,Luganda,,0.0,,pending_gpu,
Mazima,mazima,,Unknown,amazima,Luganda,92.3076923076923,amazima,Luganda,,0.0,,pending_gpu,
Mazima,mazima,,Unknown,amazima,Luganda,92.3076923076923,amazima,Luganda,,0.0,,pending_gpu,
Mazima,mazima,,Unknown,amazima,Luganda,92.3076923076923,amazima,Luganda,,0.0,,pending_gpu,
Mazima,mazima,,Unknown,amazima,Luganda,92.3076923076923,amazima,Luganda,,0.0,,pending_gpu,
Mazima,mazima,,Unknown,amazima,Luganda,92.3076923076923,amazima,Luganda,,0.0,,pending_gpu,
Mazima,mazima,,Unknown,amazima,Luganda,92.3076923076923,amazima,Luganda,,0.0,,pending_gpu,
Mazima,mazima,,Unknown,amazima,Luganda,92.3076923076923,amazima,Luganda,,0.0,,pending_gpu,
Mazima,mazima,,Unknown,amazima,Luganda,92.3076923076923,amazima,Luganda,,0.0,,pending_gpu,
Mazima,mazima,,Unknown,amazima,Luganda,92.3076923076923,amazima,Luganda,,0.0,,pending_gpu,
Mazima,mazima,,Unknown,amazima,Luganda,92.3076923076923,amazima,Luganda,,0.0,,pending_gpu,
Mazima,mazima,,Unknown,amazima,Luganda,92.3076923076923,amazima,Luganda,,0.0,,pending_gpu,
Mazima,mazima,,Unknown,amazima,Luganda,92.3076923076923,amazima,Luganda,,0.0,,pending_gpu,
Mazima,mazima,,Unknown,amazima,Luganda,92.3076923076923,amazima,Luganda,,0.0,,pending_gpu,
Maziima,maziima,,Unknown,amazima,Luganda,85.71428571428572,amazima,Luganda,,0.0,,pending_gpu,
Mazima,mazima,,Unknown,amazima,Luganda,92.3076923076923,amazima,Luganda,,0.0,,pending_gpu,
⌨️Mazima,⌨️mazima,,Unknown,amazima,Luganda,80.0,amazima,Luganda,,0.0,,pending_gpu,
Mazima,mazima,,Unknown,amazima,Luganda,92.3076923076923,amazima,Luganda,,0.0,,pending_gpu,
⌨️Mazima,⌨️mazima,,Unknown,amazima,Luganda,80.0,amazima,Luganda,,0.0,,pending_gpu,
Mazima,mazima,,Unknown,amazima,Luganda,92.3076923076923,amazima,Luganda,,0.0,,pending_gpu,
⌨️Mazima,⌨️mazima,,Unknown,amazima,Luganda,80.0,amazima,Luganda,,0.0,,pending_gpu,
Mazima,mazima,,Unknown,amazima,Luganda,92.3076923076923,amazima,Luganda,,0.0,,pending_gpu,
Mazima,mazima,,Unknown,amazima,Luganda,92.3076923076923,amazima,Luganda,,0.0,,pending_gpu,
Mazima,mazima,,Unknown,amazima,Luganda,92.3076923076923,amazima,Luganda,,0.0,,pending_gpu,
Mazima,mazima,,Unknown,amazima,Luganda,92.3076923076923,amazima,Luganda,,0.0,,pending_gpu,
Mazima,mazima,,Unknown,amazima,Luganda,92.3076923076923,amazima,Luganda,,0.0,,pending_gpu,
Mazima,mazima,,Unknown,amazima,Luganda,92.3076923076923,amazima,Luganda,,0.0,,pending_gpu,
Mazima,mazima,,Unknown,amazima,Luganda,92.3076923076923,amazima,Luganda,,0.0,,pending_gpu,
Mazima,mazima,,Unknown,amazima,Luganda,92.3076923076923,amazima,Luganda,,0.0,,pending_gpu,
Mazima,mazima,,Unknown,amazima,Luganda,92.3076923076923,amazima,Luganda,,0.0,,pending_gpu,
Mazima,mazima,,Unknown,amazima,Luganda,92.3076923076923,amazima,Luganda,,0.0,,pending_gpu,
Mazima,mazima,,Unknown,amazima,Luganda,92.3076923076923,amazima,Luganda,,0.0,,pending_gpu,
♥️Mazima,♥️mazima,,Unknown,amazima,Luganda,80.0,amazima,Luganda,,0.0,,pending_gpu,
Mazima,mazima,,Unknown,amazima,Luganda,92.3076923076923,amazima,Luganda,,0.0,,pending_gpu,
♥️Mazima,♥️mazima,,Unknown,amazima,Luganda,80.0,amazima,Luganda,,0.0,,pending_gpu,
Mazima,mazima,,Unknown,amazima,Luganda,92.3076923076923,amazima,Luganda,,0.0,,pending_gpu,
♥️Mazima,♥️mazima,,Unknown,amazima,Luganda,80.0,amazima,Luganda,,0.0,,pending_gpu,
Mazima,mazima,,Unknown,amazima,Luganda,92.3076923076923,amazima,Luganda,,0.0,,pending_gpu,
Omulunji,omulunji,,Unknown,omulungi,Luganda,87.5,omulungi,Luganda,,0.0,,pending_gpu,
wange,wange,wange,Luganda,,,0.0,wange,Luganda,,0.0,,pending_gpu,
wange,wange,wange,Luganda,,,0.0,wange,Luganda,,0.0,,pending_gpu,
okitegera,okitegera,,Unknown,okutegera,Luganda,88.88888888888889,okutegera,Luganda,,0.0,,pending_gpu,
mazima,mazima,,Unknown,amazima,Luganda,92.3076923076923,amazima,Luganda,,0.0,,pending_gpu,
Sawa,sawa,Sawa,Luganda,,,0.0,Sawa,Luganda,,0.0,,pending_gpu,
yona,yona,,Unknown,yonna,Luganda,88.88888888888889,yonna,Luganda,,0.0,,pending_gpu,
mazima,mazima,,Unknown,amazima,Luganda,92.3076923076923,amazima,Luganda,,0.0,,pending_gpu,
omulungi,omulungi,omulungi,Luganda,,,0.0,omulungi,Luganda,,0.0,,pending_gpu,
wange,wange,wange,Luganda,,,0.0,wange,Luganda,,0.0,,pending_gpu,
mazima,mazima,,Unknown,amazima,Luganda,92.3076923076923,amazima,Luganda,,0.0,,pending_gpu,
Mazima,mazima,,Unknown,amazima,Luganda,92.3076923076923,amazima,Luganda,,0.0,,pending_gpu,
mazima,mazima,,Unknown,amazima,Luganda,92.3076923076923,amazima,Luganda,,0.0,,pending_gpu,
mazima,mazima,,Unknown,amazima,Luganda,92.3076923076923,amazima,Luganda,,0.0,,pending_gpu,
mazima,mazima,,Unknown,amazima,Luganda,92.3076923076923,amazima,Luganda,,0.0,,pending_gpu,
mazima,mazima,,Unknown,amazima,Luganda,92.3076923076923,amazima,Luganda,,0.0,,pending_gpu,
mazima,mazima,,Unknown,amazima,Luganda,92.3076923076923,amazima,Luganda,,0.0,,pending_gpu,
mazima,mazima,,Unknown,amazima,Luganda,92.3076923076923,amazima,Luganda,,0.0,,pending_gpu,
mazima,mazima,,Unknown,amazima,Luganda,92.3076923076923,amazima,Luganda,,0.0,,pending_gpu,
mazima,mazima,,Unknown,amazima,Luganda,92.3076923076923,amazima,Luganda,,0.0,,pending_gpu,
mazima,mazima,,Unknown,amazima,Luganda,92.3076923076923,amazima,Luganda,,0.0,,pending_gpu,
mazima,mazima,,Unknown,amazima,Luganda,92.3076923076923,amazima,Luganda,,0.0,,pending_gpu,
mazima,mazima,,Unknown,amazima,Luganda,92.3076923076923,amazima,Luganda,,0.0,,pending_gpu,
mazima,mazima,,Unknown,amazima,Luganda,92.3076923076923,amazima,Luganda,,0.0,,pending_gpu,
mazima,mazima,,Unknown,amazima,Luganda,92.3076923076923,amazima,Luganda,,0.0,,pending_gpu,
mazima,mazima,,Unknown,amazima,Luganda,92.3076923076923,amazima,Luganda,,0.0,,pending_gpu,
mazima,mazima,,Unknown,amazima,Luganda,92.3076923076923,amazima,Luganda,,0.0,,pending_gpu,
mazima,mazima,,Unknown,amazima,Luganda,92.3076923076923,amazima,Luganda,,0.0,,pending_gpu,
mazima,mazima,,Unknown,amazima,Luganda,92.3076923076923,amazima,Luganda,,0.0,,pending_gpu,
mazima,mazima,,Unknown,amazima,Luganda,92.3076923076923,amazima,Luganda,,0.0,,pending_gpu,
mazima,mazima,,Unknown,amazima,Luganda,92.3076923076923,amazima,Luganda,,0.0,,pending_gpu,
mazima,mazima,,Unknown,amazima,Luganda,92.3076923076923,amazima,Luganda,,0.0,,pending_gpu,
mazima,mazima,,Unknown,amazima,Luganda,92.3076923076923,amazima,Luganda,,0.0,,pending_gpu,
mazima,mazima,,Unknown,amazima,Luganda,92.3076923076923,amazima,Luganda,,0.0,,pending_gpu,
mazima,mazima,,Unknown,amazima,Luganda,92.3076923076923,amazima,Luganda,,0.0,,pending_gpu,
mazima,mazima,,Unknown,amazima,Luganda,92.3076923076923,amazima,Luganda,,0.0,,pending_gpu,
mazima,mazima,,Unknown,amazima,Luganda,92.3076923076923,amazima,Luganda,,0.0,,pending_gpu,
mazima,mazima,,Unknown,amazima,Luganda,92.3076923076923,amazima,Luganda,,0.0,,pending_gpu,
mazima,mazima,,Unknown,amazima,Luganda,92.3076923076923,amazima,Luganda,,0.0,,pending_gpu,
mazima,mazima,,Unknown,amazima,Luganda,92.3076923076923,amazima,Luganda,,0.0,,pending_gpu,
mazima,mazima,,Unknown,amazima,Luganda,92.3076923076923,amazima,Luganda,,0.0,,pending_gpu,
mazima,mazima,,Unknown,amazima,Luganda,92.3076923076923,amazima,Luganda,,0.0,,pending_gpu,
mazima,mazima,,Unknown,amazima,Luganda,92.3076923076923,amazima,Luganda,,0.0,,pending_gpu,
mazima,mazima,,Unknown,amazima,Luganda,92.3076923076923,amazima,Luganda,,0.0,,pending_gpu,
mazima,mazima,,Unknown,amazima,Luganda,92.3076923076923,amazima,Luganda,,0.0,,pending_gpu,
mazima,mazima,,Unknown,amazima,Luganda,92.3076923076923,amazima,Luganda,,0.0,,pending_gpu,
mazima,mazima,,Unknown,amazima,Luganda,92.3076923076923,amazima,Luganda,,0.0,,pending_gpu,
mazima,mazima,,Unknown,amazima,Luganda,92.3076923076923,amazima,Luganda,,0.0,,pending_gpu,
mazima,mazima,,Unknown,amazima,Luganda,92.3076923076923,amazima,Luganda,,0.0,,pending_gpu,
omulungi,omulungi,omulungi,Luganda,,,0.0,omulungi,Luganda,,0.0,,pending_gpu,
wange,wange,wange,Luganda,,,0.0,wange,Luganda,,0.0,,pending_gpu,
mazima,mazima,,Unknown,amazima,Luganda,92.3076923076923,amazima,Luganda,,0.0,,pending_gpu,
mazima,mazima,,Unknown,amazima,Luganda,92.3076923076923,amazima,Luganda,,0.0,,pending_gpu,
mazima,mazima,,Unknown,amazima,Luganda,92.3076923076923,amazima,Luganda,,0.0,,pending_gpu,
mazima,mazima,,Unknown,amazima,Luganda,92.3076923076923,amazima,Luganda,,0.0,,pending_gpu,
mazima,mazima,,Unknown,amazima,Luganda,92.3076923076923,amazima,Luganda,,0.0,,pending_gpu,
mazima,mazima,,Unknown,amazima,Luganda,92.3076923076923,amazima,Luganda,,0.0,,pending_gpu,
mazima,mazima,,Unknown,amazima,Luganda,92.3076923076923,amazima,Luganda,,0.0,,pending_gpu,
mazima,mazima,,Unknown,amazima,Luganda,92.3076923076923,amazima,Luganda,,0.0,,pending_gpu,
mazima,mazima,,Unknown,amazima,Luganda,92.3076923076923,amazima,Luganda,,0.0,,pending_gpu,
mazima,mazima,,Unknown,amazima,Luganda,92.3076923076923,amazima,Luganda,,0.0,,pending_gpu,
mazima,mazima,,Unknown,amazima,Luganda,92.3076923076923,amazima,Luganda,,0.0,,pending_gpu,
mazima,mazima,,Unknown,amazima,Luganda,92.3076923076923,amazima,Luganda,,0.0,,pending_gpu,
mazima,mazima,,Unknown,amazima,Luganda,92.3076923076923,amazima,Luganda,,0.0,,pending_gpu,
mazima,mazima,,Unknown,amazima,Luganda,92.3076923076923,amazima,Luganda,,0.0,,pending_gpu,
mazima,mazima,,Unknown,amazima,Luganda,92.3076923076923,amazima,Luganda,,0.0,,pending_gpu,
mazima,mazima,,Unknown,amazima,Luganda,92.3076923076923,amazima,Luganda,,0.0,,pending_gpu,
mazima,mazima,,Unknown,amazima,Luganda,92.3076923076923,amazima,Luganda,,0.0,,pending_gpu,
mazima,mazima,,Unknown,amazima,Luganda,92.3076923076923,amazima,Luganda,,0.0,,pending_gpu,
mazima,mazima,,Unknown,amazima,Luganda,92.3076923076923,amazima,Luganda,,0.0,,pending_gpu,
mazima,mazima,,Unknown,amazima,Luganda,92.3076923076923,amazima,Luganda,,0.0,,pending_gpu,
mazima,mazima,,Unknown,amazima,Luganda,92.3076923076923,amazima,Luganda,,0.0,,pending_gpu,
mazima,mazima,,Unknown,amazima,Luganda,92.3076923076923,amazima,Luganda,,0.0,,pending_gpu,
mazima,mazima,,Unknown,amazima,Luganda,92.3076923076923,amazima,Luganda,,0.0,,pending_gpu,
mazima,mazima,,Unknown,amazima,Luganda,92.3076923076923,amazima,Luganda,,0.0,,pending_gpu,
mazima,mazima,,Unknown,amazima,Luganda,92.3076923076923,amazima,Luganda,,0.0,,pending_gpu,
mazima,mazima,,Unknown,amazima,Luganda,92.3076923076923,amazima,Luganda,,0.0,,pending_gpu,
mazima,mazima,,Unknown,amazima,Luganda,92.3076923076923,amazima,Luganda,,0.0,,pending_gpu,
mazima,mazima,,Unknown,amazima,Luganda,92.3076923076923,amazima,Luganda,,0.0,,pending_gpu,
mazima,mazima,,Unknown,amazima,Luganda,92.3076923076923,amazima,Luganda,,0.0,,pending_gpu,
mazima,mazima,,Unknown,amazima,Luganda,92.3076923076923,amazima,Luganda,,0.0,,pending_gpu,
mazima,mazima,,Unknown,amazima,Luganda,92.3076923076923,amazima,Luganda,,0.0,,pending_gpu,
mazima,mazima,,Unknown,amazima,Luganda,92.3076923076923,amazima,Luganda,,0.0,,pending_gpu,
mazima,mazima,,Unknown,amazima,Luganda,92.3076923076923,amazima,Luganda,,0.0,,pending_gpu,
mazima,mazima,,Unknown,amazima,Luganda,92.3076923076923,amazima,Luganda,,0.0,,pending_gpu,
mazima,mazima,,Unknown,amazima,Luganda,92.3076923076923,amazima,Luganda,,0.0,,pending_gpu,
mazima,mazima,,Unknown,amazima,Luganda,92.3076923076923,amazima,Luganda,,0.0,,pending_gpu,
mazima,mazima,,Unknown,amazima,Luganda,92.3076923076923,amazima,Luganda,,0.0,,pending_gpu,
mazima,mazima,,Unknown,amazima,Luganda,92.3076923076923,amazima,Luganda,,0.0,,pending_gpu,
mazima,mazima,,Unknown,amazima,Luganda,92.3076923076923,amazima,Luganda,,0.0,,pending_gpu,
mazima,mazima,,Unknown,amazima,Luganda,92.3076923076923,amazima,Luganda,,0.0,,pending_gpu,
mazima,mazima,,Unknown,amazima,Luganda,92.3076923076923,amazima,Luganda,,0.0,,pending_gpu,
mazima,mazima,,Unknown,amazima,Luganda,92.3076923076923,amazima,Luganda,,0.0,,pending_gpu,
mazima,mazima,,Unknown,amazima,Luganda,92.3076923076923,amazima,Luganda,,0.0,,pending_gpu,
mazima,mazima,,Unknown,amazima,Luganda,92.3076923076923,amazima,Luganda,,0.0,,pending_gpu,
mazima,mazima,,Unknown,amazima,Luganda,92.3076923076923,amazima,Luganda,,0.0,,pending_gpu,
mazima,mazima,,Unknown,amazima,Luganda,92.3076923076923,amazima,Luganda,,0.0,,pending_gpu,
mazima,mazima,,Unknown,amazima,Luganda,92.3076923076923,amazima,Luganda,,0.0,,pending_gpu,
mazima,mazima,,Unknown,amazima,Luganda,92.3076923076923,amazima,Luganda,,0.0,,pending_gpu,
mazima,mazima,,Unknown,amazima,Luganda,92.3076923076923,amazima,Luganda,,0.0,,pending_gpu,
mazima,mazima,,Unknown,amazima,Luganda,92.3076923076923,amazima,Luganda,,0.0,,pending_gpu,
mazima,mazima,,Unknown,amazima,Luganda,92.3076923076923,amazima,Luganda,,0.0,,pending_gpu,
mazima,mazima,,Unknown,amazima,Luganda,92.3076923076923,amazima,Luganda,,0.0,,pending_gpu,
maziiima,maziiima,,Unknown,amazima,Luganda,80.0,amazima,Luganda,,0.0,,pending_gpu,
maziiima,maziiima,,Unknown,amazima,Luganda,80.0,amazima,Luganda,,0.0,,pending_gpu,
maziiima,maziiima,,Unknown,amazima,Luganda,80.0,amazima,Luganda,,0.0,,pending_gpu,
maziiima,maziiima,,Unknown,amazima,Luganda,80.0,amazima,Luganda,,0.0,,pending_gpu,
maziiima,maziiima,,Unknown,amazima,Luganda,80.0,amazima,Luganda,,0.0,,pending_gpu,
maziiima,maziiima,,Unknown,amazima,Luganda,80.0,amazima,Luganda,,0.0,,pending_gpu,
maziiima,maziiima,,Unknown,amazima,Luganda,80.0,amazima,Luganda,,0.0,,pending_gpu,
maziiima,maziiima,,Unknown,amazima,Luganda,80.0,amazima,Luganda,,0.0,,pending_gpu,
maziiima,maziiima,,Unknown,amazima,Luganda,80.0,amazima,Luganda,,0.0,,pending_gpu,
maziiima,maziiima,,Unknown,amazima,Luganda,80.0,amazima,Luganda,,0.0,,pending_gpu,
maziiima,maziiima,,Unknown,amazima,Luganda,80.0,amazima,Luganda,,0.0,,pending_gpu,
maziiima,maziiima,,Unknown,amazima,Luganda,80.0,amazima,Luganda,,0.0,,pending_gpu,
Oba,oba,Oba,Luganda,,,0.0,Oba,Luganda,,0.0,,pending_gpu,
kayina,kayina,kayina,Luganda,,,0.0,kayina,Luganda,,0.0,,pending_gpu,
oliwadala,oliwadala,,Unknown,olwaala,Luganda,87.5,olwaala,Luganda,,0.0,,pending_gpu,
webale,webale,webale,Luganda,,,0.0,webale,Luganda,,0.0,,pending_gpu,
kuyamba,kuyamba,kuyamba,Luganda,,,0.0,kuyamba,Luganda,,0.0,,pending_gpu,
mwana,mwana,mwana,Luganda,,,0.0,mwana,Luganda,,0.0,,pending_gpu,
maziima,maziima,,Unknown,amazima,Luganda,85.71428571428572,amazima,Luganda,,0.0,,pending_gpu,
mwana,mwana,mwana,Luganda,,,0.0,mwana,Luganda,,0.0,,pending_gpu,
omwana,omwana,omwana,Luganda,,,0.0,omwana,Luganda,,0.0,,pending_gpu,
oluyimba,oluyimba,oluyimba,Luganda,,,0.0,oluyimba,Luganda,,0.0,,pending_gpu,
lwange,lwange,,Unknown,wange,Luganda,90.9090909090909,wange,Luganda,,0.0,,pending_gpu,
wange,wange,wange,Luganda,,,0.0,wange,Luganda,,0.0,,pending_gpu,
luweero,luweero,,Unknown,fuluweero,Luganda,87.5,fuluweero,Luganda,,0.0,,pending_gpu,
mwana,mwana,mwana,Luganda,,,0.0,mwana,Luganda,,0.0,,pending_gpu,
naye,naye,naye,Luganda,,,0.0,naye,Luganda,,0.0,,pending_gpu,
tukubanja,tukubanja,,Unknown,okubanja,Luganda,82.35294117647058,okubanja,Luganda,,0.0,,pending_gpu,
mwana,mwana,mwana,Luganda,,,0.0,mwana,Luganda,,0.0,,pending_gpu,
wange,wange,wange,Luganda,,,0.0,wange,Luganda,,0.0,,pending_gpu,
luweero,luweero,,Unknown,fuluweero,Luganda,87.5,fuluweero,Luganda,,0.0,,pending_gpu,
mwana,mwana,mwana,Luganda,,,0.0,mwana,Luganda,,0.0,,pending_gpu,
muwe,muwe,,Unknown,omunwe,Luganda,80.0,omunwe,Luganda,,0.0,,pending_gpu,
amasanyalaze,amasanyalaze,amasanyalaze,Luganda,,,0.0,amasanyalaze,Luganda,,0.0,,pending_gpu,
ssebo,ssebo,ssebo,Luganda,,,0.0,ssebo,Luganda,,0.0,,pending_gpu,
nyo,nyo,,Unknown,nnyo,Luganda,85.71428571428572,nnyo,Luganda,,0.0,,pending_gpu,
oliyimba,oliyimba,,Unknown,oluyimba,Luganda,87.5,oluyimba,Luganda,,0.0,,pending_gpu,
lwange,lwange,,Unknown,wange,Luganda,90.9090909090909,wange,Luganda,,0.0,,pending_gpu,
mwana,mwana,mwana,Luganda,,,0.0,mwana,Luganda,,0.0,,pending_gpu,
mukama,mukama,mukama,Luganda,,,0.0,mukama,Luganda,,0.0,,pending_gpu,
taata,taata,taata,Luganda,,,0.0,taata,Luganda,,0.0,,pending_gpu,
maama,maama,maama,Luganda,,,0.0,maama,Luganda,,0.0,,pending_gpu,
mirembe,mirembe,,Unknown,emirembe,Luganda,93.33333333333333,emirembe,Luganda,,0.0,,pending_gpu,
mirembe,mirembe,,Unknown,emirembe,Luganda,93.33333333333333,emirembe,Luganda,,0.0,,pending_gpu,
kamuli,kamuli,,Unknown,akamuli,Luganda,92.3076923076923,akamuli,Luganda,,0.0,,pending_gpu,
",naye",",naye",,Unknown,naye,Luganda,88.88888888888889,naye,Luganda,,0.0,,pending_gpu,
mazima,mazima,,Unknown,amazima,Luganda,92.3076923076923,amazima,Luganda,,0.0,,pending_gpu,
mwana,mwana,mwana,Luganda,,,0.0,mwana,Luganda,,0.0,,pending_gpu,
mazima,mazima,,Unknown,amazima,Luganda,92.3076923076923,amazima,Luganda,,0.0,,pending_gpu,
mazima,mazima,,Unknown,amazima,Luganda,92.3076923076923,amazima,Luganda,,0.0,,pending_gpu,
wange,wange,wange,Luganda,,,0.0,wange,Luganda,,0.0,,pending_gpu,
omulungi,omulungi,omulungi,Luganda,,,0.0,omulungi,Luganda,,0.0,,pending_gpu,
mazima,mazima,,Unknown,amazima,Luganda,92.3076923076923,amazima,Luganda,,0.0,,pending_gpu,
mazima,mazima,,Unknown,amazima,Luganda,92.3076923076923,amazima,Luganda,,0.0,,pending_gpu,
mazima,mazima,,Unknown,amazima,Luganda,92.3076923076923,amazima,Luganda,,0.0,,pending_gpu,
mazima,mazima,,Unknown,amazima,Luganda,92.3076923076923,amazima,Luganda,,0.0,,pending_gpu,
wange,wange,wange,Luganda,,,0.0,wange,Luganda,,0.0,,pending_gpu,
mazimaa,mazimaa,,Unknown,amazima,Luganda,85.71428571428572,amazima,Luganda,,0.0,,pending_gpu,
mazima,mazima,,Unknown,amazima,Luganda,92.3076923076923,amazima,Luganda,,0.0,,pending_gpu,
Kamazima,kamazima,,Unknown,amazima,Luganda,93.33333333333333,amazima,Luganda,,0.0,,pending_gpu,
mazima,mazima,,Unknown,amazima,Luganda,92.3076923076923,amazima,Luganda,,0.0,,pending_gpu,
mazima,mazima,,Unknown,amazima,Luganda,92.3076923076923,amazima,Luganda,,0.0,,pending_gpu,
mazima,mazima,,Unknown,amazima,Luganda,92.3076923076923,amazima,Luganda,,0.0,,pending_gpu,
mazima,mazima,,Unknown,amazima,Luganda,92.3076923076923,amazima,Luganda,,0.0,,pending_gpu,
mazima,mazima,,Unknown,amazima,Luganda,92.3076923076923,amazima,Luganda,,0.0,,pending_gpu,
mazima,mazima,,Unknown,amazima,Luganda,92.3076923076923,amazima,Luganda,,0.0,,pending_gpu,
Mazima,mazima,,Unknown,amazima,Luganda,92.3076923076923,amazima,Luganda,,0.0,,pending_gpu,
mazima,mazima,,Unknown,amazima,Luganda,92.3076923076923,amazima,Luganda,,0.0,,pending_gpu,
mazima,mazima,,Unknown,amazima,Luganda,92.3076923076923,amazima,Luganda,,0.0,,pending_gpu,
Wano,wano,Wano,Luganda,,,0.0,Wano,Luganda,,0.0,,pending_gpu,
mazima,mazima,,Unknown,amazima,Luganda,92.3076923076923,amazima,Luganda,,0.0,,pending_gpu,
musajja,musajja,,Unknown,omusajja,Luganda,93.33333333333333,omusajja,Luganda,,0.0,,pending_gpu,
gwe,gwe,gwe,Luganda,,,0.0,gwe,Luganda,,0.0,,pending_gpu,
kwesiva,kwesiva,,Unknown,okwesiga,Luganda,80.0,okwesiga,Luganda,,0.0,,pending_gpu,
kubawo,kubawo,,Unknown,okubawo,Luganda,92.3076923076923,okubawo,Luganda,,0.0,,pending_gpu,
nnyo,nnyo,nnyo,Luganda,,,0.0,nnyo,Luganda,,0.0,,pending_gpu,
awo,awo,awo,Luganda,,,0.0,awo,Luganda,,0.0,,pending_gpu,
webale,webale,webale,Luganda,,,0.0,webale,Luganda,,0.0,,pending_gpu,
nyo,nyo,,Unknown,nnyo,Luganda,85.71428571428572,nnyo,Luganda,,0.0,,pending_gpu,
kutwagala,kutwagala,,Unknown,okutagala,Luganda,88.88888888888889,okutagala,Luganda,,0.0,,pending_gpu,
okyitegera,okyitegera,,Unknown,okutegera,Luganda,84.21052631578947,okutegera,Luganda,,0.0,,pending_gpu,
okitegera,okitegera,,Unknown,okutegera,Luganda,88.88888888888889,okutegera,Luganda,,0.0,,pending_gpu,
mazima,mazima,,Unknown,amazima,Luganda,92.3076923076923,amazima,Luganda,,0.0,,pending_gpu,
wange,wange,wange,Luganda,,,0.0,wange,Luganda,,0.0,,pending_gpu,
naye,naye,naye,Luganda,,,0.0,naye,Luganda,,0.0,,pending_gpu,
owa,owa,owa,Luganda,,,0.0,owa,Luganda,,0.0,,pending_gpu,
Mazima,mazima,,Unknown,amazima,Luganda,92.3076923076923,amazima,Luganda,,0.0,,pending_gpu,
okitegera,okitegera,,Unknown,okutegera,Luganda,88.88888888888889,okutegera,Luganda,,0.0,,pending_gpu,
kyekyo,kyekyo,,Unknown,ekyo,Luganda,80.0,ekyo,Luganda,,0.0,,pending_gpu,
Mazima,mazima,,Unknown,amazima,Luganda,92.3076923076923,amazima,Luganda,,0.0,,pending_gpu,
mazima,mazima,,Unknown,amazima,Luganda,92.3076923076923,amazima,Luganda,,0.0,,pending_gpu,
mazima,mazima,,Unknown,amazima,Luganda,92.3076923076923,amazima,Luganda,,0.0,,pending_gpu,
mazimaa,mazimaa,,Unknown,amazima,Luganda,85.71428571428572,amazima,Luganda,,0.0,,pending_gpu,
kituufu,kituufu,kituufu,Luganda,,,0.0,kituufu,Luganda,,0.0,,pending_gpu,
mazima,mazima,,Unknown,amazima,Luganda,92.3076923076923,amazima,Luganda,,0.0,,pending_gpu,
mazima,mazima,,Unknown,amazima,Luganda,92.3076923076923,amazima,Luganda,,0.0,,pending_gpu,
manzima,manzima,,Unknown,amazima,Luganda,85.71428571428572,amazima,Luganda,,0.0,,pending_gpu,
Amazima,amazima,Amazima,Luganda,,,0.0,Amazima,Luganda,,0.0,,pending_gpu,
mazima,mazima,,Unknown,amazima,Luganda,92.3076923076923,amazima,Luganda,,0.0,,pending_gpu,
Mazima.,mazima.,,Unknown,amazima,Luganda,85.71428571428572,amazima,Luganda,,0.0,,pending_gpu,
mazima,mazima,,Unknown,amazima,Luganda,92.3076923076923,amazima,Luganda,,0.0,,pending_gpu,
mazima,mazima,,Unknown,amazima,Luganda,92.3076923076923,amazima,Luganda,,0.0,,pending_gpu,
mazima,mazima,,Unknown,amazima,Luganda,92.3076923076923,amazima,Luganda,,0.0,,pending_gpu,
mazima,mazima,,Unknown,amazima,Luganda,92.3076923076923,amazima,Luganda,,0.0,,pending_gpu,
mazima,mazima,,Unknown,amazima,Luganda,92.3076923076923,amazima,Luganda,,0.0,,pending_gpu,
mazima,mazima,,Unknown,amazima,Luganda,92.3076923076923,amazima,Luganda,,0.0,,pending_gpu,
mazima,mazima,,Unknown,amazima,Luganda,92.3076923076923,amazima,Luganda,,0.0,,pending_gpu,
mazima,mazima,,Unknown,amazima,Luganda,92.3076923076923,amazima,Luganda,,0.0,,pending_gpu,
mazima,mazima,,Unknown,amazima,Luganda,92.3076923076923,amazima,Luganda,,0.0,,pending_gpu,
mazima,mazima,,Unknown,amazima,Luganda,92.3076923076923,amazima,Luganda,,0.0,,pending_gpu,
mazima,mazima,,Unknown,amazima,Luganda,92.3076923076923,amazima,Luganda,,0.0,,pending_gpu,
mazima,mazima,,Unknown,amazima,Luganda,92.3076923076923,amazima,Luganda,,0.0,,pending_gpu,
mazima,mazima,,Unknown,amazima,Luganda,92.3076923076923,amazima,Luganda,,0.0,,pending_gpu,
mazima,mazima,,Unknown,amazima,Luganda,92.3076923076923,amazima,Luganda,,0.0,,pending_gpu,
Mazima,mazima,,Unknown,amazima,Luganda,92.3076923076923,amazima,Luganda,,0.0,,pending_gpu,
Mazima,mazima,,Unknown,amazima,Luganda,92.3076923076923,amazima,Luganda,,0.0,,pending_gpu,
mazima,mazima,,Unknown,amazima,Luganda,92.3076923076923,amazima,Luganda,,0.0,,pending_gpu,
mwana,mwana,mwana,Luganda,,,0.0,mwana,Luganda,,0.0,,pending_gpu,
abakazi,abakazi,,Unknown,akakazi,Luganda,85.71428571428572,akakazi,Luganda,,0.0,,pending_gpu,
owa,owa,owa,Luganda,,,0.0,owa,Luganda,,0.0,,pending_gpu,
naye,naye,naye,Luganda,,,0.0,naye,Luganda,,0.0,,pending_gpu,
Yuma,yuma,,Unknown,kyuma,Luganda,88.88888888888889,kyuma,Luganda,,0.0,,pending_gpu,
kumwana,kumwana,,Unknown,kulwana,Luganda,85.71428571428572,kulwana,Luganda,,0.0,,pending_gpu,
olabika,olabika,,Unknown,okulabika,Luganda,87.5,okulabika,Luganda,,0.0,,pending_gpu,
mwana,mwana,mwana,Luganda,,,0.0,mwana,Luganda,,0.0,,pending_gpu,
kitufu,kitufu,,Unknown,ekitufu,Luganda,92.3076923076923,ekitufu,Luganda,,0.0,,pending_gpu,
ekunoonya..,ekunoonya..,,Unknown,okunoonya,Luganda,80.0,okunoonya,Luganda,,0.0,,pending_gpu,
enjala,enjala,enjala,Luganda,,,0.0,enjala,Luganda,,0.0,,pending_gpu,
Naye,naye,Naye,Luganda,,,0.0,Naye,Luganda,,0.0,,pending_gpu,
maama,maama,maama,Luganda,,,0.0,maama,Luganda,,0.0,,pending_gpu,
kisenyi,kisenyi,,Unknown,ekisanyi,Luganda,80.0,ekisanyi,Luganda,,0.0,,pending_gpu,
abasajja,abasajja,,Unknown,basajja,Luganda,93.33333333333333,basajja,Luganda,,0.0,,pending_gpu,
naye,naye,naye,Luganda,,,0.0,naye,Luganda,,0.0,,pending_gpu,
sente,sente,sente,Luganda,,,0.0,sente,Luganda,,0.0,,pending_gpu,
enanansi,enanansi,,Unknown,enanaansi,Luganda,94.11764705882352,enanaansi,Luganda,,0.0,,pending_gpu,
ku,ku,ku,Luganda,,,0.0,ku,Luganda,,0.0,,pending_gpu,
Jjaajja,jjaajja,,Unknown,jjajja,Luganda,92.3076923076923,jjajja,Luganda,,0.0,,pending_gpu,
luganda,luganda,,Unknown,oluganda,Luganda,93.33333333333333,oluganda,Luganda,,0.0,,pending_gpu,
ngali,ngali,,Unknown,ngaali,Luganda,90.9090909090909,ngaali,Luganda,,0.0,,pending_gpu,
Ku,ku,Ku,Luganda,,,0.0,Ku,Luganda,,0.0,,pending_gpu,
nti,nti,nti,Luganda,,,0.0,nti,Luganda,,0.0,,pending_gpu,
naye,naye,naye,Luganda,,,0.0,naye,Luganda,,0.0,,pending_gpu,
muganda,muganda,muganda,Luganda,,,0.0,muganda,Luganda,,0.0,,pending_gpu,
wange,wange,wange,Luganda,,,0.0,wange,Luganda,,0.0,,pending_gpu,
omusajja,omusajja,omusajja,Luganda,,,0.0,omusajja,Luganda,,0.0,,pending_gpu,
naye,naye,naye,Luganda,,,0.0,naye,Luganda,,0.0,,pending_gpu,
Mukama,mukama,Mukama,Luganda,,,0.0,Mukama,Luganda,,0.0,,pending_gpu,
wabula,wabula,wabula,Luganda,,,0.0,wabula,Luganda,,0.0,,pending_gpu,
Wabula,wabula,Wabula,Luganda,,,0.0,Wabula,Luganda,,0.0,,pending_gpu,
Mazima,mazima,,Unknown,amazima,Luganda,92.3076923076923,amazima,Luganda,,0.0,,pending_gpu,
naye,naye,naye,Luganda,,,0.0,naye,Luganda,,0.0,,pending_gpu,
mazima,mazima,,Unknown,amazima,Luganda,92.3076923076923,amazima,Luganda,,0.0,,pending_gpu,
mazima,mazima,,Unknown,amazima,Luganda,92.3076923076923,amazima,Luganda,,0.0,,pending_gpu,
mazima,mazima,,Unknown,amazima,Luganda,92.3076923076923,amazima,Luganda,,0.0,,pending_gpu,
mazima,mazima,,Unknown,amazima,Luganda,92.3076923076923,amazima,Luganda,,0.0,,pending_gpu,
Mazima,mazima,,Unknown,amazima,Luganda,92.3076923076923,amazima,Luganda,,0.0,,pending_gpu,
naye,naye,naye,Luganda,,,0.0,naye,Luganda,,0.0,,pending_gpu,
yabadde,yabadde,,Unknown,ekyambadde,Luganda,82.35294117647058,ekyambadde,Luganda,,0.0,,pending_gpu,
mukono,mukono,,Unknown,omukono,Luganda,92.3076923076923,omukono,Luganda,,0.0,,pending_gpu,
naye,naye,naye,Luganda,,,0.0,naye,Luganda,,0.0,,pending_gpu,
naye,naye,naye,Luganda,,,0.0,naye,Luganda,,0.0,,pending_gpu,
Abantu,abantu,Abantu,Luganda,,,0.0,Abantu,Luganda,,0.0,,pending_gpu,
nga,nga,nga,Luganda,,,0.0,nga,Luganda,,0.0,,pending_gpu,
nenfaaa,nenfaaa,,Unknown,enfaana,Luganda,85.71428571428572,enfaana,Luganda,,0.0,,pending_gpu,
Empunu,empunu,,Unknown,empungu,Luganda,92.3076923076923,empungu,Luganda,,0.0,,pending_gpu,
ogusaja,ogusaja,,Unknown,omusajja,Luganda,80.0,omusajja,Luganda,,0.0,,pending_gpu,
Omwana,omwana,Omwana,Luganda,,,0.0,Omwana,Luganda,,0.0,,pending_gpu,
Luzzi,luzzi,,Unknown,oluzzi,Luganda,90.9090909090909,oluzzi,Luganda,,0.0,,pending_gpu,
Luzzi,luzzi,,Unknown,oluzzi,Luganda,90.9090909090909,oluzzi,Luganda,,0.0,,pending_gpu,
Gulu,gulu,Gulu,Luganda,,,0.0,Gulu,Luganda,,0.0,,pending_gpu,
ento,ento,ento,Luganda,,,0.0,ento,Luganda,,0.0,,pending_gpu,
musiru,musiru,musiru,Luganda,,,0.0,musiru,Luganda,,0.0,,pending_gpu,
gwe,gwe,gwe,Luganda,,,0.0,gwe,Luganda,,0.0,,pending_gpu,
mazimaa,mazimaa,,Unknown,amazima,Luganda,85.71428571428572,amazima,Luganda,,0.0,,pending_gpu,
mazima,mazima,,Unknown,amazima,Luganda,92.3076923076923,amazima,Luganda,,0.0,,pending_gpu,
oluvanyuma,oluvanyuma,oluvanyuma,Luganda,,,0.0,oluvanyuma,Luganda,,0.0,,pending_gpu,
naye,naye,naye,Luganda,,,0.0,naye,Luganda,,0.0,,pending_gpu,
naye,naye,naye,Luganda,,,0.0,naye,Luganda,,0.0,,pending_gpu,
Mazima,mazima,,Unknown,amazima,Luganda,92.3076923076923,amazima,Luganda,,0.0,,pending_gpu,
bulungi,bulungi,bulungi,Luganda,,,0.0,bulungi,Luganda,,0.0,,pending_gpu,
mazima,mazima,,Unknown,amazima,Luganda,92.3076923076923,amazima,Luganda,,0.0,,pending_gpu,
kwesiva,kwesiva,,Unknown,okwesiga,Luganda,80.0,okwesiga,Luganda,,0.0,,pending_gpu,
mazima,mazima,,Unknown,amazima,Luganda,92.3076923076923,amazima,Luganda,,0.0,,pending_gpu,
onyumira,onyumira,,Unknown,okunyumirwa,Luganda,84.21052631578947,okunyumirwa,Luganda,,0.0,,pending_gpu,
mazima,mazima,,Unknown,amazima,Luganda,92.3076923076923,amazima,Luganda,,0.0,,pending_gpu,
naye,naye,naye,Luganda,,,0.0,naye,Luganda,,0.0,,pending_gpu,
ku,ku,ku,Luganda,,,0.0,ku,Luganda,,0.0,,pending_gpu,
naye,naye,naye,Luganda,,,0.0,naye,Luganda,,0.0,,pending_gpu,
kalungi,kalungi,,Unknown,kilungi,Luganda,85.71428571428572,kilungi,Luganda,,0.0,,pending_gpu,
oba,oba,oba,Luganda,,,0.0,oba,Luganda,,0.0,,pending_gpu,
mazima,mazima,,Unknown,amazima,Luganda,92.3076923076923,amazima,Luganda,,0.0,,pending_gpu,
mazima,mazima,,Unknown,amazima,Luganda,92.3076923076923,amazima,Luganda,,0.0,,pending_gpu,
naye,naye,naye,Luganda,,,0.0,naye,Luganda,,0.0,,pending_gpu,
eyo,eyo,eyo,Luganda,,,0.0,eyo,Luganda,,0.0,,pending_gpu,
mazima,mazima,,Unknown,amazima,Luganda,92.3076923076923,amazima,Luganda,,0.0,,pending_gpu,
kojja,kojja,kojja,Luganda,,,0.0,kojja,Luganda,,0.0,,pending_gpu,
naye,naye,naye,Luganda,,,0.0,naye,Luganda,,0.0,,pending_gpu,
mwana,mwana,mwana,Luganda,,,0.0,mwana,Luganda,,0.0,,pending_gpu,
okolera,okolera,,Unknown,okuwolera,Luganda,87.5,okuwolera,Luganda,,0.0,,pending_gpu,
olunaku,olunaku,olunaku,Luganda,,,0.0,olunaku,Luganda,,0.0,,pending_gpu,
wange,wange,wange,Luganda,,,0.0,wange,Luganda,,0.0,,pending_gpu,
nayeee,nayeee,,Unknown,naye,Luganda,80.0,naye,Luganda,,0.0,,pending_gpu,
Nsumba,nsumba,,Unknown,ensuma,Luganda,83.33333333333334,ensuma,Luganda,,0.0,,pending_gpu,
kalanzi,kalanzi,,Unknown,kalaani,Luganda,85.71428571428572,kalaani,Luganda,,0.0,,pending_gpu,
nsumba,nsumba,,Unknown,ensuma,Luganda,83.33333333333334,ensuma,Luganda,,0.0,,pending_gpu,
nti,nti,nti,Luganda,,,0.0,nti,Luganda,,0.0,,pending_gpu,
ku,ku,ku,Luganda,,,0.0,ku,Luganda,,0.0,,pending_gpu,
Kalanzi,kalanzi,,Unknown,kalaani,Luganda,85.71428571428572,kalaani,Luganda,,0.0,,pending_gpu,
Akabbozi,akabbozi,,Unknown,akayozi,Luganda,80.0,akayozi,Luganda,,0.0,,pending_gpu,
nedda,nedda,nedda,Luganda,,,0.0,nedda,Luganda,,0.0,,pending_gpu,
sebbo,sebbo,,Unknown,ssebo,Luganda,80.0,ssebo,Luganda,,0.0,,pending_gpu,
kalanzi,kalanzi,,Unknown,kalaani,Luganda,85.71428571428572,kalaani,Luganda,,0.0,,pending_gpu,
matovu,matovu,,Unknown,matu,Luganda,80.0,matu,Luganda,,0.0,,pending_gpu,
buddu,buddu,,Unknown,obuddu,Luganda,90.9090909090909,obuddu,Luganda,,0.0,,pending_gpu,
wamanyi,wamanyi,,Unknown,amanyi,Luganda,92.3076923076923,amanyi,Luganda,,0.0,,pending_gpu,
oyo,oyo,oyo,Luganda,,,0.0,oyo,Luganda,,0.0,,pending_gpu,
kalanzi,kalanzi,,Unknown,kalaani,Luganda,85.71428571428572,kalaani,Luganda,,0.0,,pending_gpu,
omusipana,omusipana,,Unknown,omusana,Luganda,87.5,omusana,Luganda,,0.0,,pending_gpu,
Kalanzi,kalanzi,,Unknown,kalaani,Luganda,85.71428571428572,kalaani,Luganda,,0.0,,pending_gpu,
ejja,ejja,,Unknown,lejja,Luganda,88.88888888888889,lejja,Luganda,,0.0,,pending_gpu,
ku,ku,ku,Luganda,,,0.0,ku,Luganda,,0.0,,pending_gpu,
nze,nze,nze,Luganda,,,0.0,nze,Luganda,,0.0,,pending_gpu,
ku,ku,ku,Luganda,,,0.0,ku,Luganda,,0.0,,pending_gpu,
masanyalaze,masanyalaze,,Unknown,amasanyalaze,Luganda,95.65217391304348,amasanyalaze,Luganda,,0.0,,pending_gpu,
kwesiva,kwesiva,,Unknown,okwesiga,Luganda,80.0,okwesiga,Luganda,,0.0,,pending_gpu,
kiibi,kiibi,,Unknown,kibi,Luganda,88.88888888888889,kibi,Luganda,,0.0,,pending_gpu,
dakiika,dakiika,,Unknown,eddakiika,Luganda,87.5,eddakiika,Luganda,,0.0,,pending_gpu,
Kalanzi,kalanzi,,Unknown,kalaani,Luganda,85.71428571428572,kalaani,Luganda,,0.0,,pending_gpu,
nsumba,nsumba,,Unknown,ensuma,Luganda,83.33333333333334,ensuma,Luganda,,0.0,,pending_gpu,
Kabaka,kabaka,Kabaka,Luganda,,,0.0,Kabaka,Luganda,,0.0,,pending_gpu,
nedda,nedda,nedda,Luganda,,,0.0,nedda,Luganda,,0.0,,pending_gpu,
sebo,sebo,,Unknown,ssebo,Luganda,88.88888888888889,ssebo,Luganda,,0.0,,pending_gpu,
Matovu,matovu,,Unknown,matu,Luganda,80.0,matu,Luganda,,0.0,,pending_gpu,
buddu,buddu,,Unknown,obuddu,Luganda,90.9090909090909,obuddu,Luganda,,0.0,,pending_gpu,
kwesiva,kwesiva,,Unknown,okwesiga,Luganda,80.0,okwesiga,Luganda,,0.0,,pending_gpu,
nsumba,nsumba,,Unknown,ensuma,Luganda,83.33333333333334,ensuma,Luganda,,0.0,,pending_gpu,
mwana,mwana,mwana,Luganda,,,0.0,mwana,Luganda,,0.0,,pending_gpu,
kalanzi,kalanzi,,Unknown,kalaani,Luganda,85.71428571428572,kalaani,Luganda,,0.0,,pending_gpu,
kyambadde,kyambadde,,Unknown,ekyambadde,Luganda,94.73684210526316,ekyambadde,Luganda,,0.0,,pending_gpu,
mugwano,mugwano,,Unknown,omukwano,Luganda,80.0,omukwano,Luganda,,0.0,,pending_gpu,
bugrere,bugrere,,Unknown,oburere,Luganda,85.71428571428572,oburere,Luganda,,0.0,,pending_gpu,
ku,ku,ku,Luganda,,,0.0,ku,Luganda,,0.0,,pending_gpu,
ku,ku,ku,Luganda,,,0.0,ku,Luganda,,0.0,,pending_gpu,
Ssbo,ssbo,,Unknown,ssebo,Luganda,88.88888888888889,ssebo,Luganda,,0.0,,pending_gpu,
Ssebo,ssebo,Ssebo,Luganda,,,0.0,Ssebo,Luganda,,0.0,,pending_gpu,
Kalanzi,kalanzi,,Unknown,kalaani,Luganda,85.71428571428572,kalaani,Luganda,,0.0,,pending_gpu,
"luganda,","luganda,",,Unknown,oluganda,Luganda,87.5,oluganda,Luganda,,0.0,,pending_gpu,
kalanzi,kalanzi,,Unknown,kalaani,Luganda,85.71428571428572,kalaani,Luganda,,0.0,,pending_gpu,
kwesiva,kwesiva,,Unknown,okwesiga,Luganda,80.0,okwesiga,Luganda,,0.0,,pending_gpu,
kalanzi,kalanzi,,Unknown,kalaani,Luganda,85.71428571428572,kalaani,Luganda,,0.0,,pending_gpu,
Kalanzi,kalanzi,,Unknown,kalaani,Luganda,85.71428571428572,kalaani,Luganda,,0.0,,pending_gpu,
Akaboozi,akaboozi,,Unknown,akajjoozi,Luganda,82.35294117647058,akajjoozi,Luganda,,0.0,,pending_gpu,
Masanyalaze,masanyalaze,,Unknown,amasanyalaze,Luganda,95.65217391304348,amasanyalaze,Luganda,,0.0,,pending_gpu,
kimera,kimera,kimera,Luganda,,,0.0,kimera,Luganda,,0.0,,pending_gpu,
Akaawooma,akaawooma,,Unknown,akaama,Luganda,80.0,akaama,Luganda,,0.0,,pending_gpu,
omutabizi,omutabizi,,Unknown,omulabirizi,Luganda,80.0,omulabirizi,Luganda,,0.0,,pending_gpu,
Oli,oli,Oli,Luganda,,,0.0,Oli,Luganda,,0.0,,pending_gpu,
mulwadde,mulwadde,,Unknown,omulwadde,Luganda,94.11764705882352,omulwadde,Luganda,,0.0,,pending_gpu,
ku,ku,ku,Luganda,,,0.0,ku,Luganda,,0.0,,pending_gpu,
emandduso,emandduso,,Unknown,emanduso,Luganda,94.11764705882352,emanduso,Luganda,,0.0,,pending_gpu,
kalanzi,kalanzi,,Unknown,kalaani,Luganda,85.71428571428572,kalaani,Luganda,,0.0,,pending_gpu,
abasajja,abasajja,,Unknown,basajja,Luganda,93.33333333333333,basajja,Luganda,,0.0,,pending_gpu,
ku,ku,ku,Luganda,,,0.0,ku,Luganda,,0.0,,pending_gpu,
buddu,buddu,,Unknown,obuddu,Luganda,90.9090909090909,obuddu,Luganda,,0.0,,pending_gpu,
kimere,kimere,,Unknown,kimera,Luganda,83.33333333333334,kimera,Luganda,,0.0,,pending_gpu,
masanyalaze,masanyalaze,,Unknown,amasanyalaze,Luganda,95.65217391304348,amasanyalaze,Luganda,,0.0,,pending_gpu,
nze,nze,nze,Luganda,,,0.0,nze,Luganda,,0.0,,pending_gpu,
kimuli,kimuli,,Unknown,ekimuli,Luganda,92.3076923076923,ekimuli,Luganda,,0.0,,pending_gpu,
edobozi,edobozi,,Unknown,edoboozi,Luganda,93.33333333333333,edoboozi,Luganda,,0.0,,pending_gpu,
Oyo,oyo,Oyo,Luganda,,,0.0,Oyo,Luganda,,0.0,,pending_gpu,
akubisa,akubisa,,Unknown,kukubisa,Luganda,80.0,kukubisa,Luganda,,0.0,,pending_gpu,
nga,nga,nga,Luganda,,,0.0,nga,Luganda,,0.0,,pending_gpu,
kyambadde,kyambadde,,Unknown,ekyambadde,Luganda,94.73684210526316,ekyambadde,Luganda,,0.0,,pending_gpu,
masanyalaze,masanyalaze,,Unknown,amasanyalaze,Luganda,95.65217391304348,amasanyalaze,Luganda,,0.0,,pending_gpu,
ku,ku,ku,Luganda,,,0.0,ku,Luganda,,0.0,,pending_gpu,
ku,ku,ku,Luganda,,,0.0,ku,Luganda,,0.0,,pending_gpu,
mukulu,mukulu,,Unknown,omukulu,Luganda,92.3076923076923,omukulu,Luganda,,0.0,,pending_gpu,
"masanyala,e","masanyala,e",,Unknown,amasanyalaze,Luganda,86.95652173913044,amasanyalaze,Luganda,,0.0,,pending_gpu,
ku,ku,ku,Luganda,,,0.0,ku,Luganda,,0.0,,pending_gpu,
omupira,omupira,,Unknown,omupiira,Luganda,93.33333333333333,omupiira,Luganda,,0.0,,pending_gpu,
katimba.,katimba.,,Unknown,akatimba,Luganda,87.5,akatimba,Luganda,,0.0,,pending_gpu,
birimunda,birimunda,,Unknown,ekirimunda,Luganda,84.21052631578947,ekirimunda,Luganda,,0.0,,pending_gpu,
Naye,naye,Naye,Luganda,,,0.0,Naye,Luganda,,0.0,,pending_gpu,
Ddungu,ddungu,,Unknown,eddungu,Luganda,92.3076923076923,eddungu,Luganda,,0.0,,pending_gpu,
ndala,ndala,,Unknown,endala,Luganda,90.9090909090909,endala,Luganda,,0.0,,pending_gpu,
nsumba,nsumba,,Unknown,ensuma,Luganda,83.33333333333334,ensuma,Luganda,,0.0,,pending_gpu,
nsumba,nsumba,,Unknown,ensuma,Luganda,83.33333333333334,ensuma,Luganda,,0.0,,pending_gpu,
Nsumba,nsumba,,Unknown,ensuma,Luganda,83.33333333333334,ensuma,Luganda,,0.0,,pending_gpu,
oyo,oyo,oyo,Luganda,,,0.0,oyo,Luganda,,0.0,,pending_gpu,
@Ddungu,@ddungu,,Unknown,eddungu,Luganda,85.71428571428572,eddungu,Luganda,,0.0,,pending_gpu,
Myke,myke,,Unknown,mye,Luganda,85.71428571428572,mye,Luganda,,0.0,,pending_gpu,
Masanyalaze,masanyalaze,,Unknown,amasanyalaze,Luganda,95.65217391304348,amasanyalaze,Luganda,,0.0,,pending_gpu,
Nsumba,nsumba,,Unknown,ensuma,Luganda,83.33333333333334,ensuma,Luganda,,0.0,,pending_gpu,
Nsumba,nsumba,,Unknown,ensuma,Luganda,83.33333333333334,ensuma,Luganda,,0.0,,pending_gpu,
Nsumba,nsumba,,Unknown,ensuma,Luganda,83.33333333333334,ensuma,Luganda,,0.0,,pending_gpu,
Kabaka,kabaka,Kabaka,Luganda,,,0.0,Kabaka,Luganda,,0.0,,pending_gpu,
Ddungu,ddungu,,Unknown,eddungu,Luganda,92.3076923076923,eddungu,Luganda,,0.0,,pending_gpu,
Owa,owa,Owa,Luganda,,,0.0,Owa,Luganda,,0.0,,pending_gpu,
@omusipana,@omusipana,,Unknown,omusana,Luganda,82.35294117647058,omusana,Luganda,,0.0,,pending_gpu,
mulalamu,mulalamu,,Unknown,omulalu,Luganda,80.0,omulalu,Luganda,,0.0,,pending_gpu,
ku,ku,ku,Luganda,,,0.0,ku,Luganda,,0.0,,pending_gpu,
Masanyalaze,masanyalaze,,Unknown,amasanyalaze,Luganda,95.65217391304348,amasanyalaze,Luganda,,0.0,,pending_gpu,
luganda,luganda,,Unknown,oluganda,Luganda,93.33333333333333,oluganda,Luganda,,0.0,,pending_gpu,
muko,muko,,Unknown,omuko,Luganda,88.88888888888889,omuko,Luganda,,0.0,,pending_gpu,
mazima,mazima,,Unknown,amazima,Luganda,92.3076923076923,amazima,Luganda,,0.0,,pending_gpu,
nti,nti,nti,Luganda,,,0.0,nti,Luganda,,0.0,,pending_gpu,
emmere,emmere,emmere,Luganda,,,0.0,emmere,Luganda,,0.0,,pending_gpu,
y'obwerere,y'obwerere,,Unknown,obwerere,Luganda,88.88888888888889,obwerere,Luganda,,0.0,,pending_gpu,
okwegezaamu,okwegezaamu,,Unknown,okwongezaamu,Luganda,86.95652173913044,okwongezaamu,Luganda,,0.0,,pending_gpu,
okutta...,okutta...,,Unknown,okutta,Luganda,80.0,okutta,Luganda,,0.0,,pending_gpu,
nyanbo,nyanbo,,Unknown,nnyabo,Luganda,83.33333333333334,nnyabo,Luganda,,0.0,,pending_gpu,
Nokola,nokola,,Unknown,enkola,Luganda,83.33333333333334,enkola,Luganda,,0.0,,pending_gpu,
sebo,sebo,,Unknown,ssebo,Luganda,88.88888888888889,ssebo,Luganda,,0.0,,pending_gpu,
mwana,mwana,mwana,Luganda,,,0.0,mwana,Luganda,,0.0,,pending_gpu,
wange,wange,wange,Luganda,,,0.0,wange,Luganda,,0.0,,pending_gpu,
kinyabo,kinyabo,,Unknown,kiyabo,Luganda,92.3076923076923,kiyabo,Luganda,,0.0,,pending_gpu,
Kikazzi,kikazzi,,Unknown,ekikazi,Luganda,85.71428571428572,ekikazi,Luganda,,0.0,,pending_gpu,
mukwano,mukwano,,Unknown,omukwano,Luganda,93.33333333333333,omukwano,Luganda,,0.0,,pending_gpu,
nze,nze,nze,Luganda,,,0.0,nze,Luganda,,0.0,,pending_gpu,
omusaja,omusaja,,Unknown,omusajja,Luganda,93.33333333333333,omusajja,Luganda,,0.0,,pending_gpu,
okutwala,okutwala,okutwala,Luganda,,,0.0,okutwala,Luganda,,0.0,,pending_gpu,
sente,sente,sente,Luganda,,,0.0,sente,Luganda,,0.0,,pending_gpu,
sitawana,sitawana,,Unknown,sitaani,Luganda,80.0,sitaani,Luganda,,0.0,,pending_gpu,
Kati,kati,Kati,Luganda,,,0.0,Kati,Luganda,,0.0,,pending_gpu,
naye,naye,naye,Luganda,,,0.0,naye,Luganda,,0.0,,pending_gpu,
lwaki,lwaki,,Unknown,lwaaki,Luganda,90.9090909090909,lwaaki,Luganda,,0.0,,pending_gpu,
mukozesa,mukozesa,,Unknown,okukozesa,Luganda,82.35294117647058,okukozesa,Luganda,,0.0,,pending_gpu,
emirimu,emirimu,,Unknown,emizimu,Luganda,85.71428571428572,emizimu,Luganda,,0.0,,pending_gpu,
yalina,yalina,,Unknown,yekalina,Luganda,85.71428571428572,yekalina,Luganda,,0.0,,pending_gpu,
ebanja,ebanja,ebanja,Luganda,,,0.0,ebanja,Luganda,,0.0,,pending_gpu,
kubanga,kubanga,kubanga,Luganda,,,0.0,kubanga,Luganda,,0.0,,pending_gpu,
Oyo,oyo,Oyo,Luganda,,,0.0,Oyo,Luganda,,0.0,,pending_gpu,
nze,nze,nze,Luganda,,,0.0,nze,Luganda,,0.0,,pending_gpu,
ebyo,ebyo,,Unknown,eyo,Luganda,85.71428571428572,eyo,Luganda,,0.0,,pending_gpu,
kukiriza,kukiriza,,Unknown,okukiriza,Luganda,94.11764705882352,okukiriza,Luganda,,0.0,,pending_gpu,
kumbagga,kumbagga,,Unknown,kubanga,Luganda,80.0,kubanga,Luganda,,0.0,,pending_gpu,
akanamba,akanamba,,Unknown,akaama,Luganda,85.71428571428572,akaama,Luganda,,0.0,,pending_gpu,
lwakyi,lwakyi,,Unknown,lwaaki,Luganda,83.33333333333334,lwaaki,Luganda,,0.0,,pending_gpu,
naye,naye,naye,Luganda,,,0.0,naye,Luganda,,0.0,,pending_gpu,
okwoza,okwoza,,Unknown,kwoza,Luganda,90.9090909090909,kwoza,Luganda,,0.0,,pending_gpu,
ebintu,ebintu,ebintu,Luganda,,,0.0,ebintu,Luganda,,0.0,,pending_gpu,
kati,kati,kati,Luganda,,,0.0,kati,Luganda,,0.0,,pending_gpu,
mulangaki,mulangaki,,Unknown,omulanga,Luganda,82.35294117647058,omulanga,Luganda,,0.0,,pending_gpu,
ebyendola,ebyendola,,Unknown,ebyeenda,Luganda,82.35294117647058,ebyeenda,Luganda,,0.0,,pending_gpu,
buzibu,buzibu,,Unknown,obuzibu,Luganda,92.3076923076923,obuzibu,Luganda,,0.0,,pending_gpu,
mwana,mwana,mwana,Luganda,,,0.0,mwana,Luganda,,0.0,,pending_gpu,
kamwokya,kamwokya,,Unknown,okwokya,Luganda,80.0,okwokya,Luganda,,0.0,,pending_gpu,
akapadde,akapadde,,Unknown,kakadde,Luganda,80.0,kakadde,Luganda,,0.0,,pending_gpu,
Oli,oli,Oli,Luganda,,,0.0,Oli,Luganda,,0.0,,pending_gpu,
muzibu,muzibu,,Unknown,omuzibu,Luganda,92.3076923076923,omuzibu,Luganda,,0.0,,pending_gpu,
Nze,nze,Nze,Luganda,,,0.0,Nze,Luganda,,0.0,,pending_gpu,
ku,ku,ku,Luganda,,,0.0,ku,Luganda,,0.0,,pending_gpu,
Naye,naye,Naye,Luganda,,,0.0,Naye,Luganda,,0.0,,pending_gpu,
kwoza,kwoza,kwoza,Luganda,,,0.0,kwoza,Luganda,,0.0,,pending_gpu,
motooka,motooka,,Unknown,kumotooka,Luganda,87.5,kumotooka,Luganda,,0.0,,pending_gpu,
kulya,kulya,kulya,Luganda,,,0.0,kulya,Luganda,,0.0,,pending_gpu,
ku,ku,ku,Luganda,,,0.0,ku,Luganda,,0.0,,pending_gpu,
Omuko,omuko,Omuko,Luganda,,,0.0,Omuko,Luganda,,0.0,,pending_gpu,
naye,naye,naye,Luganda,,,0.0,naye,Luganda,,0.0,,pending_gpu,
naye,naye,naye,Luganda,,,0.0,naye,Luganda,,0.0,,pending_gpu,
wano,wano,wano,Luganda,,,0.0,wano,Luganda,,0.0,,pending_gpu,
wange,wange,wange,Luganda,,,0.0,wange,Luganda,,0.0,,pending_gpu,
sambula,sambula,,Unknown,kasambula,Luganda,87.5,kasambula,Luganda,,0.0,,pending_gpu,
Mazima,mazima,,Unknown,amazima,Luganda,92.3076923076923,amazima,Luganda,,0.0,,pending_gpu,
jjaja,jjaja,,Unknown,jjajja,Luganda,90.9090909090909,jjajja,Luganda,,0.0,,pending_gpu,
ekitiibya,ekitiibya,,Unknown,ekitiibwa,Luganda,88.88888888888889,ekitiibwa,Luganda,,0.0,,pending_gpu,
Dhakaba,dhakaba,,Unknown,akaba,Luganda,83.33333333333334,akaba,Luganda,,0.0,,pending_gpu,
oyo,oyo,oyo,Luganda,,,0.0,oyo,Luganda,,0.0,,pending_gpu,
musiru,musiru,musiru,Luganda,,,0.0,musiru,Luganda,,0.0,,pending_gpu,
nyo,nyo,,Unknown,nnyo,Luganda,85.71428571428572,nnyo,Luganda,,0.0,,pending_gpu,
nga,nga,nga,Luganda,,,0.0,nga,Luganda,,0.0,,pending_gpu,
ku,ku,ku,Luganda,,,0.0,ku,Luganda,,0.0,,pending_gpu,
kapiira,kapiira,,Unknown,akapiira,Luganda,93.33333333333333,akapiira,Luganda,,0.0,,pending_gpu,
kutuuka,kutuuka,,Unknown,okutuuka,Luganda,93.33333333333333,okutuuka,Luganda,,0.0,,pending_gpu,
oba,oba,oba,Luganda,,,0.0,oba,Luganda,,0.0,,pending_gpu,
kumuluka,kumuluka,,Unknown,okululuka,Luganda,82.35294117647058,okululuka,Luganda,,0.0,,pending_gpu,
naye,naye,naye,Luganda,,,0.0,naye,Luganda,,0.0,,pending_gpu,
akategera,akategera,,Unknown,atategeera,Luganda,84.21052631578947,atategeera,Luganda,,0.0,,pending_gpu,
enyo,enyo,enyo,Luganda,,,0.0,enyo,Luganda,,0.0,,pending_gpu,
ogenda,ogenda,,Unknown,okugenda,Luganda,85.71428571428572,okugenda,Luganda,,0.0,,pending_gpu,
oli,oli,oli,Luganda,,,0.0,oli,Luganda,,0.0,,pending_gpu,
nga,nga,nga,Luganda,,,0.0,nga,Luganda,,0.0,,pending_gpu,
takubila,takubila,,Unknown,kubila,Luganda,85.71428571428572,kubila,Luganda,,0.0,,pending_gpu,
naye,naye,naye,Luganda,,,0.0,naye,Luganda,,0.0,,pending_gpu,
nga,nga,nga,Luganda,,,0.0,nga,Luganda,,0.0,,pending_gpu,
omussambi,omussambi,,Unknown,omuyambi,Luganda,82.35294117647058,omuyambi,Luganda,,0.0,,pending_gpu,
wano,wano,wano,Luganda,,,0.0,wano,Luganda,,0.0,,pending_gpu,
Oyo,oyo,Oyo,Luganda,,,0.0,Oyo,Luganda,,0.0,,pending_gpu,
nsaasira,nsaasira,,Unknown,ensaasi,Luganda,80.0,ensaasi,Luganda,,0.0,,pending_gpu,
abamuwuliliza,abamuwuliliza,,Unknown,abawuliriza,Luganda,83.33333333333334,abawuliriza,Luganda,,0.0,,pending_gpu,
omwo,omwo,,Unknown,omweso,Luganda,80.0,omweso,Luganda,,0.0,,pending_gpu,
nze,nze,nze,Luganda,,,0.0,nze,Luganda,,0.0,,pending_gpu,
awo,awo,awo,Luganda,,,0.0,awo,Luganda,,0.0,,pending_gpu,
ku,ku,ku,Luganda,,,0.0,ku,Luganda,,0.0,,pending_gpu,
mazima,mazima,,Unknown,amazima,Luganda,92.3076923076923,amazima,Luganda,,0.0,,pending_gpu,
Lwaki,lwaki,,Unknown,lwaaki,Luganda,90.9090909090909,lwaaki,Luganda,,0.0,,pending_gpu,
Nze,nze,Nze,Luganda,,,0.0,Nze,Luganda,,0.0,,pending_gpu,
Obulamu,obulamu,Obulamu,Luganda,,,0.0,Obulamu,Luganda,,0.0,,pending_gpu,
kiiro,kiiro,,Unknown,ekiro,Luganda,80.0,ekiro,Luganda,,0.0,,pending_gpu,
nga,nga,nga,Luganda,,,0.0,nga,Luganda,,0.0,,pending_gpu,
Ssentamu,ssentamu,,Unknown,entamu,Luganda,85.71428571428572,entamu,Luganda,,0.0,,pending_gpu,
Ssemboga,ssemboga,,Unknown,emboga,Luganda,85.71428571428572,emboga,Luganda,,0.0,,pending_gpu,
kisumuluzo,kisumuluzo,,Unknown,ekisumuluzo,Luganda,95.23809523809523,ekisumuluzo,Luganda,,0.0,,pending_gpu,
muko,muko,,Unknown,omuko,Luganda,88.88888888888889,omuko,Luganda,,0.0,,pending_gpu,
muko,muko,,Unknown,omuko,Luganda,88.88888888888889,omuko,Luganda,,0.0,,pending_gpu,
tukwebaza,tukwebaza,,Unknown,okwebaza,Luganda,82.35294117647058,okwebaza,Luganda,,0.0,,pending_gpu,
okuba,okuba,okuba,Luganda,,,0.0,okuba,Luganda,,0.0,,pending_gpu,
Taata,taata,Taata,Luganda,,,0.0,Taata,Luganda,,0.0,,pending_gpu,
manzima,manzima,,Unknown,amazima,Luganda,85.71428571428572,amazima,Luganda,,0.0,,pending_gpu,
webale,webale,webale,Luganda,,,0.0,webale,Luganda,,0.0,,pending_gpu,
taata,taata,taata,Luganda,,,0.0,taata,Luganda,,0.0,,pending_gpu,
mukama,mukama,mukama,Luganda,,,0.0,mukama,Luganda,,0.0,,pending_gpu,
kuuma,kuuma,kuuma,Luganda,,,0.0,kuuma,Luganda,,0.0,,pending_gpu,
taata,taata,taata,Luganda,,,0.0,taata,Luganda,,0.0,,pending_gpu,
wano,wano,wano,Luganda,,,0.0,wano,Luganda,,0.0,,pending_gpu,
wannge,wannge,,Unknown,wange,Luganda,90.9090909090909,wange,Luganda,,0.0,,pending_gpu,
ffe,ffe,ffe,Luganda,,,0.0,ffe,Luganda,,0.0,,pending_gpu,
nokuziimba,nokuziimba,,Unknown,okuzimba,Luganda,88.88888888888889,okuzimba,Luganda,,0.0,,pending_gpu,
okwekuba,okwekuba,,Unknown,okwewuba,Luganda,87.5,okwewuba,Luganda,,0.0,,pending_gpu,
engaloo,engaloo,,Unknown,engalo,Luganda,92.3076923076923,engalo,Luganda,,0.0,,pending_gpu,
:wano,:wano,,Unknown,wano,Luganda,88.88888888888889,wano,Luganda,,0.0,,pending_gpu,
wannge,wannge,,Unknown,wange,Luganda,90.9090909090909,wange,Luganda,,0.0,,pending_gpu,
nga,nga,nga,Luganda,,,0.0,nga,Luganda,,0.0,,pending_gpu,
mukama,mukama,mukama,Luganda,,,0.0,mukama,Luganda,,0.0,,pending_gpu,
buli,buli,buli,Luganda,,,0.0,buli,Luganda,,0.0,,pending_gpu,
yange,yange,,Unknown,gyange,Luganda,90.9090909090909,gyange,Luganda,,0.0,,pending_gpu,
Maama,maama,Maama,Luganda,,,0.0,Maama,Luganda,,0.0,,pending_gpu,
taata,taata,taata,Luganda,,,0.0,taata,Luganda,,0.0,,pending_gpu,
omuyimbi,omuyimbi,omuyimbi,Luganda,,,0.0,omuyimbi,Luganda,,0.0,,pending_gpu,
wange,wange,wange,Luganda,,,0.0,wange,Luganda,,0.0,,pending_gpu,
kapiripiti,kapiripiti,,Unknown,akabiriiti,Luganda,80.0,akabiriiti,Luganda,,0.0,,pending_gpu,
ku,ku,ku,Luganda,,,0.0,ku,Luganda,,0.0,,pending_gpu,
sente,sente,sente,Luganda,,,0.0,sente,Luganda,,0.0,,pending_gpu,
mazima,mazima,,Unknown,amazima,Luganda,92.3076923076923,amazima,Luganda,,0.0,,pending_gpu,
mwana,mwana,mwana,Luganda,,,0.0,mwana,Luganda,,0.0,,pending_gpu,
nkunonya,nkunonya,,Unknown,okunoonya,Luganda,82.35294117647058,okunoonya,Luganda,,0.0,,pending_gpu,
yange,yange,,Unknown,gyange,Luganda,90.9090909090909,gyange,Luganda,,0.0,,pending_gpu,
mutyaba,mutyaba,,Unknown,mutabani,Luganda,80.0,mutabani,Luganda,,0.0,,pending_gpu,
Mutyaba,mutyaba,,Unknown,mutabani,Luganda,80.0,mutabani,Luganda,,0.0,,pending_gpu,
nze,nze,nze,Luganda,,,0.0,nze,Luganda,,0.0,,pending_gpu,
Ntebbe,ntebbe,,Unknown,ntebe,Luganda,90.9090909090909,ntebe,Luganda,,0.0,,pending_gpu,
mutyaba,mutyaba,,Unknown,mutabani,Luganda,80.0,mutabani,Luganda,,0.0,,pending_gpu,
ensonga,ensonga,ensonga,Luganda,,,0.0,ensonga,Luganda,,0.0,,pending_gpu,
mutyaba,mutyaba,,Unknown,mutabani,Luganda,80.0,mutabani,Luganda,,0.0,,pending_gpu,
oyo,oyo,oyo,Luganda,,,0.0,oyo,Luganda,,0.0,,pending_gpu,
oyo,oyo,oyo,Luganda,,,0.0,oyo,Luganda,,0.0,,pending_gpu,
buli,buli,buli,Luganda,,,0.0,buli,Luganda,,0.0,,pending_gpu,
wamu,wamu,wamu,Luganda,,,0.0,wamu,Luganda,,0.0,,pending_gpu,
bamugoba,bamugoba,,Unknown,amagoba,Luganda,80.0,amagoba,Luganda,,0.0,,pending_gpu,
Kati,kati,Kati,Luganda,,,0.0,Kati,Luganda,,0.0,,pending_gpu,
ffe,ffe,ffe,Luganda,,,0.0,ffe,Luganda,,0.0,,pending_gpu,
tamanyi,tamanyi,,Unknown,amanyi,Luganda,92.3076923076923,amanyi,Luganda,,0.0,,pending_gpu,
mupiira,mupiira,,Unknown,omupiira,Luganda,93.33333333333333,omupiira,Luganda,,0.0,,pending_gpu,
naye,naye,naye,Luganda,,,0.0,naye,Luganda,,0.0,,pending_gpu,
Kati,kati,Kati,Luganda,,,0.0,Kati,Luganda,,0.0,,pending_gpu,
mabegawo,mabegawo,,Unknown,emabega,Luganda,80.0,emabega,Luganda,,0.0,,pending_gpu,
Mutyaba,mutyaba,,Unknown,mutabani,Luganda,80.0,mutabani,Luganda,,0.0,,pending_gpu,
kutisatisa,kutisatisa,,Unknown,okutisatiisa,Luganda,90.9090909090909,okutisatiisa,Luganda,,0.0,,pending_gpu,
Nkola,nkola,,Unknown,enkola,Luganda,90.9090909090909,enkola,Luganda,,0.0,,pending_gpu,
Ku,ku,Ku,Luganda,,,0.0,Ku,Luganda,,0.0,,pending_gpu,
kituufu,kituufu,kituufu,Luganda,,,0.0,kituufu,Luganda,,0.0,,pending_gpu,
tomuwa,tomuwa,,Unknown,omumwa,Luganda,83.33333333333334,omumwa,Luganda,,0.0,,pending_gpu,
Kituufu,kituufu,Kituufu,Luganda,,,0.0,Kituufu,Luganda,,0.0,,pending_gpu,
nnyo,nnyo,nnyo,Luganda,,,0.0,nnyo,Luganda,,0.0,,pending_gpu,
Mutyaba,mutyaba,,Unknown,mutabani,Luganda,80.0,mutabani,Luganda,,0.0,,pending_gpu,
naye,naye,naye,Luganda,,,0.0,naye,Luganda,,0.0,,pending_gpu,
mumupiira,mumupiira,,Unknown,omupiira,Luganda,82.35294117647058,omupiira,Luganda,,0.0,,pending_gpu,
oyo,oyo,oyo,Luganda,,,0.0,oyo,Luganda,,0.0,,pending_gpu,
kamukulu,kamukulu,,Unknown,omukulu,Luganda,80.0,omukulu,Luganda,,0.0,,pending_gpu,
nga,nga,nga,Luganda,,,0.0,nga,Luganda,,0.0,,pending_gpu,
mubintu,mubintu,,Unknown,mukintu,Luganda,85.71428571428572,mukintu,Luganda,,0.0,,pending_gpu,
Mutyaba,mutyaba,,Unknown,mutabani,Luganda,80.0,mutabani,Luganda,,0.0,,pending_gpu,
tamanyi,tamanyi,,Unknown,amanyi,Luganda,92.3076923076923,amanyi,Luganda,,0.0,,pending_gpu,
kyamanyi,kyamanyi,,Unknown,amanyi,Luganda,85.71428571428572,amanyi,Luganda,,0.0,,pending_gpu,
muli,muli,,Unknown,omuli,Luganda,88.88888888888889,omuli,Luganda,,0.0,,pending_gpu,
Ku,ku,Ku,Luganda,,,0.0,Ku,Luganda,,0.0,,pending_gpu,
mupiira,mupiira,,Unknown,omupiira,Luganda,93.33333333333333,omupiira,Luganda,,0.0,,pending_gpu,
Mutyaba,mutyaba,,Unknown,mutabani,Luganda,80.0,mutabani,Luganda,,0.0,,pending_gpu,
nkugwa,nkugwa,,Unknown,kugwa,Luganda,90.9090909090909,kugwa,Luganda,,0.0,,pending_gpu,
omupiira,omupiira,omupiira,Luganda,,,0.0,omupiira,Luganda,,0.0,,pending_gpu,
bonna,bonna,bonna,Luganda,,,0.0,bonna,Luganda,,0.0,,pending_gpu,
Oyo,oyo,Oyo,Luganda,,,0.0,Oyo,Luganda,,0.0,,pending_gpu,
butamanya.,butamanya.,,Unknown,obutamanya,Luganda,90.0,obutamanya,Luganda,,0.0,,pending_gpu,
kati,kati,kati,Luganda,,,0.0,kati,Luganda,,0.0,,pending_gpu,
mupiira,mupiira,,Unknown,omupiira,Luganda,93.33333333333333,omupiira,Luganda,,0.0,,pending_gpu,
sente,sente,sente,Luganda,,,0.0,sente,Luganda,,0.0,,pending_gpu,
ekizibu,ekizibu,ekizibu,Luganda,,,0.0,ekizibu,Luganda,,0.0,,pending_gpu,
kya,kya,kya,Luganda,,,0.0,kya,Luganda,,0.0,,pending_gpu,
kyekyo,kyekyo,,Unknown,ekyo,Luganda,80.0,ekyo,Luganda,,0.0,,pending_gpu,
obukurembeze,obukurembeze,,Unknown,obukulembeze,Luganda,91.66666666666666,obukulembeze,Luganda,,0.0,,pending_gpu,
bwomupir,bwomupir,,Unknown,bwomuti,Luganda,80.0,bwomuti,Luganda,,0.0,,pending_gpu,
oba,oba,oba,Luganda,,,0.0,oba,Luganda,,0.0,,pending_gpu,
okagala,okagala,,Unknown,okwagala,Luganda,93.33333333333333,okwagala,Luganda,,0.0,,pending_gpu,
kayina,kayina,kayina,Luganda,,,0.0,kayina,Luganda,,0.0,,pending_gpu,
JOJO,jojo,,Unknown,jjo,Luganda,85.71428571428572,jjo,Luganda,,0.0,,pending_gpu,
Oli,oli,Oli,Luganda,,,0.0,Oli,Luganda,,0.0,,pending_gpu,
waddala,waddala,,Unknown,ddala,Luganda,83.33333333333334,ddala,Luganda,,0.0,,pending_gpu,
Jojo,jojo,,Unknown,jjo,Luganda,85.71428571428572,jjo,Luganda,,0.0,,pending_gpu,
magala,magala,magala,Luganda,,,0.0,magala,Luganda,,0.0,,pending_gpu,
Jojo,jojo,,Unknown,jjo,Luganda,85.71428571428572,jjo,Luganda,,0.0,,pending_gpu,
Wano,wano,Wano,Luganda,,,0.0,Wano,Luganda,,0.0,,pending_gpu,
wange,wange,wange,Luganda,,,0.0,wange,Luganda,,0.0,,pending_gpu,
jojo,jojo,,Unknown,jjo,Luganda,85.71428571428572,jjo,Luganda,,0.0,,pending_gpu,
Jojo,jojo,,Unknown,jjo,Luganda,85.71428571428572,jjo,Luganda,,0.0,,pending_gpu,
Mukwano,mukwano,,Unknown,omukwano,Luganda,93.33333333333333,omukwano,Luganda,,0.0,,pending_gpu,
kubuyambi,kubuyambi,,Unknown,obuyambi,Luganda,82.35294117647058,obuyambi,Luganda,,0.0,,pending_gpu,
Mukwano,mukwano,,Unknown,omukwano,Luganda,93.33333333333333,omukwano,Luganda,,0.0,,pending_gpu,
Jojo,jojo,,Unknown,jjo,Luganda,85.71428571428572,jjo,Luganda,,0.0,,pending_gpu,
nyabo,nyabo,,Unknown,nnyabo,Luganda,90.9090909090909,nnyabo,Luganda,,0.0,,pending_gpu,
Jojo,jojo,,Unknown,jjo,Luganda,85.71428571428572,jjo,Luganda,,0.0,,pending_gpu,
JoJo,jojo,,Unknown,jjo,Luganda,85.71428571428572,jjo,Luganda,,0.0,,pending_gpu,
okitegera,okitegera,,Unknown,okutegera,Luganda,88.88888888888889,okutegera,Luganda,,0.0,,pending_gpu,
Jojo,jojo,,Unknown,jjo,Luganda,85.71428571428572,jjo,Luganda,,0.0,,pending_gpu,
Jojo,jojo,,Unknown,jjo,Luganda,85.71428571428572,jjo,Luganda,,0.0,,pending_gpu,
wano,wano,wano,Luganda,,,0.0,wano,Luganda,,0.0,,pending_gpu,
Magaala,magaala,,Unknown,magala,Luganda,92.3076923076923,magala,Luganda,,0.0,,pending_gpu,
magala,magala,magala,Luganda,,,0.0,magala,Luganda,,0.0,,pending_gpu,
Magala,magala,Magala,Luganda,,,0.0,Magala,Luganda,,0.0,,pending_gpu,
kiwanuka,kiwanuka,,Unknown,ekiwuka,Luganda,80.0,ekiwuka,Luganda,,0.0,,pending_gpu,
munanansi,munanansi,,Unknown,munnansi,Luganda,94.11764705882352,munnansi,Luganda,,0.0,,pending_gpu,
Jojo,jojo,,Unknown,jjo,Luganda,85.71428571428572,jjo,Luganda,,0.0,,pending_gpu,
naye,naye,naye,Luganda,,,0.0,naye,Luganda,,0.0,,pending_gpu,
magala,magala,magala,Luganda,,,0.0,magala,Luganda,,0.0,,pending_gpu,
eyo,eyo,eyo,Luganda,,,0.0,eyo,Luganda,,0.0,,pending_gpu,
kimera,kimera,kimera,Luganda,,,0.0,kimera,Luganda,,0.0,,pending_gpu,
yange,yange,,Unknown,gyange,Luganda,90.9090909090909,gyange,Luganda,,0.0,,pending_gpu,
Kimera,kimera,Kimera,Luganda,,,0.0,Kimera,Luganda,,0.0,,pending_gpu,
Emaali,emaali,,Unknown,emabbali,Luganda,85.71428571428572,emabbali,Luganda,,0.0,,pending_gpu,
nayee,nayee,,Unknown,naye,Luganda,88.88888888888889,naye,Luganda,,0.0,,pending_gpu,
@KAVUYO,@kavuyo,,Unknown,akavuyo,Luganda,85.71428571428572,akavuyo,Luganda,,0.0,,pending_gpu,
Naye,naye,Naye,Luganda,,,0.0,Naye,Luganda,,0.0,,pending_gpu,
Nga,nga,Nga,Luganda,,,0.0,Nga,Luganda,,0.0,,pending_gpu,
Gwe,gwe,Gwe,Luganda,,,0.0,Gwe,Luganda,,0.0,,pending_gpu,
wabadde,wabadde,,Unknown,abazadde,Luganda,80.0,abazadde,Luganda,,0.0,,pending_gpu,
kurika,kurika,,Unknown,kuyurika,Luganda,85.71428571428572,kuyurika,Luganda,,0.0,,pending_gpu,
Awo,awo,Awo,Luganda,,,0.0,Awo,Luganda,,0.0,,pending_gpu,
ekintu,ekintu,ekintu,Luganda,,,0.0,ekintu,Luganda,,0.0,,pending_gpu,
kyabadde,kyabadde,,Unknown,ekyambadde,Luganda,88.88888888888889,ekyambadde,Luganda,,0.0,,pending_gpu,
kwesiva,kwesiva,,Unknown,okwesiga,Luganda,80.0,okwesiga,Luganda,,0.0,,pending_gpu,
mazima,mazima,,Unknown,amazima,Luganda,92.3076923076923,amazima,Luganda,,0.0,,pending_gpu,
mwana,mwana,mwana,Luganda,,,0.0,mwana,Luganda,,0.0,,pending_gpu,
esanyu,esanyu,,Unknown,essanyu,Luganda,92.3076923076923,essanyu,Luganda,,0.0,,pending_gpu,
gwe,gwe,gwe,Luganda,,,0.0,gwe,Luganda,,0.0,,pending_gpu,
abayimbi,abayimbi,,Unknown,gwabayimbi,Luganda,88.88888888888889,gwabayimbi,Luganda,,0.0,,pending_gpu,
nga,nga,nga,Luganda,,,0.0,nga,Luganda,,0.0,,pending_gpu,
naye,naye,naye,Luganda,,,0.0,naye,Luganda,,0.0,,pending_gpu,
muli,muli,,Unknown,omuli,Luganda,88.88888888888889,omuli,Luganda,,0.0,,pending_gpu,
mukuba,mukuba,,Unknown,kukuba,Luganda,83.33333333333334,kukuba,Luganda,,0.0,,pending_gpu,
mukomere,mukomere,,Unknown,mukomera,Luganda,87.5,mukomera,Luganda,,0.0,,pending_gpu,
kenya,kenya,kenya,Luganda,,,0.0,kenya,Luganda,,0.0,,pending_gpu,
kwagara,kwagara,,Unknown,okwagala,Luganda,80.0,okwagala,Luganda,,0.0,,pending_gpu,
omurungi,omurungi,,Unknown,omulungi,Luganda,87.5,omulungi,Luganda,,0.0,,pending_gpu,
wange,wange,wange,Luganda,,,0.0,wange,Luganda,,0.0,,pending_gpu,
gwe,gwe,gwe,Luganda,,,0.0,gwe,Luganda,,0.0,,pending_gpu,
nkwagala,nkwagala,,Unknown,okwagala,Luganda,87.5,okwagala,Luganda,,0.0,,pending_gpu,
omulungi,omulungi,omulungi,Luganda,,,0.0,omulungi,Luganda,,0.0,,pending_gpu,
wange,wange,wange,Luganda,,,0.0,wange,Luganda,,0.0,,pending_gpu,
kange,kange,kange,Luganda,,,0.0,kange,Luganda,,0.0,,pending_gpu,
nga,nga,nga,Luganda,,,0.0,nga,Luganda,,0.0,,pending_gpu,
kange,kange,kange,Luganda,,,0.0,kange,Luganda,,0.0,,pending_gpu,
wange,wange,wange,Luganda,,,0.0,wange,Luganda,,0.0,,pending_gpu,
omulungi,omulungi,omulungi,Luganda,,,0.0,omulungi,Luganda,,0.0,,pending_gpu,
wange,wange,wange,Luganda,,,0.0,wange,Luganda,,0.0,,pending_gpu,
omulungi,omulungi,omulungi,Luganda,,,0.0,omulungi,Luganda,,0.0,,pending_gpu,
wange,wange,wange,Luganda,,,0.0,wange,Luganda,,0.0,,pending_gpu,
Maziima,maziima,,Unknown,amazima,Luganda,85.71428571428572,amazima,Luganda,,0.0,,pending_gpu,
OKITEGELA,okitegela,,Unknown,okuteela,Luganda,82.35294117647058,okuteela,Luganda,,0.0,,pending_gpu,
OMULUNGI,omulungi,OMULUNGI,Luganda,,,0.0,OMULUNGI,Luganda,,0.0,,pending_gpu,
WANGYE,wangye,,Unknown,wange,Luganda,90.9090909090909,wange,Luganda,,0.0,,pending_gpu,
OMULUNGI,omulungi,OMULUNGI,Luganda,,,0.0,OMULUNGI,Luganda,,0.0,,pending_gpu,
OMULUNGI,omulungi,OMULUNGI,Luganda,,,0.0,OMULUNGI,Luganda,,0.0,,pending_gpu,
WANGYE,wangye,,Unknown,wange,Luganda,90.9090909090909,wange,Luganda,,0.0,,pending_gpu,
OMULUNGI,omulungi,OMULUNGI,Luganda,,,0.0,OMULUNGI,Luganda,,0.0,,pending_gpu,
OMULUNGI,omulungi,OMULUNGI,Luganda,,,0.0,OMULUNGI,Luganda,,0.0,,pending_gpu,
WANGYE,wangye,,Unknown,wange,Luganda,90.9090909090909,wange,Luganda,,0.0,,pending_gpu,
OMULUNGI,omulungi,OMULUNGI,Luganda,,,0.0,OMULUNGI,Luganda,,0.0,,pending_gpu,
OMULUNGI,omulungi,OMULUNGI,Luganda,,,0.0,OMULUNGI,Luganda,,0.0,,pending_gpu,
WANGYE,wangye,,Unknown,wange,Luganda,90.9090909090909,wange,Luganda,,0.0,,pending_gpu,
OMULUNGI,omulungi,OMULUNGI,Luganda,,,0.0,OMULUNGI,Luganda,,0.0,,pending_gpu,
OMULUNGI,omulungi,OMULUNGI,Luganda,,,0.0,OMULUNGI,Luganda,,0.0,,pending_gpu,
WANGYE,wangye,,Unknown,wange,Luganda,90.9090909090909,wange,Luganda,,0.0,,pending_gpu,
OMULUNGI,omulungi,OMULUNGI,Luganda,,,0.0,OMULUNGI,Luganda,,0.0,,pending_gpu,
OMULUNGI,omulungi,OMULUNGI,Luganda,,,0.0,OMULUNGI,Luganda,,0.0,,pending_gpu,
WANGYE,wangye,,Unknown,wange,Luganda,90.9090909090909,wange,Luganda,,0.0,,pending_gpu,
wange,wange,wange,Luganda,,,0.0,wange,Luganda,,0.0,,pending_gpu,
omulungi,omulungi,omulungi,Luganda,,,0.0,omulungi,Luganda,,0.0,,pending_gpu,
wange,wange,wange,Luganda,,,0.0,wange,Luganda,,0.0,,pending_gpu,
wange,wange,wange,Luganda,,,0.0,wange,Luganda,,0.0,,pending_gpu,
mazima,mazima,,Unknown,amazima,Luganda,92.3076923076923,amazima,Luganda,,0.0,,pending_gpu,
mazima,mazima,,Unknown,amazima,Luganda,92.3076923076923,amazima,Luganda,,0.0,,pending_gpu,
mazima,mazima,,Unknown,amazima,Luganda,92.3076923076923,amazima,Luganda,,0.0,,pending_gpu,
mazima,mazima,,Unknown,amazima,Luganda,92.3076923076923,amazima,Luganda,,0.0,,pending_gpu,
mazima,mazima,,Unknown,amazima,Luganda,92.3076923076923,amazima,Luganda,,0.0,,pending_gpu,
mazima,mazima,,Unknown,amazima,Luganda,92.3076923076923,amazima,Luganda,,0.0,,pending_gpu,
mazima,mazima,,Unknown,amazima,Luganda,92.3076923076923,amazima,Luganda,,0.0,,pending_gpu,
mazima,mazima,,Unknown,amazima,Luganda,92.3076923076923,amazima,Luganda,,0.0,,pending_gpu,
Mazima,mazima,,Unknown,amazima,Luganda,92.3076923076923,amazima,Luganda,,0.0,,pending_gpu,
Mazima,mazima,,Unknown,amazima,Luganda,92.3076923076923,amazima,Luganda,,0.0,,pending_gpu,
Mazima,mazima,,Unknown,amazima,Luganda,92.3076923076923,amazima,Luganda,,0.0,,pending_gpu,
Mazima,mazima,,Unknown,amazima,Luganda,92.3076923076923,amazima,Luganda,,0.0,,pending_gpu,
Mazima,mazima,,Unknown,amazima,Luganda,92.3076923076923,amazima,Luganda,,0.0,,pending_gpu,
Mazima,mazima,,Unknown,amazima,Luganda,92.3076923076923,amazima,Luganda,,0.0,,pending_gpu,
Mazima,mazima,,Unknown,amazima,Luganda,92.3076923076923,amazima,Luganda,,0.0,,pending_gpu,
Mazima,mazima,,Unknown,amazima,Luganda,92.3076923076923,amazima,Luganda,,0.0,,pending_gpu,
Mazima,mazima,,Unknown,amazima,Luganda,92.3076923076923,amazima,Luganda,,0.0,,pending_gpu,
Mazima,mazima,,Unknown,amazima,Luganda,92.3076923076923,amazima,Luganda,,0.0,,pending_gpu,
Mazima,mazima,,Unknown,amazima,Luganda,92.3076923076923,amazima,Luganda,,0.0,,pending_gpu,
Mazima,mazima,,Unknown,amazima,Luganda,92.3076923076923,amazima,Luganda,,0.0,,pending_gpu,
Mazima,mazima,,Unknown,amazima,Luganda,92.3076923076923,amazima,Luganda,,0.0,,pending_gpu,
WANGE,wange,WANGE,Luganda,,,0.0,WANGE,Luganda,,0.0,,pending_gpu,
WANGE,wange,WANGE,Luganda,,,0.0,WANGE,Luganda,,0.0,,pending_gpu,
mazima,mazima,,Unknown,amazima,Luganda,92.3076923076923,amazima,Luganda,,0.0,,pending_gpu,
mazima,mazima,,Unknown,amazima,Luganda,92.3076923076923,amazima,Luganda,,0.0,,pending_gpu,
wange,wange,wange,Luganda,,,0.0,wange,Luganda,,0.0,,pending_gpu,
mazima,mazima,,Unknown,amazima,Luganda,92.3076923076923,amazima,Luganda,,0.0,,pending_gpu,
Mazima,mazima,,Unknown,amazima,Luganda,92.3076923076923,amazima,Luganda,,0.0,,pending_gpu,
⌨️Mazima,⌨️mazima,,Unknown,amazima,Luganda,80.0,amazima,Luganda,,0.0,,pending_gpu,
Mazima,mazima,,Unknown,amazima,Luganda,92.3076923076923,amazima,Luganda,,0.0,,pending_gpu,
⌨️Mazima,⌨️mazima,,Unknown,amazima,Luganda,80.0,amazima,Luganda,,0.0,,pending_gpu,
Mazima,mazima,,Unknown,amazima,Luganda,92.3076923076923,amazima,Luganda,,0.0,,pending_gpu,
⌨️Mazima,⌨️mazima,,Unknown,amazima,Luganda,80.0,amazima,Luganda,,0.0,,pending_gpu,
Mazima,mazima,,Unknown,amazima,Luganda,92.3076923076923,amazima,Luganda,,0.0,,pending_gpu,
Mazima,mazima,,Unknown,amazima,Luganda,92.3076923076923,amazima,Luganda,,0.0,,pending_gpu,
Mazima,mazima,,Unknown,amazima,Luganda,92.3076923076923,amazima,Luganda,,0.0,,pending_gpu,
Mazima,mazima,,Unknown,amazima,Luganda,92.3076923076923,amazima,Luganda,,0.0,,pending_gpu,
Mazima,mazima,,Unknown,amazima,Luganda,92.3076923076923,amazima,Luganda,,0.0,,pending_gpu,
Mazima,mazima,,Unknown,amazima,Luganda,92.3076923076923,amazima,Luganda,,0.0,,pending_gpu,
Mazima,mazima,,Unknown,amazima,Luganda,92.3076923076923,amazima,Luganda,,0.0,,pending_gpu,
Mazima,mazima,,Unknown,amazima,Luganda,92.3076923076923,amazima,Luganda,,0.0,,pending_gpu,
Mazima,mazima,,Unknown,amazima,Luganda,92.3076923076923,amazima,Luganda,,0.0,,pending_gpu,
Mazima,mazima,,Unknown,amazima,Luganda,92.3076923076923,amazima,Luganda,,0.0,,pending_gpu,
Mazima,mazima,,Unknown,amazima,Luganda,92.3076923076923,amazima,Luganda,,0.0,,pending_gpu,
♥️Mazima,♥️mazima,,Unknown,amazima,Luganda,80.0,amazima,Luganda,,0.0,,pending_gpu,
Mazima,mazima,,Unknown,amazima,Luganda,92.3076923076923,amazima,Luganda,,0.0,,pending_gpu,
♥️Mazima,♥️mazima,,Unknown,amazima,Luganda,80.0,amazima,Luganda,,0.0,,pending_gpu,
Mazima,mazima,,Unknown,amazima,Luganda,92.3076923076923,amazima,Luganda,,0.0,,pending_gpu,
♥️Mazima,♥️mazima,,Unknown,amazima,Luganda,80.0,amazima,Luganda,,0.0,,pending_gpu,
Mazima,mazima,,Unknown,amazima,Luganda,92.3076923076923,amazima,Luganda,,0.0,,pending_gpu,
Omulunji,omulunji,,Unknown,omulungi,Luganda,87.5,omulungi,Luganda,,0.0,,pending_gpu,
wange,wange,wange,Luganda,,,0.0,wange,Luganda,,0.0,,pending_gpu,
Mazima,mazima,,Unknown,amazima,Luganda,92.3076923076923,amazima,Luganda,,0.0,,pending_gpu,
mazima,mazima,,Unknown,amazima,Luganda,92.3076923076923,amazima,Luganda,,0.0,,pending_gpu,
Sawa,sawa,Sawa,Luganda,,,0.0,Sawa,Luganda,,0.0,,pending_gpu,
yona,yona,,Unknown,yonna,Luganda,88.88888888888889,yonna,Luganda,,0.0,,pending_gpu,
okitegera,okitegera,,Unknown,okutegera,Luganda,88.88888888888889,okutegera,Luganda,,0.0,,pending_gpu,
mazima,mazima,,Unknown,amazima,Luganda,92.3076923076923,amazima,Luganda,,0.0,,pending_gpu,
mazima,mazima,,Unknown,amazima,Luganda,92.3076923076923,amazima,Luganda,,0.0,,pending_gpu,
mazima,mazima,,Unknown,amazima,Luganda,92.3076923076923,amazima,Luganda,,0.0,,pending_gpu,
mazima,mazima,,Unknown,amazima,Luganda,92.3076923076923,amazima,Luganda,,0.0,,pending_gpu,
mazima,mazima,,Unknown,amazima,Luganda,92.3076923076923,amazima,Luganda,,0.0,,pending_gpu,
mazima,mazima,,Unknown,amazima,Luganda,92.3076923076923,amazima,Luganda,,0.0,,pending_gpu,
mazima,mazima,,Unknown,amazima,Luganda,92.3076923076923,amazima,Luganda,,0.0,,pending_gpu,
mazima,mazima,,Unknown,amazima,Luganda,92.3076923076923,amazima,Luganda,,0.0,,pending_gpu,
mazima,mazima,,Unknown,amazima,Luganda,92.3076923076923,amazima,Luganda,,0.0,,pending_gpu,
mazima,mazima,,Unknown,amazima,Luganda,92.3076923076923,amazima,Luganda,,0.0,,pending_gpu,
mazima,mazima,,Unknown,amazima,Luganda,92.3076923076923,amazima,Luganda,,0.0,,pending_gpu,
mazima,mazima,,Unknown,amazima,Luganda,92.3076923076923,amazima,Luganda,,0.0,,pending_gpu,
mazima,mazima,,Unknown,amazima,Luganda,92.3076923076923,amazima,Luganda,,0.0,,pending_gpu,
mazima,mazima,,Unknown,amazima,Luganda,92.3076923076923,amazima,Luganda,,0.0,,pending_gpu,
mazima,mazima,,Unknown,amazima,Luganda,92.3076923076923,amazima,Luganda,,0.0,,pending_gpu,
mazima,mazima,,Unknown,amazima,Luganda,92.3076923076923,amazima,Luganda,,0.0,,pending_gpu,
mazima,mazima,,Unknown,amazima,Luganda,92.3076923076923,amazima,Luganda,,0.0,,pending_gpu,
mazima,mazima,,Unknown,amazima,Luganda,92.3076923076923,amazima,Luganda,,0.0,,pending_gpu,
mazima,mazima,,Unknown,amazima,Luganda,92.3076923076923,amazima,Luganda,,0.0,,pending_gpu,
mazima,mazima,,Unknown,amazima,Luganda,92.3076923076923,amazima,Luganda,,0.0,,pending_gpu,
mazima,mazima,,Unknown,amazima,Luganda,92.3076923076923,amazima,Luganda,,0.0,,pending_gpu,
mazima,mazima,,Unknown,amazima,Luganda,92.3076923076923,amazima,Luganda,,0.0,,pending_gpu,
mazima,mazima,,Unknown,amazima,Luganda,92.3076923076923,amazima,Luganda,,0.0,,pending_gpu,
mazima,mazima,,Unknown,amazima,Luganda,92.3076923076923,amazima,Luganda,,0.0,,pending_gpu,
mazima,mazima,,Unknown,amazima,Luganda,92.3076923076923,amazima,Luganda,,0.0,,pending_gpu,
mazima,mazima,,Unknown,amazima,Luganda,92.3076923076923,amazima,Luganda,,0.0,,pending_gpu,
mazima,mazima,,Unknown,amazima,Luganda,92.3076923076923,amazima,Luganda,,0.0,,pending_gpu,
mazima,mazima,,Unknown,amazima,Luganda,92.3076923076923,amazima,Luganda,,0.0,,pending_gpu,
mazima,mazima,,Unknown,amazima,Luganda,92.3076923076923,amazima,Luganda,,0.0,,pending_gpu,
mazima,mazima,,Unknown,amazima,Luganda,92.3076923076923,amazima,Luganda,,0.0,,pending_gpu,
mazima,mazima,,Unknown,amazima,Luganda,92.3076923076923,amazima,Luganda,,0.0,,pending_gpu,
mazima,mazima,,Unknown,amazima,Luganda,92.3076923076923,amazima,Luganda,,0.0,,pending_gpu,
mazima,mazima,,Unknown,amazima,Luganda,92.3076923076923,amazima,Luganda,,0.0,,pending_gpu,
mazima,mazima,,Unknown,amazima,Luganda,92.3076923076923,amazima,Luganda,,0.0,,pending_gpu,
mazima,mazima,,Unknown,amazima,Luganda,92.3076923076923,amazima,Luganda,,0.0,,pending_gpu,
mazima,mazima,,Unknown,amazima,Luganda,92.3076923076923,amazima,Luganda,,0.0,,pending_gpu,
mazima,mazima,,Unknown,amazima,Luganda,92.3076923076923,amazima,Luganda,,0.0,,pending_gpu,
omulungi,omulungi,omulungi,Luganda,,,0.0,omulungi,Luganda,,0.0,,pending_gpu,
wange,wange,wange,Luganda,,,0.0,wange,Luganda,,0.0,,pending_gpu,
mazima,mazima,,Unknown,amazima,Luganda,92.3076923076923,amazima,Luganda,,0.0,,pending_gpu,
mazima,mazima,,Unknown,amazima,Luganda,92.3076923076923,amazima,Luganda,,0.0,,pending_gpu,
mazima,mazima,,Unknown,amazima,Luganda,92.3076923076923,amazima,Luganda,,0.0,,pending_gpu,
mazima,mazima,,Unknown,amazima,Luganda,92.3076923076923,amazima,Luganda,,0.0,,pending_gpu,
mazima,mazima,,Unknown,amazima,Luganda,92.3076923076923,amazima,Luganda,,0.0,,pending_gpu,
mazima,mazima,,Unknown,amazima,Luganda,92.3076923076923,amazima,Luganda,,0.0,,pending_gpu,
mazima,mazima,,Unknown,amazima,Luganda,92.3076923076923,amazima,Luganda,,0.0,,pending_gpu,
mazima,mazima,,Unknown,amazima,Luganda,92.3076923076923,amazima,Luganda,,0.0,,pending_gpu,
mazima,mazima,,Unknown,amazima,Luganda,92.3076923076923,amazima,Luganda,,0.0,,pending_gpu,
mazima,mazima,,Unknown,amazima,Luganda,92.3076923076923,amazima,Luganda,,0.0,,pending_gpu,
mazima,mazima,,Unknown,amazima,Luganda,92.3076923076923,amazima,Luganda,,0.0,,pending_gpu,
mazima,mazima,,Unknown,amazima,Luganda,92.3076923076923,amazima,Luganda,,0.0,,pending_gpu,
mazima,mazima,,Unknown,amazima,Luganda,92.3076923076923,amazima,Luganda,,0.0,,pending_gpu,
mazima,mazima,,Unknown,amazima,Luganda,92.3076923076923,amazima,Luganda,,0.0,,pending_gpu,
mazima,mazima,,Unknown,amazima,Luganda,92.3076923076923,amazima,Luganda,,0.0,,pending_gpu,
mazima,mazima,,Unknown,amazima,Luganda,92.3076923076923,amazima,Luganda,,0.0,,pending_gpu,
mazima,mazima,,Unknown,amazima,Luganda,92.3076923076923,amazima,Luganda,,0.0,,pending_gpu,
mazima,mazima,,Unknown,amazima,Luganda,92.3076923076923,amazima,Luganda,,0.0,,pending_gpu,
mazima,mazima,,Unknown,amazima,Luganda,92.3076923076923,amazima,Luganda,,0.0,,pending_gpu,
mazima,mazima,,Unknown,amazima,Luganda,92.3076923076923,amazima,Luganda,,0.0,,pending_gpu,
mazima,mazima,,Unknown,amazima,Luganda,92.3076923076923,amazima,Luganda,,0.0,,pending_gpu,
mazima,mazima,,Unknown,amazima,Luganda,92.3076923076923,amazima,Luganda,,0.0,,pending_gpu,
mazima,mazima,,Unknown,amazima,Luganda,92.3076923076923,amazima,Luganda,,0.0,,pending_gpu,
mazima,mazima,,Unknown,amazima,Luganda,92.3076923076923,amazima,Luganda,,0.0,,pending_gpu,
mazima,mazima,,Unknown,amazima,Luganda,92.3076923076923,amazima,Luganda,,0.0,,pending_gpu,
mazima,mazima,,Unknown,amazima,Luganda,92.3076923076923,amazima,Luganda,,0.0,,pending_gpu,
mazima,mazima,,Unknown,amazima,Luganda,92.3076923076923,amazima,Luganda,,0.0,,pending_gpu,
mazima,mazima,,Unknown,amazima,Luganda,92.3076923076923,amazima,Luganda,,0.0,,pending_gpu,
mazima,mazima,,Unknown,amazima,Luganda,92.3076923076923,amazima,Luganda,,0.0,,pending_gpu,
mazima,mazima,,Unknown,amazima,Luganda,92.3076923076923,amazima,Luganda,,0.0,,pending_gpu,
mazima,mazima,,Unknown,amazima,Luganda,92.3076923076923,amazima,Luganda,,0.0,,pending_gpu,
mazima,mazima,,Unknown,amazima,Luganda,92.3076923076923,amazima,Luganda,,0.0,,pending_gpu,
mazima,mazima,,Unknown,amazima,Luganda,92.3076923076923,amazima,Luganda,,0.0,,pending_gpu,
mazima,mazima,,Unknown,amazima,Luganda,92.3076923076923,amazima,Luganda,,0.0,,pending_gpu,
mazima,mazima,,Unknown,amazima,Luganda,92.3076923076923,amazima,Luganda,,0.0,,pending_gpu,
mazima,mazima,,Unknown,amazima,Luganda,92.3076923076923,amazima,Luganda,,0.0,,pending_gpu,
mazima,mazima,,Unknown,amazima,Luganda,92.3076923076923,amazima,Luganda,,0.0,,pending_gpu,
mazima,mazima,,Unknown,amazima,Luganda,92.3076923076923,amazima,Luganda,,0.0,,pending_gpu,
mazima,mazima,,Unknown,amazima,Luganda,92.3076923076923,amazima,Luganda,,0.0,,pending_gpu,
mazima,mazima,,Unknown,amazima,Luganda,92.3076923076923,amazima,Luganda,,0.0,,pending_gpu,
mazima,mazima,,Unknown,amazima,Luganda,92.3076923076923,amazima,Luganda,,0.0,,pending_gpu,
mazima,mazima,,Unknown,amazima,Luganda,92.3076923076923,amazima,Luganda,,0.0,,pending_gpu,
mazima,mazima,,Unknown,amazima,Luganda,92.3076923076923,amazima,Luganda,,0.0,,pending_gpu,
mazima,mazima,,Unknown,amazima,Luganda,92.3076923076923,amazima,Luganda,,0.0,,pending_gpu,
mazima,mazima,,Unknown,amazima,Luganda,92.3076923076923,amazima,Luganda,,0.0,,pending_gpu,
mazima,mazima,,Unknown,amazima,Luganda,92.3076923076923,amazima,Luganda,,0.0,,pending_gpu,
mazima,mazima,,Unknown,amazima,Luganda,92.3076923076923,amazima,Luganda,,0.0,,pending_gpu,
mazima,mazima,,Unknown,amazima,Luganda,92.3076923076923,amazima,Luganda,,0.0,,pending_gpu,
mazima,mazima,,Unknown,amazima,Luganda,92.3076923076923,amazima,Luganda,,0.0,,pending_gpu,
mazima,mazima,,Unknown,amazima,Luganda,92.3076923076923,amazima,Luganda,,0.0,,pending_gpu,
mazima,mazima,,Unknown,amazima,Luganda,92.3076923076923,amazima,Luganda,,0.0,,pending_gpu,
mazima,mazima,,Unknown,amazima,Luganda,92.3076923076923,amazima,Luganda,,0.0,,pending_gpu,
maziiima,maziiima,,Unknown,amazima,Luganda,80.0,amazima,Luganda,,0.0,,pending_gpu,
maziiima,maziiima,,Unknown,amazima,Luganda,80.0,amazima,Luganda,,0.0,,pending_gpu,
maziiima,maziiima,,Unknown,amazima,Luganda,80.0,amazima,Luganda,,0.0,,pending_gpu,
maziiima,maziiima,,Unknown,amazima,Luganda,80.0,amazima,Luganda,,0.0,,pending_gpu,
maziiima,maziiima,,Unknown,amazima,Luganda,80.0,amazima,Luganda,,0.0,,pending_gpu,
maziiima,maziiima,,Unknown,amazima,Luganda,80.0,amazima,Luganda,,0.0,,pending_gpu,
maziiima,maziiima,,Unknown,amazima,Luganda,80.0,amazima,Luganda,,0.0,,pending_gpu,
maziiima,maziiima,,Unknown,amazima,Luganda,80.0,amazima,Luganda,,0.0,,pending_gpu,
maziiima,maziiima,,Unknown,amazima,Luganda,80.0,amazima,Luganda,,0.0,,pending_gpu,
maziiima,maziiima,,Unknown,amazima,Luganda,80.0,amazima,Luganda,,0.0,,pending_gpu,
maziiima,maziiima,,Unknown,amazima,Luganda,80.0,amazima,Luganda,,0.0,,pending_gpu,
maziiima,maziiima,,Unknown,amazima,Luganda,80.0,amazima,Luganda,,0.0,,pending_gpu,
Oba,oba,Oba,Luganda,,,0.0,Oba,Luganda,,0.0,,pending_gpu,
kayina,kayina,kayina,Luganda,,,0.0,kayina,Luganda,,0.0,,pending_gpu,
oliwadala,oliwadala,,Unknown,olwaala,Luganda,87.5,olwaala,Luganda,,0.0,,pending_gpu,
webale,webale,webale,Luganda,,,0.0,webale,Luganda,,0.0,,pending_gpu,
kuyamba,kuyamba,kuyamba,Luganda,,,0.0,kuyamba,Luganda,,0.0,,pending_gpu,
mwana,mwana,mwana,Luganda,,,0.0,mwana,Luganda,,0.0,,pending_gpu,
maziima,maziima,,Unknown,amazima,Luganda,85.71428571428572,amazima,Luganda,,0.0,,pending_gpu,
mwana,mwana,mwana,Luganda,,,0.0,mwana,Luganda,,0.0,,pending_gpu,
omwana,omwana,omwana,Luganda,,,0.0,omwana,Luganda,,0.0,,pending_gpu,
oluyimba,oluyimba,oluyimba,Luganda,,,0.0,oluyimba,Luganda,,0.0,,pending_gpu,
lwange,lwange,,Unknown,wange,Luganda,90.9090909090909,wange,Luganda,,0.0,,pending_gpu,
wange,wange,wange,Luganda,,,0.0,wange,Luganda,,0.0,,pending_gpu,
luweero,luweero,,Unknown,fuluweero,Luganda,87.5,fuluweero,Luganda,,0.0,,pending_gpu,
mwana,mwana,mwana,Luganda,,,0.0,mwana,Luganda,,0.0,,pending_gpu,
naye,naye,naye,Luganda,,,0.0,naye,Luganda,,0.0,,pending_gpu,
tukubanja,tukubanja,,Unknown,okubanja,Luganda,82.35294117647058,okubanja,Luganda,,0.0,,pending_gpu,
mwana,mwana,mwana,Luganda,,,0.0,mwana,Luganda,,0.0,,pending_gpu,
wange,wange,wange,Luganda,,,0.0,wange,Luganda,,0.0,,pending_gpu,
luweero,luweero,,Unknown,fuluweero,Luganda,87.5,fuluweero,Luganda,,0.0,,pending_gpu,
mwana,mwana,mwana,Luganda,,,0.0,mwana,Luganda,,0.0,,pending_gpu,
muwe,muwe,,Unknown,omunwe,Luganda,80.0,omunwe,Luganda,,0.0,,pending_gpu,
amasanyalaze,amasanyalaze,amasanyalaze,Luganda,,,0.0,amasanyalaze,Luganda,,0.0,,pending_gpu,
ssebo,ssebo,ssebo,Luganda,,,0.0,ssebo,Luganda,,0.0,,pending_gpu,
nyo,nyo,,Unknown,nnyo,Luganda,85.71428571428572,nnyo,Luganda,,0.0,,pending_gpu,
oliyimba,oliyimba,,Unknown,oluyimba,Luganda,87.5,oluyimba,Luganda,,0.0,,pending_gpu,
lwange,lwange,,Unknown,wange,Luganda,90.9090909090909,wange,Luganda,,0.0,,pending_gpu,
mwana,mwana,mwana,Luganda,,,0.0,mwana,Luganda,,0.0,,pending_gpu,
mukama,mukama,mukama,Luganda,,,0.0,mukama,Luganda,,0.0,,pending_gpu,
taata,taata,taata,Luganda,,,0.0,taata,Luganda,,0.0,,pending_gpu,
maama,maama,maama,Luganda,,,0.0,maama,Luganda,,0.0,,pending_gpu,
mirembe,mirembe,,Unknown,emirembe,Luganda,93.33333333333333,emirembe,Luganda,,0.0,,pending_gpu,
mirembe,mirembe,,Unknown,emirembe,Luganda,93.33333333333333,emirembe,Luganda,,0.0,,pending_gpu,
kamuli,kamuli,,Unknown,akamuli,Luganda,92.3076923076923,akamuli,Luganda,,0.0,,pending_gpu,
",naye",",naye",,Unknown,naye,Luganda,88.88888888888889,naye,Luganda,,0.0,,pending_gpu,
mazima,mazima,,Unknown,amazima,Luganda,92.3076923076923,amazima,Luganda,,0.0,,pending_gpu,
mazima,mazima,,Unknown,amazima,Luganda,92.3076923076923,amazima,Luganda,,0.0,,pending_gpu,
mazima,mazima,,Unknown,amazima,Luganda,92.3076923076923,amazima,Luganda,,0.0,,pending_gpu,
Mazima,mazima,,Unknown,amazima,Luganda,92.3076923076923,amazima,Luganda,,0.0,,pending_gpu,
mazima,mazima,,Unknown,amazima,Luganda,92.3076923076923,amazima,Luganda,,0.0,,pending_gpu,
mazima,mazima,,Unknown,amazima,Luganda,92.3076923076923,amazima,Luganda,,0.0,,pending_gpu,
wange,wange,wange,Luganda,,,0.0,wange,Luganda,,0.0,,pending_gpu,
omulungi,omulungi,omulungi,Luganda,,,0.0,omulungi,Luganda,,0.0,,pending_gpu,
Kamazima,kamazima,,Unknown,amazima,Luganda,93.33333333333333,amazima,Luganda,,0.0,,pending_gpu,
mwana,mwana,mwana,Luganda,,,0.0,mwana,Luganda,,0.0,,pending_gpu,
mazima,mazima,,Unknown,amazima,Luganda,92.3076923076923,amazima,Luganda,,0.0,,pending_gpu,
mazima,mazima,,Unknown,amazima,Luganda,92.3076923076923,amazima,Luganda,,0.0,,pending_gpu,
mazima,mazima,,Unknown,amazima,Luganda,92.3076923076923,amazima,Luganda,,0.0,,pending_gpu,
mazima,mazima,,Unknown,amazima,Luganda,92.3076923076923,amazima,Luganda,,0.0,,pending_gpu,
mazima,mazima,,Unknown,amazima,Luganda,92.3076923076923,amazima,Luganda,,0.0,,pending_gpu,
wange,wange,wange,Luganda,,,0.0,wange,Luganda,,0.0,,pending_gpu,
mazima,mazima,,Unknown,amazima,Luganda,92.3076923076923,amazima,Luganda,,0.0,,pending_gpu,
mazima,mazima,,Unknown,amazima,Luganda,92.3076923076923,amazima,Luganda,,0.0,,pending_gpu,
mazima,mazima,,Unknown,amazima,Luganda,92.3076923076923,amazima,Luganda,,0.0,,pending_gpu,
mazimaa,mazimaa,,Unknown,amazima,Luganda,85.71428571428572,amazima,Luganda,,0.0,,pending_gpu,
mazima,mazima,,Unknown,amazima,Luganda,92.3076923076923,amazima,Luganda,,0.0,,pending_gpu,
mazima,mazima,,Unknown,amazima,Luganda,92.3076923076923,amazima,Luganda,,0.0,,pending_gpu,
mazima,mazima,,Unknown,amazima,Luganda,92.3076923076923,amazima,Luganda,,0.0,,pending_gpu,
mazima,mazima,,Unknown,amazima,Luganda,92.3076923076923,amazima,Luganda,,0.0,,pending_gpu,
Wano,wano,Wano,Luganda,,,0.0,Wano,Luganda,,0.0,,pending_gpu,
mazima,mazima,,Unknown,amazima,Luganda,92.3076923076923,amazima,Luganda,,0.0,,pending_gpu,
musajja,musajja,,Unknown,omusajja,Luganda,93.33333333333333,omusajja,Luganda,,0.0,,pending_gpu,
gwe,gwe,gwe,Luganda,,,0.0,gwe,Luganda,,0.0,,pending_gpu,
kwesiva,kwesiva,,Unknown,okwesiga,Luganda,80.0,okwesiga,Luganda,,0.0,,pending_gpu,
kubawo,kubawo,,Unknown,okubawo,Luganda,92.3076923076923,okubawo,Luganda,,0.0,,pending_gpu,
nnyo,nnyo,nnyo,Luganda,,,0.0,nnyo,Luganda,,0.0,,pending_gpu,
awo,awo,awo,Luganda,,,0.0,awo,Luganda,,0.0,,pending_gpu,
webale,webale,webale,Luganda,,,0.0,webale,Luganda,,0.0,,pending_gpu,
nyo,nyo,,Unknown,nnyo,Luganda,85.71428571428572,nnyo,Luganda,,0.0,,pending_gpu,
kutwagala,kutwagala,,Unknown,okutagala,Luganda,88.88888888888889,okutagala,Luganda,,0.0,,pending_gpu,
okitegera,okitegera,,Unknown,okutegera,Luganda,88.88888888888889,okutegera,Luganda,,0.0,,pending_gpu,
naye,naye,naye,Luganda,,,0.0,naye,Luganda,,0.0,,pending_gpu,
owa,owa,owa,Luganda,,,0.0,owa,Luganda,,0.0,,pending_gpu,
Mazima,mazima,,Unknown,amazima,Luganda,92.3076923076923,amazima,Luganda,,0.0,,pending_gpu,
mazima,mazima,,Unknown,amazima,Luganda,92.3076923076923,amazima,Luganda,,0.0,,pending_gpu,
Mazima,mazima,,Unknown,amazima,Luganda,92.3076923076923,amazima,Luganda,,0.0,,pending_gpu,
wange,wange,wange,Luganda,,,0.0,wange,Luganda,,0.0,,pending_gpu,
mazima,mazima,,Unknown,amazima,Luganda,92.3076923076923,amazima,Luganda,,0.0,,pending_gpu,
okyitegera,okyitegera,,Unknown,okutegera,Luganda,84.21052631578947,okutegera,Luganda,,0.0,,pending_gpu,
mazima,mazima,,Unknown,amazima,Luganda,92.3076923076923,amazima,Luganda,,0.0,,pending_gpu,
kyekyo,kyekyo,,Unknown,ekyo,Luganda,80.0,ekyo,Luganda,,0.0,,pending_gpu,
mazima,mazima,,Unknown,amazima,Luganda,92.3076923076923,amazima,Luganda,,0.0,,pending_gpu,
manzima,manzima,,Unknown,amazima,Luganda,85.71428571428572,amazima,Luganda,,0.0,,pending_gpu,
mazima,mazima,,Unknown,amazima,Luganda,92.3076923076923,amazima,Luganda,,0.0,,pending_gpu,
mazimaa,mazimaa,,Unknown,amazima,Luganda,85.71428571428572,amazima,Luganda,,0.0,,pending_gpu,
Amazima,amazima,Amazima,Luganda,,,0.0,Amazima,Luganda,,0.0,,pending_gpu,
kituufu,kituufu,kituufu,Luganda,,,0.0,kituufu,Luganda,,0.0,,pending_gpu,
mazima,mazima,,Unknown,amazima,Luganda,92.3076923076923,amazima,Luganda,,0.0,,pending_gpu,
okitegera,okitegera,,Unknown,okutegera,Luganda,88.88888888888889,okutegera,Luganda,,0.0,,pending_gpu,
mazima,mazima,,Unknown,amazima,Luganda,92.3076923076923,amazima,Luganda,,0.0,,pending_gpu,
mazima,mazima,,Unknown,amazima,Luganda,92.3076923076923,amazima,Luganda,,0.0,,pending_gpu,
mazima,mazima,,Unknown,amazima,Luganda,92.3076923076923,amazima,Luganda,,0.0,,pending_gpu,
Mazima.,mazima.,,Unknown,amazima,Luganda,85.71428571428572,amazima,Luganda,,0.0,,pending_gpu,
mazima,mazima,,Unknown,amazima,Luganda,92.3076923076923,amazima,Luganda,,0.0,,pending_gpu,
mazima,mazima,,Unknown,amazima,Luganda,92.3076923076923,amazima,Luganda,,0.0,,pending_gpu,
mazima,mazima,,Unknown,amazima,Luganda,92.3076923076923,amazima,Luganda,,0.0,,pending_gpu,
mazima,mazima,,Unknown,amazima,Luganda,92.3076923076923,amazima,Luganda,,0.0,,pending_gpu,
mazima,mazima,,Unknown,amazima,Luganda,92.3076923076923,amazima,Luganda,,0.0,,pending_gpu,
mazima,mazima,,Unknown,amazima,Luganda,92.3076923076923,amazima,Luganda,,0.0,,pending_gpu,
mazima,mazima,,Unknown,amazima,Luganda,92.3076923076923,amazima,Luganda,,0.0,,pending_gpu,
mazima,mazima,,Unknown,amazima,Luganda,92.3076923076923,amazima,Luganda,,0.0,,pending_gpu,
Mazima,mazima,,Unknown,amazima,Luganda,92.3076923076923,amazima,Luganda,,0.0,,pending_gpu,
Mazima,mazima,,Unknown,amazima,Luganda,92.3076923076923,amazima,Luganda,,0.0,,pending_gpu,
mazima,mazima,,Unknown,amazima,Luganda,92.3076923076923,amazima,Luganda,,0.0,,pending_gpu,
mazima,mazima,,Unknown,amazima,Luganda,92.3076923076923,amazima,Luganda,,0.0,,pending_gpu,
mazima,mazima,,Unknown,amazima,Luganda,92.3076923076923,amazima,Luganda,,0.0,,pending_gpu,
mazima,mazima,,Unknown,amazima,Luganda,92.3076923076923,amazima,Luganda,,0.0,,pending_gpu,
abakazi,abakazi,,Unknown,akakazi,Luganda,85.71428571428572,akakazi,Luganda,,0.0,,pending_gpu,
owa,owa,owa,Luganda,,,0.0,owa,Luganda,,0.0,,pending_gpu,
mwana,mwana,mwana,Luganda,,,0.0,mwana,Luganda,,0.0,,pending_gpu,
naye,naye,naye,Luganda,,,0.0,naye,Luganda,,0.0,,pending_gpu,
Yuma,yuma,,Unknown,kyuma,Luganda,88.88888888888889,kyuma,Luganda,,0.0,,pending_gpu,
kitufu,kitufu,,Unknown,ekitufu,Luganda,92.3076923076923,ekitufu,Luganda,,0.0,,pending_gpu,
ekunoonya..,ekunoonya..,,Unknown,okunoonya,Luganda,80.0,okunoonya,Luganda,,0.0,,pending_gpu,
kumwana,kumwana,,Unknown,kulwana,Luganda,85.71428571428572,kulwana,Luganda,,0.0,,pending_gpu,
olabika,olabika,,Unknown,okulabika,Luganda,87.5,okulabika,Luganda,,0.0,,pending_gpu,
mwana,mwana,mwana,Luganda,,,0.0,mwana,Luganda,,0.0,,pending_gpu,
enjala,enjala,enjala,Luganda,,,0.0,enjala,Luganda,,0.0,,pending_gpu,
Naye,naye,Naye,Luganda,,,0.0,Naye,Luganda,,0.0,,pending_gpu,
maama,maama,maama,Luganda,,,0.0,maama,Luganda,,0.0,,pending_gpu,
kisenyi,kisenyi,,Unknown,ekisanyi,Luganda,80.0,ekisanyi,Luganda,,0.0,,pending_gpu,
enanansi,enanansi,,Unknown,enanaansi,Luganda,94.11764705882352,enanaansi,Luganda,,0.0,,pending_gpu,
abasajja,abasajja,,Unknown,basajja,Luganda,93.33333333333333,basajja,Luganda,,0.0,,pending_gpu,
ku,ku,ku,Luganda,,,0.0,ku,Luganda,,0.0,,pending_gpu,
Jjaajja,jjaajja,,Unknown,jjajja,Luganda,92.3076923076923,jjajja,Luganda,,0.0,,pending_gpu,
naye,naye,naye,Luganda,,,0.0,naye,Luganda,,0.0,,pending_gpu,
sente,sente,sente,Luganda,,,0.0,sente,Luganda,,0.0,,pending_gpu,
luganda,luganda,,Unknown,oluganda,Luganda,93.33333333333333,oluganda,Luganda,,0.0,,pending_gpu,
ngali,ngali,,Unknown,ngaali,Luganda,90.9090909090909,ngaali,Luganda,,0.0,,pending_gpu,
Ku,ku,Ku,Luganda,,,0.0,Ku,Luganda,,0.0,,pending_gpu,
nti,nti,nti,Luganda,,,0.0,nti,Luganda,,0.0,,pending_gpu,
ekisera,ekisera,,Unknown,ekiseera,Luganda,93.33333333333333,ekiseera,Luganda,,0.0,,pending_gpu,
naye,naye,naye,Luganda,,,0.0,naye,Luganda,,0.0,,pending_gpu,
oyimba,oyimba,,Unknown,oluyimba,Luganda,85.71428571428572,oluyimba,Luganda,,0.0,,pending_gpu,
bulungi,bulungi,bulungi,Luganda,,,0.0,bulungi,Luganda,,0.0,,pending_gpu,
naye,naye,naye,Luganda,,,0.0,naye,Luganda,,0.0,,pending_gpu,
Mukama,mukama,Mukama,Luganda,,,0.0,Mukama,Luganda,,0.0,,pending_gpu,
naye,naye,naye,Luganda,,,0.0,naye,Luganda,,0.0,,pending_gpu,
muganda,muganda,muganda,Luganda,,,0.0,muganda,Luganda,,0.0,,pending_gpu,
wange,wange,wange,Luganda,,,0.0,wange,Luganda,,0.0,,pending_gpu,
Mazima,mazima,,Unknown,amazima,Luganda,92.3076923076923,amazima,Luganda,,0.0,,pending_gpu,
naye,naye,naye,Luganda,,,0.0,naye,Luganda,,0.0,,pending_gpu,
ogusaja,ogusaja,,Unknown,omusajja,Luganda,80.0,omusajja,Luganda,,0.0,,pending_gpu,
nenfaaa,nenfaaa,,Unknown,enfaana,Luganda,85.71428571428572,enfaana,Luganda,,0.0,,pending_gpu,
yomukazi,yomukazi,,Unknown,omukazi,Luganda,93.33333333333333,omukazi,Luganda,,0.0,,pending_gpu,
Luzzi,luzzi,,Unknown,oluzzi,Luganda,90.9090909090909,oluzzi,Luganda,,0.0,,pending_gpu,
Luzzi,luzzi,,Unknown,oluzzi,Luganda,90.9090909090909,oluzzi,Luganda,,0.0,,pending_gpu,
Gulu,gulu,Gulu,Luganda,,,0.0,Gulu,Luganda,,0.0,,pending_gpu,
ento,ento,ento,Luganda,,,0.0,ento,Luganda,,0.0,,pending_gpu,
naye,naye,naye,Luganda,,,0.0,naye,Luganda,,0.0,,pending_gpu,
naye,naye,naye,Luganda,,,0.0,naye,Luganda,,0.0,,pending_gpu,
bulungi,bulungi,bulungi,Luganda,,,0.0,bulungi,Luganda,,0.0,,pending_gpu,
mazimaa,mazimaa,,Unknown,amazima,Luganda,85.71428571428572,amazima,Luganda,,0.0,,pending_gpu,
oluvanyuma,oluvanyuma,oluvanyuma,Luganda,,,0.0,oluvanyuma,Luganda,,0.0,,pending_gpu,
musiru,musiru,musiru,Luganda,,,0.0,musiru,Luganda,,0.0,,pending_gpu,
gwe,gwe,gwe,Luganda,,,0.0,gwe,Luganda,,0.0,,pending_gpu,
kwesiva,kwesiva,,Unknown,okwesiga,Luganda,80.0,okwesiga,Luganda,,0.0,,pending_gpu,
Mazima,mazima,,Unknown,amazima,Luganda,92.3076923076923,amazima,Luganda,,0.0,,pending_gpu,
mazima,mazima,,Unknown,amazima,Luganda,92.3076923076923,amazima,Luganda,,0.0,,pending_gpu,
Mazima,mazima,,Unknown,amazima,Luganda,92.3076923076923,amazima,Luganda,,0.0,,pending_gpu,
mazima,mazima,,Unknown,amazima,Luganda,92.3076923076923,amazima,Luganda,,0.0,,pending_gpu,
mazima,mazima,,Unknown,amazima,Luganda,92.3076923076923,amazima,Luganda,,0.0,,pending_gpu,
mazima,mazima,,Unknown,amazima,Luganda,92.3076923076923,amazima,Luganda,,0.0,,pending_gpu,
naye,naye,naye,Luganda,,,0.0,naye,Luganda,,0.0,,pending_gpu,
mazima,mazima,,Unknown,amazima,Luganda,92.3076923076923,amazima,Luganda,,0.0,,pending_gpu,
naye,naye,naye,Luganda,,,0.0,naye,Luganda,,0.0,,pending_gpu,
mwana,mwana,mwana,Luganda,,,0.0,mwana,Luganda,,0.0,,pending_gpu,
okolera,okolera,,Unknown,okuwolera,Luganda,87.5,okuwolera,Luganda,,0.0,,pending_gpu,
olunaku,olunaku,olunaku,Luganda,,,0.0,olunaku,Luganda,,0.0,,pending_gpu,
wange,wange,wange,Luganda,,,0.0,wange,Luganda,,0.0,,pending_gpu,
nayeee,nayeee,,Unknown,naye,Luganda,80.0,naye,Luganda,,0.0,,pending_gpu,
ku,ku,ku,Luganda,,,0.0,ku,Luganda,,0.0,,pending_gpu,
eyo,eyo,eyo,Luganda,,,0.0,eyo,Luganda,,0.0,,pending_gpu,
naye,naye,naye,Luganda,,,0.0,naye,Luganda,,0.0,,pending_gpu,
kalungi,kalungi,,Unknown,kilungi,Luganda,85.71428571428572,kilungi,Luganda,,0.0,,pending_gpu,
oba,oba,oba,Luganda,,,0.0,oba,Luganda,,0.0,,pending_gpu,
mazima,mazima,,Unknown,amazima,Luganda,92.3076923076923,amazima,Luganda,,0.0,,pending_gpu,
naye,naye,naye,Luganda,,,0.0,naye,Luganda,,0.0,,pending_gpu,
kojja,kojja,kojja,Luganda,,,0.0,kojja,Luganda,,0.0,,pending_gpu,
mazima,mazima,,Unknown,amazima,Luganda,92.3076923076923,amazima,Luganda,,0.0,,pending_gpu,
Nsumba,nsumba,,Unknown,ensuma,Luganda,83.33333333333334,ensuma,Luganda,,0.0,,pending_gpu,
kalanzi,kalanzi,,Unknown,kalaani,Luganda,85.71428571428572,kalaani,Luganda,,0.0,,pending_gpu,
nti,nti,nti,Luganda,,,0.0,nti,Luganda,,0.0,,pending_gpu,
ku,ku,ku,Luganda,,,0.0,ku,Luganda,,0.0,,pending_gpu,
Kalanzi,kalanzi,,Unknown,kalaani,Luganda,85.71428571428572,kalaani,Luganda,,0.0,,pending_gpu,
Akabbozi,akabbozi,,Unknown,akayozi,Luganda,80.0,akayozi,Luganda,,0.0,,pending_gpu,
nedda,nedda,nedda,Luganda,,,0.0,nedda,Luganda,,0.0,,pending_gpu,
sebbo,sebbo,,Unknown,ssebo,Luganda,80.0,ssebo,Luganda,,0.0,,pending_gpu,
kalanzi,kalanzi,,Unknown,kalaani,Luganda,85.71428571428572,kalaani,Luganda,,0.0,,pending_gpu,
kalanzi,kalanzi,,Unknown,kalaani,Luganda,85.71428571428572,kalaani,Luganda,,0.0,,pending_gpu,
nsumba,nsumba,,Unknown,ensuma,Luganda,83.33333333333334,ensuma,Luganda,,0.0,,pending_gpu,
matovu,matovu,,Unknown,matu,Luganda,80.0,matu,Luganda,,0.0,,pending_gpu,
buddu,buddu,,Unknown,obuddu,Luganda,90.9090909090909,obuddu,Luganda,,0.0,,pending_gpu,
wamanyi,wamanyi,,Unknown,amanyi,Luganda,92.3076923076923,amanyi,Luganda,,0.0,,pending_gpu,
oyo,oyo,oyo,Luganda,,,0.0,oyo,Luganda,,0.0,,pending_gpu,
omusipana,omusipana,,Unknown,omusana,Luganda,87.5,omusana,Luganda,,0.0,,pending_gpu,
Kalanzi,kalanzi,,Unknown,kalaani,Luganda,85.71428571428572,kalaani,Luganda,,0.0,,pending_gpu,
ejja,ejja,,Unknown,lejja,Luganda,88.88888888888889,lejja,Luganda,,0.0,,pending_gpu,
ku,ku,ku,Luganda,,,0.0,ku,Luganda,,0.0,,pending_gpu,
Kalanzi,kalanzi,,Unknown,kalaani,Luganda,85.71428571428572,kalaani,Luganda,,0.0,,pending_gpu,
Akaboozi,akaboozi,,Unknown,akajjoozi,Luganda,82.35294117647058,akajjoozi,Luganda,,0.0,,pending_gpu,
Masanyalaze,masanyalaze,,Unknown,amasanyalaze,Luganda,95.65217391304348,amasanyalaze,Luganda,,0.0,,pending_gpu,
kiibi,kiibi,,Unknown,kibi,Luganda,88.88888888888889,kibi,Luganda,,0.0,,pending_gpu,
dakiika,dakiika,,Unknown,eddakiika,Luganda,87.5,eddakiika,Luganda,,0.0,,pending_gpu,
Kalanzi,kalanzi,,Unknown,kalaani,Luganda,85.71428571428572,kalaani,Luganda,,0.0,,pending_gpu,
nedda,nedda,nedda,Luganda,,,0.0,nedda,Luganda,,0.0,,pending_gpu,
sebo,sebo,,Unknown,ssebo,Luganda,88.88888888888889,ssebo,Luganda,,0.0,,pending_gpu,
Matovu,matovu,,Unknown,matu,Luganda,80.0,matu,Luganda,,0.0,,pending_gpu,
buddu,buddu,,Unknown,obuddu,Luganda,90.9090909090909,obuddu,Luganda,,0.0,,pending_gpu,
nsumba,nsumba,,Unknown,ensuma,Luganda,83.33333333333334,ensuma,Luganda,,0.0,,pending_gpu,
Kabaka,kabaka,Kabaka,Luganda,,,0.0,Kabaka,Luganda,,0.0,,pending_gpu,
nsumba,nsumba,,Unknown,ensuma,Luganda,83.33333333333334,ensuma,Luganda,,0.0,,pending_gpu,
mugwano,mugwano,,Unknown,omukwano,Luganda,80.0,omukwano,Luganda,,0.0,,pending_gpu,
bugrere,bugrere,,Unknown,oburere,Luganda,85.71428571428572,oburere,Luganda,,0.0,,pending_gpu,
kwesiva,kwesiva,,Unknown,okwesiga,Luganda,80.0,okwesiga,Luganda,,0.0,,pending_gpu,
Ssbo,ssbo,,Unknown,ssebo,Luganda,88.88888888888889,ssebo,Luganda,,0.0,,pending_gpu,
Ssebo,ssebo,Ssebo,Luganda,,,0.0,Ssebo,Luganda,,0.0,,pending_gpu,
Kalanzi,kalanzi,,Unknown,kalaani,Luganda,85.71428571428572,kalaani,Luganda,,0.0,,pending_gpu,
kalanzi,kalanzi,,Unknown,kalaani,Luganda,85.71428571428572,kalaani,Luganda,,0.0,,pending_gpu,
kyambadde,kyambadde,,Unknown,ekyambadde,Luganda,94.73684210526316,ekyambadde,Luganda,,0.0,,pending_gpu,
mwana,mwana,mwana,Luganda,,,0.0,mwana,Luganda,,0.0,,pending_gpu,
nze,nze,nze,Luganda,,,0.0,nze,Luganda,,0.0,,pending_gpu,
ku,ku,ku,Luganda,,,0.0,ku,Luganda,,0.0,,pending_gpu,
masanyalaze,masanyalaze,,Unknown,amasanyalaze,Luganda,95.65217391304348,amasanyalaze,Luganda,,0.0,,pending_gpu,
kwesiva,kwesiva,,Unknown,okwesiga,Luganda,80.0,okwesiga,Luganda,,0.0,,pending_gpu,
ku,ku,ku,Luganda,,,0.0,ku,Luganda,,0.0,,pending_gpu,
ku,ku,ku,Luganda,,,0.0,ku,Luganda,,0.0,,pending_gpu,
kalanzi,kalanzi,,Unknown,kalaani,Luganda,85.71428571428572,kalaani,Luganda,,0.0,,pending_gpu,
kwesiva,kwesiva,,Unknown,okwesiga,Luganda,80.0,okwesiga,Luganda,,0.0,,pending_gpu,
"luganda,","luganda,",,Unknown,oluganda,Luganda,87.5,oluganda,Luganda,,0.0,,pending_gpu,
kalanzi,kalanzi,,Unknown,kalaani,Luganda,85.71428571428572,kalaani,Luganda,,0.0,,pending_gpu,
kimera,kimera,kimera,Luganda,,,0.0,kimera,Luganda,,0.0,,pending_gpu,
ku,ku,ku,Luganda,,,0.0,ku,Luganda,,0.0,,pending_gpu,
Akaawooma,akaawooma,,Unknown,akaama,Luganda,80.0,akaama,Luganda,,0.0,,pending_gpu,
omutabizi,omutabizi,,Unknown,omulabirizi,Luganda,80.0,omulabirizi,Luganda,,0.0,,pending_gpu,
Oli,oli,Oli,Luganda,,,0.0,Oli,Luganda,,0.0,,pending_gpu,
mulwadde,mulwadde,,Unknown,omulwadde,Luganda,94.11764705882352,omulwadde,Luganda,,0.0,,pending_gpu,
kalanzi,kalanzi,,Unknown,kalaani,Luganda,85.71428571428572,kalaani,Luganda,,0.0,,pending_gpu,
kimere,kimere,,Unknown,kimera,Luganda,83.33333333333334,kimera,Luganda,,0.0,,pending_gpu,
emandduso,emandduso,,Unknown,emanduso,Luganda,94.11764705882352,emanduso,Luganda,,0.0,,pending_gpu,
abasajja,abasajja,,Unknown,basajja,Luganda,93.33333333333333,basajja,Luganda,,0.0,,pending_gpu,
ku,ku,ku,Luganda,,,0.0,ku,Luganda,,0.0,,pending_gpu,
buddu,buddu,,Unknown,obuddu,Luganda,90.9090909090909,obuddu,Luganda,,0.0,,pending_gpu,
masanyalaze,masanyalaze,,Unknown,amasanyalaze,Luganda,95.65217391304348,amasanyalaze,Luganda,,0.0,,pending_gpu,
nze,nze,nze,Luganda,,,0.0,nze,Luganda,,0.0,,pending_gpu,
kimuli,kimuli,,Unknown,ekimuli,Luganda,92.3076923076923,ekimuli,Luganda,,0.0,,pending_gpu,
edobozi,edobozi,,Unknown,edoboozi,Luganda,93.33333333333333,edoboozi,Luganda,,0.0,,pending_gpu,
Oyo,oyo,Oyo,Luganda,,,0.0,Oyo,Luganda,,0.0,,pending_gpu,
akubisa,akubisa,,Unknown,kukubisa,Luganda,80.0,kukubisa,Luganda,,0.0,,pending_gpu,
nga,nga,nga,Luganda,,,0.0,nga,Luganda,,0.0,,pending_gpu,
kyambadde,kyambadde,,Unknown,ekyambadde,Luganda,94.73684210526316,ekyambadde,Luganda,,0.0,,pending_gpu,
masanyalaze,masanyalaze,,Unknown,amasanyalaze,Luganda,95.65217391304348,amasanyalaze,Luganda,,0.0,,pending_gpu,
ku,ku,ku,Luganda,,,0.0,ku,Luganda,,0.0,,pending_gpu,
ku,ku,ku,Luganda,,,0.0,ku,Luganda,,0.0,,pending_gpu,
mukulu,mukulu,,Unknown,omukulu,Luganda,92.3076923076923,omukulu,Luganda,,0.0,,pending_gpu,
"masanyala,e","masanyala,e",,Unknown,amasanyalaze,Luganda,86.95652173913044,amasanyalaze,Luganda,,0.0,,pending_gpu,
ku,ku,ku,Luganda,,,0.0,ku,Luganda,,0.0,,pending_gpu,
omupira,omupira,,Unknown,omupiira,Luganda,93.33333333333333,omupiira,Luganda,,0.0,,pending_gpu,
katimba.,katimba.,,Unknown,akatimba,Luganda,87.5,akatimba,Luganda,,0.0,,pending_gpu,
birimunda,birimunda,,Unknown,ekirimunda,Luganda,84.21052631578947,ekirimunda,Luganda,,0.0,,pending_gpu,
Naye,naye,Naye,Luganda,,,0.0,Naye,Luganda,,0.0,,pending_gpu,
Ddungu,ddungu,,Unknown,eddungu,Luganda,92.3076923076923,eddungu,Luganda,,0.0,,pending_gpu,
ndala,ndala,,Unknown,endala,Luganda,90.9090909090909,endala,Luganda,,0.0,,pending_gpu,
nsumba,nsumba,,Unknown,ensuma,Luganda,83.33333333333334,ensuma,Luganda,,0.0,,pending_gpu,
nsumba,nsumba,,Unknown,ensuma,Luganda,83.33333333333334,ensuma,Luganda,,0.0,,pending_gpu,
Nsumba,nsumba,,Unknown,ensuma,Luganda,83.33333333333334,ensuma,Luganda,,0.0,,pending_gpu,
oyo,oyo,oyo,Luganda,,,0.0,oyo,Luganda,,0.0,,pending_gpu,
@Ddungu,@ddungu,,Unknown,eddungu,Luganda,85.71428571428572,eddungu,Luganda,,0.0,,pending_gpu,
Myke,myke,,Unknown,mye,Luganda,85.71428571428572,mye,Luganda,,0.0,,pending_gpu,
Masanyalaze,masanyalaze,,Unknown,amasanyalaze,Luganda,95.65217391304348,amasanyalaze,Luganda,,0.0,,pending_gpu,
Nsumba,nsumba,,Unknown,ensuma,Luganda,83.33333333333334,ensuma,Luganda,,0.0,,pending_gpu,
Nsumba,nsumba,,Unknown,ensuma,Luganda,83.33333333333334,ensuma,Luganda,,0.0,,pending_gpu,
Nsumba,nsumba,,Unknown,ensuma,Luganda,83.33333333333334,ensuma,Luganda,,0.0,,pending_gpu,
Kabaka,kabaka,Kabaka,Luganda,,,0.0,Kabaka,Luganda,,0.0,,pending_gpu,
Ddungu,ddungu,,Unknown,eddungu,Luganda,92.3076923076923,eddungu,Luganda,,0.0,,pending_gpu,
Owa,owa,Owa,Luganda,,,0.0,Owa,Luganda,,0.0,,pending_gpu,
@omusipana,@omusipana,,Unknown,omusana,Luganda,82.35294117647058,omusana,Luganda,,0.0,,pending_gpu,
mulalamu,mulalamu,,Unknown,omulalu,Luganda,80.0,omulalu,Luganda,,0.0,,pending_gpu,
ku,ku,ku,Luganda,,,0.0,ku,Luganda,,0.0,,pending_gpu,
Masanyalaze,masanyalaze,,Unknown,amasanyalaze,Luganda,95.65217391304348,amasanyalaze,Luganda,,0.0,,pending_gpu,
luganda,luganda,,Unknown,oluganda,Luganda,93.33333333333333,oluganda,Luganda,,0.0,,pending_gpu,
naye,naye,naye,Luganda,,,0.0,naye,Luganda,,0.0,,pending_gpu,
naye,naye,naye,Luganda,,,0.0,naye,Luganda,,0.0,,pending_gpu,
wano,wano,wano,Luganda,,,0.0,wano,Luganda,,0.0,,pending_gpu,
wange,wange,wange,Luganda,,,0.0,wange,Luganda,,0.0,,pending_gpu,
sambula,sambula,,Unknown,kasambula,Luganda,87.5,kasambula,Luganda,,0.0,,pending_gpu,
Mazima,mazima,,Unknown,amazima,Luganda,92.3076923076923,amazima,Luganda,,0.0,,pending_gpu,
jjaja,jjaja,,Unknown,jjajja,Luganda,90.9090909090909,jjajja,Luganda,,0.0,,pending_gpu,
ekitiibya,ekitiibya,,Unknown,ekitiibwa,Luganda,88.88888888888889,ekitiibwa,Luganda,,0.0,,pending_gpu,
Dhakaba,dhakaba,,Unknown,akaba,Luganda,83.33333333333334,akaba,Luganda,,0.0,,pending_gpu,
oyo,oyo,oyo,Luganda,,,0.0,oyo,Luganda,,0.0,,pending_gpu,
musiru,musiru,musiru,Luganda,,,0.0,musiru,Luganda,,0.0,,pending_gpu,
nyo,nyo,,Unknown,nnyo,Luganda,85.71428571428572,nnyo,Luganda,,0.0,,pending_gpu,
nga,nga,nga,Luganda,,,0.0,nga,Luganda,,0.0,,pending_gpu,
ku,ku,ku,Luganda,,,0.0,ku,Luganda,,0.0,,pending_gpu,
kapiira,kapiira,,Unknown,akapiira,Luganda,93.33333333333333,akapiira,Luganda,,0.0,,pending_gpu,
kutuuka,kutuuka,,Unknown,okutuuka,Luganda,93.33333333333333,okutuuka,Luganda,,0.0,,pending_gpu,
oba,oba,oba,Luganda,,,0.0,oba,Luganda,,0.0,,pending_gpu,
kumuluka,kumuluka,,Unknown,okululuka,Luganda,82.35294117647058,okululuka,Luganda,,0.0,,pending_gpu,
naye,naye,naye,Luganda,,,0.0,naye,Luganda,,0.0,,pending_gpu,
akategera,akategera,,Unknown,atategeera,Luganda,84.21052631578947,atategeera,Luganda,,0.0,,pending_gpu,
enyo,enyo,enyo,Luganda,,,0.0,enyo,Luganda,,0.0,,pending_gpu,
ogenda,ogenda,,Unknown,okugenda,Luganda,85.71428571428572,okugenda,Luganda,,0.0,,pending_gpu,
oli,oli,oli,Luganda,,,0.0,oli,Luganda,,0.0,,pending_gpu,
nga,nga,nga,Luganda,,,0.0,nga,Luganda,,0.0,,pending_gpu,
takubila,takubila,,Unknown,kubila,Luganda,85.71428571428572,kubila,Luganda,,0.0,,pending_gpu,
naye,naye,naye,Luganda,,,0.0,naye,Luganda,,0.0,,pending_gpu,
nga,nga,nga,Luganda,,,0.0,nga,Luganda,,0.0,,pending_gpu,
omussambi,omussambi,,Unknown,omuyambi,Luganda,82.35294117647058,omuyambi,Luganda,,0.0,,pending_gpu,
wano,wano,wano,Luganda,,,0.0,wano,Luganda,,0.0,,pending_gpu,
Oyo,oyo,Oyo,Luganda,,,0.0,Oyo,Luganda,,0.0,,pending_gpu,
nsaasira,nsaasira,,Unknown,ensaasi,Luganda,80.0,ensaasi,Luganda,,0.0,,pending_gpu,
abamuwuliliza,abamuwuliliza,,Unknown,abawuliriza,Luganda,83.33333333333334,abawuliriza,Luganda,,0.0,,pending_gpu,
omwo,omwo,,Unknown,omweso,Luganda,80.0,omweso,Luganda,,0.0,,pending_gpu,
nze,nze,nze,Luganda,,,0.0,nze,Luganda,,0.0,,pending_gpu,
awo,awo,awo,Luganda,,,0.0,awo,Luganda,,0.0,,pending_gpu,
ku,ku,ku,Luganda,,,0.0,ku,Luganda,,0.0,,pending_gpu,
mazima,mazima,,Unknown,amazima,Luganda,92.3076923076923,amazima,Luganda,,0.0,,pending_gpu,
Lwaki,lwaki,,Unknown,lwaaki,Luganda,90.9090909090909,lwaaki,Luganda,,0.0,,pending_gpu,
Nze,nze,Nze,Luganda,,,0.0,Nze,Luganda,,0.0,,pending_gpu,
nga,nga,nga,Luganda,,,0.0,nga,Luganda,,0.0,,pending_gpu,
Ssemboga,ssemboga,,Unknown,emboga,Luganda,85.71428571428572,emboga,Luganda,,0.0,,pending_gpu,
Ssentamu,ssentamu,,Unknown,entamu,Luganda,85.71428571428572,entamu,Luganda,,0.0,,pending_gpu,
Obulamu,obulamu,Obulamu,Luganda,,,0.0,Obulamu,Luganda,,0.0,,pending_gpu,
kiiro,kiiro,,Unknown,ekiro,Luganda,80.0,ekiro,Luganda,,0.0,,pending_gpu,
kisumuluzo,kisumuluzo,,Unknown,ekisumuluzo,Luganda,95.23809523809523,ekisumuluzo,Luganda,,0.0,,pending_gpu,
kisumuluzo,kisumuluzo,,Unknown,ekisumuluzo,Luganda,95.23809523809523,ekisumuluzo,Luganda,,0.0,,pending_gpu,
muko,muko,,Unknown,omuko,Luganda,88.88888888888889,omuko,Luganda,,0.0,,pending_gpu,
muko,muko,,Unknown,omuko,Luganda,88.88888888888889,omuko,Luganda,,0.0,,pending_gpu,
tukwebaza,tukwebaza,,Unknown,okwebaza,Luganda,82.35294117647058,okwebaza,Luganda,,0.0,,pending_gpu,
okuba,okuba,okuba,Luganda,,,0.0,okuba,Luganda,,0.0,,pending_gpu,
manzima,manzima,,Unknown,amazima,Luganda,85.71428571428572,amazima,Luganda,,0.0,,pending_gpu,
webale,webale,webale,Luganda,,,0.0,webale,Luganda,,0.0,,pending_gpu,
taata,taata,taata,Luganda,,,0.0,taata,Luganda,,0.0,,pending_gpu,
mukama,mukama,mukama,Luganda,,,0.0,mukama,Luganda,,0.0,,pending_gpu,
kuuma,kuuma,kuuma,Luganda,,,0.0,kuuma,Luganda,,0.0,,pending_gpu,
taata,taata,taata,Luganda,,,0.0,taata,Luganda,,0.0,,pending_gpu,
wano,wano,wano,Luganda,,,0.0,wano,Luganda,,0.0,,pending_gpu,
wannge,wannge,,Unknown,wange,Luganda,90.9090909090909,wange,Luganda,,0.0,,pending_gpu,
ffe,ffe,ffe,Luganda,,,0.0,ffe,Luganda,,0.0,,pending_gpu,
nokuziimba,nokuziimba,,Unknown,okuzimba,Luganda,88.88888888888889,okuzimba,Luganda,,0.0,,pending_gpu,
okwekuba,okwekuba,,Unknown,okwewuba,Luganda,87.5,okwewuba,Luganda,,0.0,,pending_gpu,
engaloo,engaloo,,Unknown,engalo,Luganda,92.3076923076923,engalo,Luganda,,0.0,,pending_gpu,
:wano,:wano,,Unknown,wano,Luganda,88.88888888888889,wano,Luganda,,0.0,,pending_gpu,
wannge,wannge,,Unknown,wange,Luganda,90.9090909090909,wange,Luganda,,0.0,,pending_gpu,
nga,nga,nga,Luganda,,,0.0,nga,Luganda,,0.0,,pending_gpu,
mukama,mukama,mukama,Luganda,,,0.0,mukama,Luganda,,0.0,,pending_gpu,
buli,buli,buli,Luganda,,,0.0,buli,Luganda,,0.0,,pending_gpu,
yange,yange,,Unknown,gyange,Luganda,90.9090909090909,gyange,Luganda,,0.0,,pending_gpu,
Maama,maama,Maama,Luganda,,,0.0,Maama,Luganda,,0.0,,pending_gpu,
taata,taata,taata,Luganda,,,0.0,taata,Luganda,,0.0,,pending_gpu,
ku,ku,ku,Luganda,,,0.0,ku,Luganda,,0.0,,pending_gpu,
sente,sente,sente,Luganda,,,0.0,sente,Luganda,,0.0,,pending_gpu,
omuyimbi,omuyimbi,omuyimbi,Luganda,,,0.0,omuyimbi,Luganda,,0.0,,pending_gpu,
wange,wange,wange,Luganda,,,0.0,wange,Luganda,,0.0,,pending_gpu,
kapiripiti,kapiripiti,,Unknown,akabiriiti,Luganda,80.0,akabiriiti,Luganda,,0.0,,pending_gpu,
mazima,mazima,,Unknown,amazima,Luganda,92.3076923076923,amazima,Luganda,,0.0,,pending_gpu,
mwana,mwana,mwana,Luganda,,,0.0,mwana,Luganda,,0.0,,pending_gpu,
nkunonya,nkunonya,,Unknown,okunoonya,Luganda,82.35294117647058,okunoonya,Luganda,,0.0,,pending_gpu,
yange,yange,,Unknown,gyange,Luganda,90.9090909090909,gyange,Luganda,,0.0,,pending_gpu,
Ntebbe,ntebbe,,Unknown,ntebe,Luganda,90.9090909090909,ntebe,Luganda,,0.0,,pending_gpu,
nze,nze,nze,Luganda,,,0.0,nze,Luganda,,0.0,,pending_gpu,
nkugwa,nkugwa,,Unknown,kugwa,Luganda,90.9090909090909,kugwa,Luganda,,0.0,,pending_gpu,
mukimanyi,mukimanyi,,Unknown,omumanyi,Luganda,82.35294117647058,omumanyi,Luganda,,0.0,,pending_gpu,
nti,nti,nti,Luganda,,,0.0,nti,Luganda,,0.0,,pending_gpu,
kyangu,kyangu,kyangu,Luganda,,,0.0,kyangu,Luganda,,0.0,,pending_gpu,
nnyo,nnyo,nnyo,Luganda,,,0.0,nnyo,Luganda,,0.0,,pending_gpu,
okujako,okujako,,Unknown,okujyako,Luganda,93.33333333333333,okujyako,Luganda,,0.0,,pending_gpu,
naye,naye,naye,Luganda,,,0.0,naye,Luganda,,0.0,,pending_gpu,
kizibu,kizibu,,Unknown,ekizibu,Luganda,92.3076923076923,ekizibu,Luganda,,0.0,,pending_gpu,
nyo,nyo,,Unknown,nnyo,Luganda,85.71428571428572,nnyo,Luganda,,0.0,,pending_gpu,
okujako,okujako,,Unknown,okujyako,Luganda,93.33333333333333,okujyako,Luganda,,0.0,,pending_gpu,
kubwa,kubwa,,Unknown,kubbwa,Luganda,90.9090909090909,kubbwa,Luganda,,0.0,,pending_gpu,
bwa,bwa,bwa,Luganda,,,0.0,bwa,Luganda,,0.0,,pending_gpu,
Nkola,nkola,,Unknown,enkola,Luganda,90.9090909090909,enkola,Luganda,,0.0,,pending_gpu,
Ku,ku,Ku,Luganda,,,0.0,Ku,Luganda,,0.0,,pending_gpu,
naye,naye,naye,Luganda,,,0.0,naye,Luganda,,0.0,,pending_gpu,
Kati,kati,Kati,Luganda,,,0.0,Kati,Luganda,,0.0,,pending_gpu,
oyo,oyo,oyo,Luganda,,,0.0,oyo,Luganda,,0.0,,pending_gpu,
buli,buli,buli,Luganda,,,0.0,buli,Luganda,,0.0,,pending_gpu,
wamu,wamu,wamu,Luganda,,,0.0,wamu,Luganda,,0.0,,pending_gpu,
bamugoba,bamugoba,,Unknown,amagoba,Luganda,80.0,amagoba,Luganda,,0.0,,pending_gpu,
Kati,kati,Kati,Luganda,,,0.0,Kati,Luganda,,0.0,,pending_gpu,
ffe,ffe,ffe,Luganda,,,0.0,ffe,Luganda,,0.0,,pending_gpu,
oyo,oyo,oyo,Luganda,,,0.0,oyo,Luganda,,0.0,,pending_gpu,
omupiira,omupiira,omupiira,Luganda,,,0.0,omupiira,Luganda,,0.0,,pending_gpu,
bonna,bonna,bonna,Luganda,,,0.0,bonna,Luganda,,0.0,,pending_gpu,
mabegawo,mabegawo,,Unknown,emabega,Luganda,80.0,emabega,Luganda,,0.0,,pending_gpu,
Oyo,oyo,Oyo,Luganda,,,0.0,Oyo,Luganda,,0.0,,pending_gpu,
butamanya.,butamanya.,,Unknown,obutamanya,Luganda,90.0,obutamanya,Luganda,,0.0,,pending_gpu,
mutyaba,mutyaba,,Unknown,mutabani,Luganda,80.0,mutabani,Luganda,,0.0,,pending_gpu,
kati,kati,kati,Luganda,,,0.0,kati,Luganda,,0.0,,pending_gpu,
mupiira,mupiira,,Unknown,omupiira,Luganda,93.33333333333333,omupiira,Luganda,,0.0,,pending_gpu,
oyo,oyo,oyo,Luganda,,,0.0,oyo,Luganda,,0.0,,pending_gpu,
kamukulu,kamukulu,,Unknown,omukulu,Luganda,80.0,omukulu,Luganda,,0.0,,pending_gpu,
nga,nga,nga,Luganda,,,0.0,nga,Luganda,,0.0,,pending_gpu,
mubintu,mubintu,,Unknown,mukintu,Luganda,85.71428571428572,mukintu,Luganda,,0.0,,pending_gpu,
Ku,ku,Ku,Luganda,,,0.0,Ku,Luganda,,0.0,,pending_gpu,
mupiira,mupiira,,Unknown,omupiira,Luganda,93.33333333333333,omupiira,Luganda,,0.0,,pending_gpu,
kutisatisa,kutisatisa,,Unknown,okutisatiisa,Luganda,90.9090909090909,okutisatiisa,Luganda,,0.0,,pending_gpu,
tamanyi,tamanyi,,Unknown,amanyi,Luganda,92.3076923076923,amanyi,Luganda,,0.0,,pending_gpu,
kyamanyi,kyamanyi,,Unknown,amanyi,Luganda,85.71428571428572,amanyi,Luganda,,0.0,,pending_gpu,
muli,muli,,Unknown,omuli,Luganda,88.88888888888889,omuli,Luganda,,0.0,,pending_gpu,
naye,naye,naye,Luganda,,,0.0,naye,Luganda,,0.0,,pending_gpu,
mumupiira,mumupiira,,Unknown,omupiira,Luganda,82.35294117647058,omupiira,Luganda,,0.0,,pending_gpu,
Mutyaba,mutyaba,,Unknown,mutabani,Luganda,80.0,mutabani,Luganda,,0.0,,pending_gpu,
kituufu,kituufu,kituufu,Luganda,,,0.0,kituufu,Luganda,,0.0,,pending_gpu,
tomuwa,tomuwa,,Unknown,omumwa,Luganda,83.33333333333334,omumwa,Luganda,,0.0,,pending_gpu,
mutyaba,mutyaba,,Unknown,mutabani,Luganda,80.0,mutabani,Luganda,,0.0,,pending_gpu,
Kituufu,kituufu,Kituufu,Luganda,,,0.0,Kituufu,Luganda,,0.0,,pending_gpu,
nnyo,nnyo,nnyo,Luganda,,,0.0,nnyo,Luganda,,0.0,,pending_gpu,
Mutyaba,mutyaba,,Unknown,mutabani,Luganda,80.0,mutabani,Luganda,,0.0,,pending_gpu,
ensonga,ensonga,ensonga,Luganda,,,0.0,ensonga,Luganda,,0.0,,pending_gpu,
Mutyaba,mutyaba,,Unknown,mutabani,Luganda,80.0,mutabani,Luganda,,0.0,,pending_gpu,
tamanyi,tamanyi,,Unknown,amanyi,Luganda,92.3076923076923,amanyi,Luganda,,0.0,,pending_gpu,
mupiira,mupiira,,Unknown,omupiira,Luganda,93.33333333333333,omupiira,Luganda,,0.0,,pending_gpu,
Mutyaba,mutyaba,,Unknown,mutabani,Luganda,80.0,mutabani,Luganda,,0.0,,pending_gpu,
oba,oba,oba,Luganda,,,0.0,oba,Luganda,,0.0,,pending_gpu,
sente,sente,sente,Luganda,,,0.0,sente,Luganda,,0.0,,pending_gpu,
ekizibu,ekizibu,ekizibu,Luganda,,,0.0,ekizibu,Luganda,,0.0,,pending_gpu,
kya,kya,kya,Luganda,,,0.0,kya,Luganda,,0.0,,pending_gpu,
kyekyo,kyekyo,,Unknown,ekyo,Luganda,80.0,ekyo,Luganda,,0.0,,pending_gpu,
obukurembeze,obukurembeze,,Unknown,obukulembeze,Luganda,91.66666666666666,obukulembeze,Luganda,,0.0,,pending_gpu,
bwomupir,bwomupir,,Unknown,bwomuti,Luganda,80.0,bwomuti,Luganda,,0.0,,pending_gpu,
Wano,wano,Wano,Luganda,,,0.0,Wano,Luganda,,0.0,,pending_gpu,
wange,wange,wange,Luganda,,,0.0,wange,Luganda,,0.0,,pending_gpu,
jojo,jojo,,Unknown,jjo,Luganda,85.71428571428572,jjo,Luganda,,0.0,,pending_gpu,
Jojo,jojo,,Unknown,jjo,Luganda,85.71428571428572,jjo,Luganda,,0.0,,pending_gpu,
JOJO,jojo,,Unknown,jjo,Luganda,85.71428571428572,jjo,Luganda,,0.0,,pending_gpu,
Oli,oli,Oli,Luganda,,,0.0,Oli,Luganda,,0.0,,pending_gpu,
waddala,waddala,,Unknown,ddala,Luganda,83.33333333333334,ddala,Luganda,,0.0,,pending_gpu,
Jojo,jojo,,Unknown,jjo,Luganda,85.71428571428572,jjo,Luganda,,0.0,,pending_gpu,
magala,magala,magala,Luganda,,,0.0,magala,Luganda,,0.0,,pending_gpu,
Jojo,jojo,,Unknown,jjo,Luganda,85.71428571428572,jjo,Luganda,,0.0,,pending_gpu,
Jojo,jojo,,Unknown,jjo,Luganda,85.71428571428572,jjo,Luganda,,0.0,,pending_gpu,
Mukwano,mukwano,,Unknown,omukwano,Luganda,93.33333333333333,omukwano,Luganda,,0.0,,pending_gpu,
kubuyambi,kubuyambi,,Unknown,obuyambi,Luganda,82.35294117647058,obuyambi,Luganda,,0.0,,pending_gpu,
Mukwano,mukwano,,Unknown,omukwano,Luganda,93.33333333333333,omukwano,Luganda,,0.0,,pending_gpu,
Jojo,jojo,,Unknown,jjo,Luganda,85.71428571428572,jjo,Luganda,,0.0,,pending_gpu,
Jojo,jojo,,Unknown,jjo,Luganda,85.71428571428572,jjo,Luganda,,0.0,,pending_gpu,
nyabo,nyabo,,Unknown,nnyabo,Luganda,90.9090909090909,nnyabo,Luganda,,0.0,,pending_gpu,
JoJo,jojo,,Unknown,jjo,Luganda,85.71428571428572,jjo,Luganda,,0.0,,pending_gpu,
okitegera,okitegera,,Unknown,okutegera,Luganda,88.88888888888889,okutegera,Luganda,,0.0,,pending_gpu,
Jojo,jojo,,Unknown,jjo,Luganda,85.71428571428572,jjo,Luganda,,0.0,,pending_gpu,
magala,magala,magala,Luganda,,,0.0,magala,Luganda,,0.0,,pending_gpu,
Magala,magala,Magala,Luganda,,,0.0,Magala,Luganda,,0.0,,pending_gpu,
munanansi,munanansi,,Unknown,munnansi,Luganda,94.11764705882352,munnansi,Luganda,,0.0,,pending_gpu,
Jojo,jojo,,Unknown,jjo,Luganda,85.71428571428572,jjo,Luganda,,0.0,,pending_gpu,
kiwanuka,kiwanuka,,Unknown,ekiwuka,Luganda,80.0,ekiwuka,Luganda,,0.0,,pending_gpu,
naye,naye,naye,Luganda,,,0.0,naye,Luganda,,0.0,,pending_gpu,
magala,magala,magala,Luganda,,,0.0,magala,Luganda,,0.0,,pending_gpu,
eyo,eyo,eyo,Luganda,,,0.0,eyo,Luganda,,0.0,,pending_gpu,
kimera,kimera,kimera,Luganda,,,0.0,kimera,Luganda,,0.0,,pending_gpu,
yange,yange,,Unknown,gyange,Luganda,90.9090909090909,gyange,Luganda,,0.0,,pending_gpu,
Kimera,kimera,Kimera,Luganda,,,0.0,Kimera,Luganda,,0.0,,pending_gpu,
Emaali,emaali,,Unknown,emabbali,Luganda,85.71428571428572,emabbali,Luganda,,0.0,,pending_gpu,
Emaali,emaali,,Unknown,emabbali,Luganda,85.71428571428572,emabbali,Luganda,,0.0,,pending_gpu,
nayee,nayee,,Unknown,naye,Luganda,88.88888888888889,naye,Luganda,,0.0,,pending_gpu,
@KAVUYO,@kavuyo,,Unknown,akavuyo,Luganda,85.71428571428572,akavuyo,Luganda,,0.0,,pending_gpu,
Awo,awo,Awo,Luganda,,,0.0,Awo,Luganda,,0.0,,pending_gpu,
kurika,kurika,,Unknown,kuyurika,Luganda,85.71428571428572,kuyurika,Luganda,,0.0,,pending_gpu,
Naye,naye,Naye,Luganda,,,0.0,Naye,Luganda,,0.0,,pending_gpu,
Nga,nga,Nga,Luganda,,,0.0,Nga,Luganda,,0.0,,pending_gpu,
Gwe,gwe,Gwe,Luganda,,,0.0,Gwe,Luganda,,0.0,,pending_gpu,
wabadde,wabadde,,Unknown,abazadde,Luganda,80.0,abazadde,Luganda,,0.0,,pending_gpu,
ekintu,ekintu,ekintu,Luganda,,,0.0,ekintu,Luganda,,0.0,,pending_gpu,
kyabadde,kyabadde,,Unknown,ekyambadde,Luganda,88.88888888888889,ekyambadde,Luganda,,0.0,,pending_gpu,
kwesiva,kwesiva,,Unknown,okwesiga,Luganda,80.0,okwesiga,Luganda,,0.0,,pending_gpu,
mwana,mwana,mwana,Luganda,,,0.0,mwana,Luganda,,0.0,,pending_gpu,
esanyu,esanyu,,Unknown,essanyu,Luganda,92.3076923076923,essanyu,Luganda,,0.0,,pending_gpu,
gwe,gwe,gwe,Luganda,,,0.0,gwe,Luganda,,0.0,,pending_gpu,
mazima,mazima,,Unknown,amazima,Luganda,92.3076923076923,amazima,Luganda,,0.0,,pending_gpu,
abayimbi,abayimbi,,Unknown,gwabayimbi,Luganda,88.88888888888889,gwabayimbi,Luganda,,0.0,,pending_gpu,
nga,nga,nga,Luganda,,,0.0,nga,Luganda,,0.0,,pending_gpu,
naye,naye,naye,Luganda,,,0.0,naye,Luganda,,0.0,,pending_gpu,
muli,muli,,Unknown,omuli,Luganda,88.88888888888889,omuli,Luganda,,0.0,,pending_gpu,
mukuba,mukuba,,Unknown,kukuba,Luganda,83.33333333333334,kukuba,Luganda,,0.0,,pending_gpu,
mukomere,mukomere,,Unknown,mukomera,Luganda,87.5,mukomera,Luganda,,0.0,,pending_gpu,
kenya,kenya,kenya,Luganda,,,0.0,kenya,Luganda,,0.0,,pending_gpu,
wange,wange,wange,Luganda,,,0.0,wange,Luganda,,0.0,,pending_gpu,
kwagara,kwagara,,Unknown,okwagala,Luganda,80.0,okwagala,Luganda,,0.0,,pending_gpu,
omurungi,omurungi,,Unknown,omulungi,Luganda,87.5,omulungi,Luganda,,0.0,,pending_gpu,
wange,wange,wange,Luganda,,,0.0,wange,Luganda,,0.0,,pending_gpu,
WANGE,wange,WANGE,Luganda,,,0.0,WANGE,Luganda,,0.0,,pending_gpu,
WANGE,wange,WANGE,Luganda,,,0.0,WANGE,Luganda,,0.0,,pending_gpu,
gwe,gwe,gwe,Luganda,,,0.0,gwe,Luganda,,0.0,,pending_gpu,
nkwagala,nkwagala,,Unknown,okwagala,Luganda,87.5,okwagala,Luganda,,0.0,,pending_gpu,
omulungi,omulungi,omulungi,Luganda,,,0.0,omulungi,Luganda,,0.0,,pending_gpu,
wange,wange,wange,Luganda,,,0.0,wange,Luganda,,0.0,,pending_gpu,
kange,kange,kange,Luganda,,,0.0,kange,Luganda,,0.0,,pending_gpu,
nga,nga,nga,Luganda,,,0.0,nga,Luganda,,0.0,,pending_gpu,
kange,kange,kange,Luganda,,,0.0,kange,Luganda,,0.0,,pending_gpu,
mazima,mazima,,Unknown,amazima,Luganda,92.3076923076923,amazima,Luganda,,0.0,,pending_gpu,
mazima,mazima,,Unknown,amazima,Luganda,92.3076923076923,amazima,Luganda,,0.0,,pending_gpu,
mazima,mazima,,Unknown,amazima,Luganda,92.3076923076923,amazima,Luganda,,0.0,,pending_gpu,
mazima,mazima,,Unknown,amazima,Luganda,92.3076923076923,amazima,Luganda,,0.0,,pending_gpu,
mazima,mazima,,Unknown,amazima,Luganda,92.3076923076923,amazima,Luganda,,0.0,,pending_gpu,
mazima,mazima,,Unknown,amazima,Luganda,92.3076923076923,amazima,Luganda,,0.0,,pending_gpu,
mazima,mazima,,Unknown,amazima,Luganda,92.3076923076923,amazima,Luganda,,0.0,,pending_gpu,
mazima,mazima,,Unknown,amazima,Luganda,92.3076923076923,amazima,Luganda,,0.0,,pending_gpu,
OKITEGELA,okitegela,,Unknown,okuteela,Luganda,82.35294117647058,okuteela,Luganda,,0.0,,pending_gpu,
OMULUNGI,omulungi,OMULUNGI,Luganda,,,0.0,OMULUNGI,Luganda,,0.0,,pending_gpu,
WANGYE,wangye,,Unknown,wange,Luganda,90.9090909090909,wange,Luganda,,0.0,,pending_gpu,
OMULUNGI,omulungi,OMULUNGI,Luganda,,,0.0,OMULUNGI,Luganda,,0.0,,pending_gpu,
OMULUNGI,omulungi,OMULUNGI,Luganda,,,0.0,OMULUNGI,Luganda,,0.0,,pending_gpu,
WANGYE,wangye,,Unknown,wange,Luganda,90.9090909090909,wange,Luganda,,0.0,,pending_gpu,
OMULUNGI,omulungi,OMULUNGI,Luganda,,,0.0,OMULUNGI,Luganda,,0.0,,pending_gpu,
OMULUNGI,omulungi,OMULUNGI,Luganda,,,0.0,OMULUNGI,Luganda,,0.0,,pending_gpu,
WANGYE,wangye,,Unknown,wange,Luganda,90.9090909090909,wange,Luganda,,0.0,,pending_gpu,
OMULUNGI,omulungi,OMULUNGI,Luganda,,,0.0,OMULUNGI,Luganda,,0.0,,pending_gpu,
OMULUNGI,omulungi,OMULUNGI,Luganda,,,0.0,OMULUNGI,Luganda,,0.0,,pending_gpu,
WANGYE,wangye,,Unknown,wange,Luganda,90.9090909090909,wange,Luganda,,0.0,,pending_gpu,
OMULUNGI,omulungi,OMULUNGI,Luganda,,,0.0,OMULUNGI,Luganda,,0.0,,pending_gpu,
OMULUNGI,omulungi,OMULUNGI,Luganda,,,0.0,OMULUNGI,Luganda,,0.0,,pending_gpu,
WANGYE,wangye,,Unknown,wange,Luganda,90.9090909090909,wange,Luganda,,0.0,,pending_gpu,
OMULUNGI,omulungi,OMULUNGI,Luganda,,,0.0,OMULUNGI,Luganda,,0.0,,pending_gpu,
OMULUNGI,omulungi,OMULUNGI,Luganda,,,0.0,OMULUNGI,Luganda,,0.0,,pending_gpu,
WANGYE,wangye,,Unknown,wange,Luganda,90.9090909090909,wange,Luganda,,0.0,,pending_gpu,
wange,wange,wange,Luganda,,,0.0,wange,Luganda,,0.0,,pending_gpu,
mazima,mazima,,Unknown,amazima,Luganda,92.3076923076923,amazima,Luganda,,0.0,,pending_gpu,
omulungi,omulungi,omulungi,Luganda,,,0.0,omulungi,Luganda,,0.0,,pending_gpu,
wange,wange,wange,Luganda,,,0.0,wange,Luganda,,0.0,,pending_gpu,
wange,wange,wange,Luganda,,,0.0,wange,Luganda,,0.0,,pending_gpu,
omulungi,omulungi,omulungi,Luganda,,,0.0,omulungi,Luganda,,0.0,,pending_gpu,
wange,wange,wange,Luganda,,,0.0,wange,Luganda,,0.0,,pending_gpu,
Mazima,mazima,,Unknown,amazima,Luganda,92.3076923076923,amazima,Luganda,,0.0,,pending_gpu,
Mazima,mazima,,Unknown,amazima,Luganda,92.3076923076923,amazima,Luganda,,0.0,,pending_gpu,
Mazima,mazima,,Unknown,amazima,Luganda,92.3076923076923,amazima,Luganda,,0.0,,pending_gpu,
Mazima,mazima,,Unknown,amazima,Luganda,92.3076923076923,amazima,Luganda,,0.0,,pending_gpu,
Mazima,mazima,,Unknown,amazima,Luganda,92.3076923076923,amazima,Luganda,,0.0,,pending_gpu,
Mazima,mazima,,Unknown,amazima,Luganda,92.3076923076923,amazima,Luganda,,0.0,,pending_gpu,
Mazima,mazima,,Unknown,amazima,Luganda,92.3076923076923,amazima,Luganda,,0.0,,pending_gpu,
Mazima,mazima,,Unknown,amazima,Luganda,92.3076923076923,amazima,Luganda,,0.0,,pending_gpu,
Mazima,mazima,,Unknown,amazima,Luganda,92.3076923076923,amazima,Luganda,,0.0,,pending_gpu,
Mazima,mazima,,Unknown,amazima,Luganda,92.3076923076923,amazima,Luganda,,0.0,,pending_gpu,
Mazima,mazima,,Unknown,amazima,Luganda,92.3076923076923,amazima,Luganda,,0.0,,pending_gpu,
Mazima,mazima,,Unknown,amazima,Luganda,92.3076923076923,amazima,Luganda,,0.0,,pending_gpu,
Mazima,mazima,,Unknown,amazima,Luganda,92.3076923076923,amazima,Luganda,,0.0,,pending_gpu,
Maziima,maziima,,Unknown,amazima,Luganda,85.71428571428572,amazima,Luganda,,0.0,,pending_gpu,
Mazima,mazima,,Unknown,amazima,Luganda,92.3076923076923,amazima,Luganda,,0.0,,pending_gpu,
⌨️Mazima,⌨️mazima,,Unknown,amazima,Luganda,80.0,amazima,Luganda,,0.0,,pending_gpu,
Mazima,mazima,,Unknown,amazima,Luganda,92.3076923076923,amazima,Luganda,,0.0,,pending_gpu,
⌨️Mazima,⌨️mazima,,Unknown,amazima,Luganda,80.0,amazima,Luganda,,0.0,,pending_gpu,
Mazima,mazima,,Unknown,amazima,Luganda,92.3076923076923,amazima,Luganda,,0.0,,pending_gpu,
⌨️Mazima,⌨️mazima,,Unknown,amazima,Luganda,80.0,amazima,Luganda,,0.0,,pending_gpu,
Mazima,mazima,,Unknown,amazima,Luganda,92.3076923076923,amazima,Luganda,,0.0,,pending_gpu,
Mazima,mazima,,Unknown,amazima,Luganda,92.3076923076923,amazima,Luganda,,0.0,,pending_gpu,
Mazima,mazima,,Unknown,amazima,Luganda,92.3076923076923,amazima,Luganda,,0.0,,pending_gpu,
Mazima,mazima,,Unknown,amazima,Luganda,92.3076923076923,amazima,Luganda,,0.0,,pending_gpu,
Mazima,mazima,,Unknown,amazima,Luganda,92.3076923076923,amazima,Luganda,,0.0,,pending_gpu,
Mazima,mazima,,Unknown,amazima,Luganda,92.3076923076923,amazima,Luganda,,0.0,,pending_gpu,
Mazima,mazima,,Unknown,amazima,Luganda,92.3076923076923,amazima,Luganda,,0.0,,pending_gpu,
Mazima,mazima,,Unknown,amazima,Luganda,92.3076923076923,amazima,Luganda,,0.0,,pending_gpu,
Mazima,mazima,,Unknown,amazima,Luganda,92.3076923076923,amazima,Luganda,,0.0,,pending_gpu,
Mazima,mazima,,Unknown,amazima,Luganda,92.3076923076923,amazima,Luganda,,0.0,,pending_gpu,
Mazima,mazima,,Unknown,amazima,Luganda,92.3076923076923,amazima,Luganda,,0.0,,pending_gpu,
♥️Mazima,♥️mazima,,Unknown,amazima,Luganda,80.0,amazima,Luganda,,0.0,,pending_gpu,
Mazima,mazima,,Unknown,amazima,Luganda,92.3076923076923,amazima,Luganda,,0.0,,pending_gpu,
♥️Mazima,♥️mazima,,Unknown,amazima,Luganda,80.0,amazima,Luganda,,0.0,,pending_gpu,
Mazima,mazima,,Unknown,amazima,Luganda,92.3076923076923,amazima,Luganda,,0.0,,pending_gpu,
♥️Mazima,♥️mazima,,Unknown,amazima,Luganda,80.0,amazima,Luganda,,0.0,,pending_gpu,
Mazima,mazima,,Unknown,amazima,Luganda,92.3076923076923,amazima,Luganda,,0.0,,pending_gpu,
Omulunji,omulunji,,Unknown,omulungi,Luganda,87.5,omulungi,Luganda,,0.0,,pending_gpu,
wange,wange,wange,Luganda,,,0.0,wange,Luganda,,0.0,,pending_gpu,
wange,wange,wange,Luganda,,,0.0,wange,Luganda,,0.0,,pending_gpu,
mazima,mazima,,Unknown,amazima,Luganda,92.3076923076923,amazima,Luganda,,0.0,,pending_gpu,
okitegera,okitegera,,Unknown,okutegera,Luganda,88.88888888888889,okutegera,Luganda,,0.0,,pending_gpu,
mazima,mazima,,Unknown,amazima,Luganda,92.3076923076923,amazima,Luganda,,0.0,,pending_gpu,
mazima,mazima,,Unknown,amazima,Luganda,92.3076923076923,amazima,Luganda,,0.0,,pending_gpu,
Sawa,sawa,Sawa,Luganda,,,0.0,Sawa,Luganda,,0.0,,pending_gpu,
yona,yona,,Unknown,yonna,Luganda,88.88888888888889,yonna,Luganda,,0.0,,pending_gpu,
omulungi,omulungi,omulungi,Luganda,,,0.0,omulungi,Luganda,,0.0,,pending_gpu,
wange,wange,wange,Luganda,,,0.0,wange,Luganda,,0.0,,pending_gpu,
Mazima,mazima,,Unknown,amazima,Luganda,92.3076923076923,amazima,Luganda,,0.0,,pending_gpu,
mazima,mazima,,Unknown,amazima,Luganda,92.3076923076923,amazima,Luganda,,0.0,,pending_gpu,
mazima,mazima,,Unknown,amazima,Luganda,92.3076923076923,amazima,Luganda,,0.0,,pending_gpu,
mazima,mazima,,Unknown,amazima,Luganda,92.3076923076923,amazima,Luganda,,0.0,,pending_gpu,
mazima,mazima,,Unknown,amazima,Luganda,92.3076923076923,amazima,Luganda,,0.0,,pending_gpu,
mazima,mazima,,Unknown,amazima,Luganda,92.3076923076923,amazima,Luganda,,0.0,,pending_gpu,
mazima,mazima,,Unknown,amazima,Luganda,92.3076923076923,amazima,Luganda,,0.0,,pending_gpu,
mazima,mazima,,Unknown,amazima,Luganda,92.3076923076923,amazima,Luganda,,0.0,,pending_gpu,
mazima,mazima,,Unknown,amazima,Luganda,92.3076923076923,amazima,Luganda,,0.0,,pending_gpu,
mazima,mazima,,Unknown,amazima,Luganda,92.3076923076923,amazima,Luganda,,0.0,,pending_gpu,
mazima,mazima,,Unknown,amazima,Luganda,92.3076923076923,amazima,Luganda,,0.0,,pending_gpu,
mazima,mazima,,Unknown,amazima,Luganda,92.3076923076923,amazima,Luganda,,0.0,,pending_gpu,
mazima,mazima,,Unknown,amazima,Luganda,92.3076923076923,amazima,Luganda,,0.0,,pending_gpu,
mazima,mazima,,Unknown,amazima,Luganda,92.3076923076923,amazima,Luganda,,0.0,,pending_gpu,
mazima,mazima,,Unknown,amazima,Luganda,92.3076923076923,amazima,Luganda,,0.0,,pending_gpu,
mazima,mazima,,Unknown,amazima,Luganda,92.3076923076923,amazima,Luganda,,0.0,,pending_gpu,
mazima,mazima,,Unknown,amazima,Luganda,92.3076923076923,amazima,Luganda,,0.0,,pending_gpu,
mazima,mazima,,Unknown,amazima,Luganda,92.3076923076923,amazima,Luganda,,0.0,,pending_gpu,
mazima,mazima,,Unknown,amazima,Luganda,92.3076923076923,amazima,Luganda,,0.0,,pending_gpu,
mazima,mazima,,Unknown,amazima,Luganda,92.3076923076923,amazima,Luganda,,0.0,,pending_gpu,
mazima,mazima,,Unknown,amazima,Luganda,92.3076923076923,amazima,Luganda,,0.0,,pending_gpu,
mazima,mazima,,Unknown,amazima,Luganda,92.3076923076923,amazima,Luganda,,0.0,,pending_gpu,
mazima,mazima,,Unknown,amazima,Luganda,92.3076923076923,amazima,Luganda,,0.0,,pending_gpu,
mazima,mazima,,Unknown,amazima,Luganda,92.3076923076923,amazima,Luganda,,0.0,,pending_gpu,
mazima,mazima,,Unknown,amazima,Luganda,92.3076923076923,amazima,Luganda,,0.0,,pending_gpu,
mazima,mazima,,Unknown,amazima,Luganda,92.3076923076923,amazima,Luganda,,0.0,,pending_gpu,
mazima,mazima,,Unknown,amazima,Luganda,92.3076923076923,amazima,Luganda,,0.0,,pending_gpu,
mazima,mazima,,Unknown,amazima,Luganda,92.3076923076923,amazima,Luganda,,0.0,,pending_gpu,
mazima,mazima,,Unknown,amazima,Luganda,92.3076923076923,amazima,Luganda,,0.0,,pending_gpu,
mazima,mazima,,Unknown,amazima,Luganda,92.3076923076923,amazima,Luganda,,0.0,,pending_gpu,
mazima,mazima,,Unknown,amazima,Luganda,92.3076923076923,amazima,Luganda,,0.0,,pending_gpu,
mazima,mazima,,Unknown,amazima,Luganda,92.3076923076923,amazima,Luganda,,0.0,,pending_gpu,
mazima,mazima,,Unknown,amazima,Luganda,92.3076923076923,amazima,Luganda,,0.0,,pending_gpu,
mazima,mazima,,Unknown,amazima,Luganda,92.3076923076923,amazima,Luganda,,0.0,,pending_gpu,
mazima,mazima,,Unknown,amazima,Luganda,92.3076923076923,amazima,Luganda,,0.0,,pending_gpu,
mazima,mazima,,Unknown,amazima,Luganda,92.3076923076923,amazima,Luganda,,0.0,,pending_gpu,
mazima,mazima,,Unknown,amazima,Luganda,92.3076923076923,amazima,Luganda,,0.0,,pending_gpu,
mazima,mazima,,Unknown,amazima,Luganda,92.3076923076923,amazima,Luganda,,0.0,,pending_gpu,
omulungi,omulungi,omulungi,Luganda,,,0.0,omulungi,Luganda,,0.0,,pending_gpu,
wange,wange,wange,Luganda,,,0.0,wange,Luganda,,0.0,,pending_gpu,
mazima,mazima,,Unknown,amazima,Luganda,92.3076923076923,amazima,Luganda,,0.0,,pending_gpu,
mazima,mazima,,Unknown,amazima,Luganda,92.3076923076923,amazima,Luganda,,0.0,,pending_gpu,
mazima,mazima,,Unknown,amazima,Luganda,92.3076923076923,amazima,Luganda,,0.0,,pending_gpu,
mazima,mazima,,Unknown,amazima,Luganda,92.3076923076923,amazima,Luganda,,0.0,,pending_gpu,
mazima,mazima,,Unknown,amazima,Luganda,92.3076923076923,amazima,Luganda,,0.0,,pending_gpu,
mazima,mazima,,Unknown,amazima,Luganda,92.3076923076923,amazima,Luganda,,0.0,,pending_gpu,
mazima,mazima,,Unknown,amazima,Luganda,92.3076923076923,amazima,Luganda,,0.0,,pending_gpu,
mazima,mazima,,Unknown,amazima,Luganda,92.3076923076923,amazima,Luganda,,0.0,,pending_gpu,
mazima,mazima,,Unknown,amazima,Luganda,92.3076923076923,amazima,Luganda,,0.0,,pending_gpu,
mazima,mazima,,Unknown,amazima,Luganda,92.3076923076923,amazima,Luganda,,0.0,,pending_gpu,
mazima,mazima,,Unknown,amazima,Luganda,92.3076923076923,amazima,Luganda,,0.0,,pending_gpu,
mazima,mazima,,Unknown,amazima,Luganda,92.3076923076923,amazima,Luganda,,0.0,,pending_gpu,
mazima,mazima,,Unknown,amazima,Luganda,92.3076923076923,amazima,Luganda,,0.0,,pending_gpu,
mazima,mazima,,Unknown,amazima,Luganda,92.3076923076923,amazima,Luganda,,0.0,,pending_gpu,
mazima,mazima,,Unknown,amazima,Luganda,92.3076923076923,amazima,Luganda,,0.0,,pending_gpu,
mazima,mazima,,Unknown,amazima,Luganda,92.3076923076923,amazima,Luganda,,0.0,,pending_gpu,
mazima,mazima,,Unknown,amazima,Luganda,92.3076923076923,amazima,Luganda,,0.0,,pending_gpu,
mazima,mazima,,Unknown,amazima,Luganda,92.3076923076923,amazima,Luganda,,0.0,,pending_gpu,
mazima,mazima,,Unknown,amazima,Luganda,92.3076923076923,amazima,Luganda,,0.0,,pending_gpu,
mazima,mazima,,Unknown,amazima,Luganda,92.3076923076923,amazima,Luganda,,0.0,,pending_gpu,
mazima,mazima,,Unknown,amazima,Luganda,92.3076923076923,amazima,Luganda,,0.0,,pending_gpu,
mazima,mazima,,Unknown,amazima,Luganda,92.3076923076923,amazima,Luganda,,0.0,,pending_gpu,
mazima,mazima,,Unknown,amazima,Luganda,92.3076923076923,amazima,Luganda,,0.0,,pending_gpu,
mazima,mazima,,Unknown,amazima,Luganda,92.3076923076923,amazima,Luganda,,0.0,,pending_gpu,
mazima,mazima,,Unknown,amazima,Luganda,92.3076923076923,amazima,Luganda,,0.0,,pending_gpu,
mazima,mazima,,Unknown,amazima,Luganda,92.3076923076923,amazima,Luganda,,0.0,,pending_gpu,
mazima,mazima,,Unknown,amazima,Luganda,92.3076923076923,amazima,Luganda,,0.0,,pending_gpu,
mazima,mazima,,Unknown,amazima,Luganda,92.3076923076923,amazima,Luganda,,0.0,,pending_gpu,
mazima,mazima,,Unknown,amazima,Luganda,92.3076923076923,amazima,Luganda,,0.0,,pending_gpu,
mazima,mazima,,Unknown,amazima,Luganda,92.3076923076923,amazima,Luganda,,0.0,,pending_gpu,
mazima,mazima,,Unknown,amazima,Luganda,92.3076923076923,amazima,Luganda,,0.0,,pending_gpu,
mazima,mazima,,Unknown,amazima,Luganda,92.3076923076923,amazima,Luganda,,0.0,,pending_gpu,
mazima,mazima,,Unknown,amazima,Luganda,92.3076923076923,amazima,Luganda,,0.0,,pending_gpu,
mazima,mazima,,Unknown,amazima,Luganda,92.3076923076923,amazima,Luganda,,0.0,,pending_gpu,
mazima,mazima,,Unknown,amazima,Luganda,92.3076923076923,amazima,Luganda,,0.0,,pending_gpu,
mazima,mazima,,Unknown,amazima,Luganda,92.3076923076923,amazima,Luganda,,0.0,,pending_gpu,
mazima,mazima,,Unknown,amazima,Luganda,92.3076923076923,amazima,Luganda,,0.0,,pending_gpu,
mazima,mazima,,Unknown,amazima,Luganda,92.3076923076923,amazima,Luganda,,0.0,,pending_gpu,
mazima,mazima,,Unknown,amazima,Luganda,92.3076923076923,amazima,Luganda,,0.0,,pending_gpu,
mazima,mazima,,Unknown,amazima,Luganda,92.3076923076923,amazima,Luganda,,0.0,,pending_gpu,
mazima,mazima,,Unknown,amazima,Luganda,92.3076923076923,amazima,Luganda,,0.0,,pending_gpu,
mazima,mazima,,Unknown,amazima,Luganda,92.3076923076923,amazima,Luganda,,0.0,,pending_gpu,
mazima,mazima,,Unknown,amazima,Luganda,92.3076923076923,amazima,Luganda,,0.0,,pending_gpu,
mazima,mazima,,Unknown,amazima,Luganda,92.3076923076923,amazima,Luganda,,0.0,,pending_gpu,
mazima,mazima,,Unknown,amazima,Luganda,92.3076923076923,amazima,Luganda,,0.0,,pending_gpu,
mazima,mazima,,Unknown,amazima,Luganda,92.3076923076923,amazima,Luganda,,0.0,,pending_gpu,
mazima,mazima,,Unknown,amazima,Luganda,92.3076923076923,amazima,Luganda,,0.0,,pending_gpu,
mazima,mazima,,Unknown,amazima,Luganda,92.3076923076923,amazima,Luganda,,0.0,,pending_gpu,
mazima,mazima,,Unknown,amazima,Luganda,92.3076923076923,amazima,Luganda,,0.0,,pending_gpu,
mazima,mazima,,Unknown,amazima,Luganda,92.3076923076923,amazima,Luganda,,0.0,,pending_gpu,
mazima,mazima,,Unknown,amazima,Luganda,92.3076923076923,amazima,Luganda,,0.0,,pending_gpu,
mazima,mazima,,Unknown,amazima,Luganda,92.3076923076923,amazima,Luganda,,0.0,,pending_gpu,
maziiima,maziiima,,Unknown,amazima,Luganda,80.0,amazima,Luganda,,0.0,,pending_gpu,
maziiima,maziiima,,Unknown,amazima,Luganda,80.0,amazima,Luganda,,0.0,,pending_gpu,
maziiima,maziiima,,Unknown,amazima,Luganda,80.0,amazima,Luganda,,0.0,,pending_gpu,
maziiima,maziiima,,Unknown,amazima,Luganda,80.0,amazima,Luganda,,0.0,,pending_gpu,
maziiima,maziiima,,Unknown,amazima,Luganda,80.0,amazima,Luganda,,0.0,,pending_gpu,
maziiima,maziiima,,Unknown,amazima,Luganda,80.0,amazima,Luganda,,0.0,,pending_gpu,
maziiima,maziiima,,Unknown,amazima,Luganda,80.0,amazima,Luganda,,0.0,,pending_gpu,
maziiima,maziiima,,Unknown,amazima,Luganda,80.0,amazima,Luganda,,0.0,,pending_gpu,
maziiima,maziiima,,Unknown,amazima,Luganda,80.0,amazima,Luganda,,0.0,,pending_gpu,
maziiima,maziiima,,Unknown,amazima,Luganda,80.0,amazima,Luganda,,0.0,,pending_gpu,
maziiima,maziiima,,Unknown,amazima,Luganda,80.0,amazima,Luganda,,0.0,,pending_gpu,
maziiima,maziiima,,Unknown,amazima,Luganda,80.0,amazima,Luganda,,0.0,,pending_gpu,
Oba,oba,Oba,Luganda,,,0.0,Oba,Luganda,,0.0,,pending_gpu,
kayina,kayina,kayina,Luganda,,,0.0,kayina,Luganda,,0.0,,pending_gpu,
oliwadala,oliwadala,,Unknown,olwaala,Luganda,87.5,olwaala,Luganda,,0.0,,pending_gpu,
webale,webale,webale,Luganda,,,0.0,webale,Luganda,,0.0,,pending_gpu,
kuyamba,kuyamba,kuyamba,Luganda,,,0.0,kuyamba,Luganda,,0.0,,pending_gpu,
mwana,mwana,mwana,Luganda,,,0.0,mwana,Luganda,,0.0,,pending_gpu,
maziima,maziima,,Unknown,amazima,Luganda,85.71428571428572,amazima,Luganda,,0.0,,pending_gpu,
mwana,mwana,mwana,Luganda,,,0.0,mwana,Luganda,,0.0,,pending_gpu,
omwana,omwana,omwana,Luganda,,,0.0,omwana,Luganda,,0.0,,pending_gpu,
oluyimba,oluyimba,oluyimba,Luganda,,,0.0,oluyimba,Luganda,,0.0,,pending_gpu,
lwange,lwange,,Unknown,wange,Luganda,90.9090909090909,wange,Luganda,,0.0,,pending_gpu,
wange,wange,wange,Luganda,,,0.0,wange,Luganda,,0.0,,pending_gpu,
luweero,luweero,,Unknown,fuluweero,Luganda,87.5,fuluweero,Luganda,,0.0,,pending_gpu,
mwana,mwana,mwana,Luganda,,,0.0,mwana,Luganda,,0.0,,pending_gpu,
naye,naye,naye,Luganda,,,0.0,naye,Luganda,,0.0,,pending_gpu,
tukubanja,tukubanja,,Unknown,okubanja,Luganda,82.35294117647058,okubanja,Luganda,,0.0,,pending_gpu,
mwana,mwana,mwana,Luganda,,,0.0,mwana,Luganda,,0.0,,pending_gpu,
wange,wange,wange,Luganda,,,0.0,wange,Luganda,,0.0,,pending_gpu,
luweero,luweero,,Unknown,fuluweero,Luganda,87.5,fuluweero,Luganda,,0.0,,pending_gpu,
mwana,mwana,mwana,Luganda,,,0.0,mwana,Luganda,,0.0,,pending_gpu,
muwe,muwe,,Unknown,omunwe,Luganda,80.0,omunwe,Luganda,,0.0,,pending_gpu,
amasanyalaze,amasanyalaze,amasanyalaze,Luganda,,,0.0,amasanyalaze,Luganda,,0.0,,pending_gpu,
ssebo,ssebo,ssebo,Luganda,,,0.0,ssebo,Luganda,,0.0,,pending_gpu,
nyo,nyo,,Unknown,nnyo,Luganda,85.71428571428572,nnyo,Luganda,,0.0,,pending_gpu,
oliyimba,oliyimba,,Unknown,oluyimba,Luganda,87.5,oluyimba,Luganda,,0.0,,pending_gpu,
lwange,lwange,,Unknown,wange,Luganda,90.9090909090909,wange,Luganda,,0.0,,pending_gpu,
mwana,mwana,mwana,Luganda,,,0.0,mwana,Luganda,,0.0,,pending_gpu,
mukama,mukama,mukama,Luganda,,,0.0,mukama,Luganda,,0.0,,pending_gpu,
taata,taata,taata,Luganda,,,0.0,taata,Luganda,,0.0,,pending_gpu,
maama,maama,maama,Luganda,,,0.0,maama,Luganda,,0.0,,pending_gpu,
mirembe,mirembe,,Unknown,emirembe,Luganda,93.33333333333333,emirembe,Luganda,,0.0,,pending_gpu,
mirembe,mirembe,,Unknown,emirembe,Luganda,93.33333333333333,emirembe,Luganda,,0.0,,pending_gpu,
kamuli,kamuli,,Unknown,akamuli,Luganda,92.3076923076923,akamuli,Luganda,,0.0,,pending_gpu,
",naye",",naye",,Unknown,naye,Luganda,88.88888888888889,naye,Luganda,,0.0,,pending_gpu,
mazima,mazima,,Unknown,amazima,Luganda,92.3076923076923,amazima,Luganda,,0.0,,pending_gpu,
musajja,musajja,,Unknown,omusajja,Luganda,93.33333333333333,omusajja,Luganda,,0.0,,pending_gpu,
gwe,gwe,gwe,Luganda,,,0.0,gwe,Luganda,,0.0,,pending_gpu,
kwesiva,kwesiva,,Unknown,okwesiga,Luganda,80.0,okwesiga,Luganda,,0.0,,pending_gpu,
kubawo,kubawo,,Unknown,okubawo,Luganda,92.3076923076923,okubawo,Luganda,,0.0,,pending_gpu,
nnyo,nnyo,nnyo,Luganda,,,0.0,nnyo,Luganda,,0.0,,pending_gpu,
awo,awo,awo,Luganda,,,0.0,awo,Luganda,,0.0,,pending_gpu,
mazima,mazima,,Unknown,amazima,Luganda,92.3076923076923,amazima,Luganda,,0.0,,pending_gpu,
mazima,mazima,,Unknown,amazima,Luganda,92.3076923076923,amazima,Luganda,,0.0,,pending_gpu,
okitegera,okitegera,,Unknown,okutegera,Luganda,88.88888888888889,okutegera,Luganda,,0.0,,pending_gpu,
mazima,mazima,,Unknown,amazima,Luganda,92.3076923076923,amazima,Luganda,,0.0,,pending_gpu,
mazima,mazima,,Unknown,amazima,Luganda,92.3076923076923,amazima,Luganda,,0.0,,pending_gpu,
mazima,mazima,,Unknown,amazima,Luganda,92.3076923076923,amazima,Luganda,,0.0,,pending_gpu,
manzima,manzima,,Unknown,amazima,Luganda,85.71428571428572,amazima,Luganda,,0.0,,pending_gpu,
kituufu,kituufu,kituufu,Luganda,,,0.0,kituufu,Luganda,,0.0,,pending_gpu,
mazima,mazima,,Unknown,amazima,Luganda,92.3076923076923,amazima,Luganda,,0.0,,pending_gpu,
mazima,mazima,,Unknown,amazima,Luganda,92.3076923076923,amazima,Luganda,,0.0,,pending_gpu,
mazima,mazima,,Unknown,amazima,Luganda,92.3076923076923,amazima,Luganda,,0.0,,pending_gpu,
mazima,mazima,,Unknown,amazima,Luganda,92.3076923076923,amazima,Luganda,,0.0,,pending_gpu,
Amazima,amazima,Amazima,Luganda,,,0.0,Amazima,Luganda,,0.0,,pending_gpu,
mazima,mazima,,Unknown,amazima,Luganda,92.3076923076923,amazima,Luganda,,0.0,,pending_gpu,
mazima,mazima,,Unknown,amazima,Luganda,92.3076923076923,amazima,Luganda,,0.0,,pending_gpu,
mazima,mazima,,Unknown,amazima,Luganda,92.3076923076923,amazima,Luganda,,0.0,,pending_gpu,
mazima,mazima,,Unknown,amazima,Luganda,92.3076923076923,amazima,Luganda,,0.0,,pending_gpu,
mazima,mazima,,Unknown,amazima,Luganda,92.3076923076923,amazima,Luganda,,0.0,,pending_gpu,
mazima,mazima,,Unknown,amazima,Luganda,92.3076923076923,amazima,Luganda,,0.0,,pending_gpu,
Mazima,mazima,,Unknown,amazima,Luganda,92.3076923076923,amazima,Luganda,,0.0,,pending_gpu,
mazimaa,mazimaa,,Unknown,amazima,Luganda,85.71428571428572,amazima,Luganda,,0.0,,pending_gpu,
mazima,mazima,,Unknown,amazima,Luganda,92.3076923076923,amazima,Luganda,,0.0,,pending_gpu,
Wano,wano,Wano,Luganda,,,0.0,Wano,Luganda,,0.0,,pending_gpu,
Mazima,mazima,,Unknown,amazima,Luganda,92.3076923076923,amazima,Luganda,,0.0,,pending_gpu,
Mazima,mazima,,Unknown,amazima,Luganda,92.3076923076923,amazima,Luganda,,0.0,,pending_gpu,
mazima,mazima,,Unknown,amazima,Luganda,92.3076923076923,amazima,Luganda,,0.0,,pending_gpu,
mazima,mazima,,Unknown,amazima,Luganda,92.3076923076923,amazima,Luganda,,0.0,,pending_gpu,
kyekyo,kyekyo,,Unknown,ekyo,Luganda,80.0,ekyo,Luganda,,0.0,,pending_gpu,
naye,naye,naye,Luganda,,,0.0,naye,Luganda,,0.0,,pending_gpu,
owa,owa,owa,Luganda,,,0.0,owa,Luganda,,0.0,,pending_gpu,
Mazima,mazima,,Unknown,amazima,Luganda,92.3076923076923,amazima,Luganda,,0.0,,pending_gpu,
okitegera,okitegera,,Unknown,okutegera,Luganda,88.88888888888889,okutegera,Luganda,,0.0,,pending_gpu,
webale,webale,webale,Luganda,,,0.0,webale,Luganda,,0.0,,pending_gpu,
nyo,nyo,,Unknown,nnyo,Luganda,85.71428571428572,nnyo,Luganda,,0.0,,pending_gpu,
kutwagala,kutwagala,,Unknown,okutagala,Luganda,88.88888888888889,okutagala,Luganda,,0.0,,pending_gpu,
mazima,mazima,,Unknown,amazima,Luganda,92.3076923076923,amazima,Luganda,,0.0,,pending_gpu,
wange,wange,wange,Luganda,,,0.0,wange,Luganda,,0.0,,pending_gpu,
Mazima.,mazima.,,Unknown,amazima,Luganda,85.71428571428572,amazima,Luganda,,0.0,,pending_gpu,
mazima,mazima,,Unknown,amazima,Luganda,92.3076923076923,amazima,Luganda,,0.0,,pending_gpu,
okyitegera,okyitegera,,Unknown,okutegera,Luganda,84.21052631578947,okutegera,Luganda,,0.0,,pending_gpu,
mazima,mazima,,Unknown,amazima,Luganda,92.3076923076923,amazima,Luganda,,0.0,,pending_gpu,
abakazi,abakazi,,Unknown,akakazi,Luganda,85.71428571428572,akakazi,Luganda,,0.0,,pending_gpu,
mwana,mwana,mwana,Luganda,,,0.0,mwana,Luganda,,0.0,,pending_gpu,
owa,owa,owa,Luganda,,,0.0,owa,Luganda,,0.0,,pending_gpu,
naye,naye,naye,Luganda,,,0.0,naye,Luganda,,0.0,,pending_gpu,
Yuma,yuma,,Unknown,kyuma,Luganda,88.88888888888889,kyuma,Luganda,,0.0,,pending_gpu,
kitufu,kitufu,,Unknown,ekitufu,Luganda,92.3076923076923,ekitufu,Luganda,,0.0,,pending_gpu,
ekunoonya..,ekunoonya..,,Unknown,okunoonya,Luganda,80.0,okunoonya,Luganda,,0.0,,pending_gpu,
kumwana,kumwana,,Unknown,kulwana,Luganda,85.71428571428572,kulwana,Luganda,,0.0,,pending_gpu,
olabika,olabika,,Unknown,okulabika,Luganda,87.5,okulabika,Luganda,,0.0,,pending_gpu,
mwana,mwana,mwana,Luganda,,,0.0,mwana,Luganda,,0.0,,pending_gpu,
enjala,enjala,enjala,Luganda,,,0.0,enjala,Luganda,,0.0,,pending_gpu,
Naye,naye,Naye,Luganda,,,0.0,Naye,Luganda,,0.0,,pending_gpu,
maama,maama,maama,Luganda,,,0.0,maama,Luganda,,0.0,,pending_gpu,
kisenyi,kisenyi,,Unknown,ekisanyi,Luganda,80.0,ekisanyi,Luganda,,0.0,,pending_gpu,
abasajja,abasajja,,Unknown,basajja,Luganda,93.33333333333333,basajja,Luganda,,0.0,,pending_gpu,
enanansi,enanansi,,Unknown,enanaansi,Luganda,94.11764705882352,enanaansi,Luganda,,0.0,,pending_gpu,
ku,ku,ku,Luganda,,,0.0,ku,Luganda,,0.0,,pending_gpu,
Jjaajja,jjaajja,,Unknown,jjajja,Luganda,92.3076923076923,jjajja,Luganda,,0.0,,pending_gpu,
naye,naye,naye,Luganda,,,0.0,naye,Luganda,,0.0,,pending_gpu,
sente,sente,sente,Luganda,,,0.0,sente,Luganda,,0.0,,pending_gpu,
luganda,luganda,,Unknown,oluganda,Luganda,93.33333333333333,oluganda,Luganda,,0.0,,pending_gpu,
ngali,ngali,,Unknown,ngaali,Luganda,90.9090909090909,ngaali,Luganda,,0.0,,pending_gpu,
Ku,ku,Ku,Luganda,,,0.0,Ku,Luganda,,0.0,,pending_gpu,
yomukazi,yomukazi,,Unknown,omukazi,Luganda,93.33333333333333,omukazi,Luganda,,0.0,,pending_gpu,
Omwana,omwana,Omwana,Luganda,,,0.0,Omwana,Luganda,,0.0,,pending_gpu,
Omwana,omwana,Omwana,Luganda,,,0.0,Omwana,Luganda,,0.0,,pending_gpu,
Luzzi,luzzi,,Unknown,oluzzi,Luganda,90.9090909090909,oluzzi,Luganda,,0.0,,pending_gpu,
Gulu,gulu,Gulu,Luganda,,,0.0,Gulu,Luganda,,0.0,,pending_gpu,
mazima,mazima,,Unknown,amazima,Luganda,92.3076923076923,amazima,Luganda,,0.0,,pending_gpu,
musiru,musiru,musiru,Luganda,,,0.0,musiru,Luganda,,0.0,,pending_gpu,
gwe,gwe,gwe,Luganda,,,0.0,gwe,Luganda,,0.0,,pending_gpu,
mazimaa,mazimaa,,Unknown,amazima,Luganda,85.71428571428572,amazima,Luganda,,0.0,,pending_gpu,
oluvanyuma,oluvanyuma,oluvanyuma,Luganda,,,0.0,oluvanyuma,Luganda,,0.0,,pending_gpu,
naye,naye,naye,Luganda,,,0.0,naye,Luganda,,0.0,,pending_gpu,
naye,naye,naye,Luganda,,,0.0,naye,Luganda,,0.0,,pending_gpu,
Mazima,mazima,,Unknown,amazima,Luganda,92.3076923076923,amazima,Luganda,,0.0,,pending_gpu,
bulungi,bulungi,bulungi,Luganda,,,0.0,bulungi,Luganda,,0.0,,pending_gpu,
mazima,mazima,,Unknown,amazima,Luganda,92.3076923076923,amazima,Luganda,,0.0,,pending_gpu,
kwesiva,kwesiva,,Unknown,okwesiga,Luganda,80.0,okwesiga,Luganda,,0.0,,pending_gpu,
mazima,mazima,,Unknown,amazima,Luganda,92.3076923076923,amazima,Luganda,,0.0,,pending_gpu,
onyumira,onyumira,,Unknown,okunyumirwa,Luganda,84.21052631578947,okunyumirwa,Luganda,,0.0,,pending_gpu,
mazima,mazima,,Unknown,amazima,Luganda,92.3076923076923,amazima,Luganda,,0.0,,pending_gpu,
naye,naye,naye,Luganda,,,0.0,naye,Luganda,,0.0,,pending_gpu,
ku,ku,ku,Luganda,,,0.0,ku,Luganda,,0.0,,pending_gpu,
naye,naye,naye,Luganda,,,0.0,naye,Luganda,,0.0,,pending_gpu,
kalungi,kalungi,,Unknown,kilungi,Luganda,85.71428571428572,kilungi,Luganda,,0.0,,pending_gpu,
oba,oba,oba,Luganda,,,0.0,oba,Luganda,,0.0,,pending_gpu,
mazima,mazima,,Unknown,amazima,Luganda,92.3076923076923,amazima,Luganda,,0.0,,pending_gpu,
mazima,mazima,,Unknown,amazima,Luganda,92.3076923076923,amazima,Luganda,,0.0,,pending_gpu,
naye,naye,naye,Luganda,,,0.0,naye,Luganda,,0.0,,pending_gpu,
eyo,eyo,eyo,Luganda,,,0.0,eyo,Luganda,,0.0,,pending_gpu,
mazima,mazima,,Unknown,amazima,Luganda,92.3076923076923,amazima,Luganda,,0.0,,pending_gpu,
kojja,kojja,kojja,Luganda,,,0.0,kojja,Luganda,,0.0,,pending_gpu,
naye,naye,naye,Luganda,,,0.0,naye,Luganda,,0.0,,pending_gpu,
mwana,mwana,mwana,Luganda,,,0.0,mwana,Luganda,,0.0,,pending_gpu,
okolera,okolera,,Unknown,okuwolera,Luganda,87.5,okuwolera,Luganda,,0.0,,pending_gpu,
olunaku,olunaku,olunaku,Luganda,,,0.0,olunaku,Luganda,,0.0,,pending_gpu,
wange,wange,wange,Luganda,,,0.0,wange,Luganda,,0.0,,pending_gpu,
nayeee,nayeee,,Unknown,naye,Luganda,80.0,naye,Luganda,,0.0,,pending_gpu,
Nsumba,nsumba,,Unknown,ensuma,Luganda,83.33333333333334,ensuma,Luganda,,0.0,,pending_gpu,
kalanzi,kalanzi,,Unknown,kalaani,Luganda,85.71428571428572,kalaani,Luganda,,0.0,,pending_gpu,
nsumba,nsumba,,Unknown,ensuma,Luganda,83.33333333333334,ensuma,Luganda,,0.0,,pending_gpu,
kalanzi,kalanzi,,Unknown,kalaani,Luganda,85.71428571428572,kalaani,Luganda,,0.0,,pending_gpu,
matovu,matovu,,Unknown,matu,Luganda,80.0,matu,Luganda,,0.0,,pending_gpu,
buddu,buddu,,Unknown,obuddu,Luganda,90.9090909090909,obuddu,Luganda,,0.0,,pending_gpu,
wamanyi,wamanyi,,Unknown,amanyi,Luganda,92.3076923076923,amanyi,Luganda,,0.0,,pending_gpu,
nti,nti,nti,Luganda,,,0.0,nti,Luganda,,0.0,,pending_gpu,
ku,ku,ku,Luganda,,,0.0,ku,Luganda,,0.0,,pending_gpu,
Kalanzi,kalanzi,,Unknown,kalaani,Luganda,85.71428571428572,kalaani,Luganda,,0.0,,pending_gpu,
Akabbozi,akabbozi,,Unknown,akayozi,Luganda,80.0,akayozi,Luganda,,0.0,,pending_gpu,
nedda,nedda,nedda,Luganda,,,0.0,nedda,Luganda,,0.0,,pending_gpu,
sebbo,sebbo,,Unknown,ssebo,Luganda,80.0,ssebo,Luganda,,0.0,,pending_gpu,
oyo,oyo,oyo,Luganda,,,0.0,oyo,Luganda,,0.0,,pending_gpu,
ejja,ejja,,Unknown,lejja,Luganda,88.88888888888889,lejja,Luganda,,0.0,,pending_gpu,
ku,ku,ku,Luganda,,,0.0,ku,Luganda,,0.0,,pending_gpu,
kalanzi,kalanzi,,Unknown,kalaani,Luganda,85.71428571428572,kalaani,Luganda,,0.0,,pending_gpu,
kalanzi,kalanzi,,Unknown,kalaani,Luganda,85.71428571428572,kalaani,Luganda,,0.0,,pending_gpu,
kwesiva,kwesiva,,Unknown,okwesiga,Luganda,80.0,okwesiga,Luganda,,0.0,,pending_gpu,
kwesiva,kwesiva,,Unknown,okwesiga,Luganda,80.0,okwesiga,Luganda,,0.0,,pending_gpu,
nze,nze,nze,Luganda,,,0.0,nze,Luganda,,0.0,,pending_gpu,
ku,ku,ku,Luganda,,,0.0,ku,Luganda,,0.0,,pending_gpu,
masanyalaze,masanyalaze,,Unknown,amasanyalaze,Luganda,95.65217391304348,amasanyalaze,Luganda,,0.0,,pending_gpu,
kwesiva,kwesiva,,Unknown,okwesiga,Luganda,80.0,okwesiga,Luganda,,0.0,,pending_gpu,
nze,nze,nze,Luganda,,,0.0,nze,Luganda,,0.0,,pending_gpu,
ku,ku,ku,Luganda,,,0.0,ku,Luganda,,0.0,,pending_gpu,
masanyalaze,masanyalaze,,Unknown,amasanyalaze,Luganda,95.65217391304348,amasanyalaze,Luganda,,0.0,,pending_gpu,
kwesiva,kwesiva,,Unknown,okwesiga,Luganda,80.0,okwesiga,Luganda,,0.0,,pending_gpu,
kalanzi,kalanzi,,Unknown,kalaani,Luganda,85.71428571428572,kalaani,Luganda,,0.0,,pending_gpu,
kwesiva,kwesiva,,Unknown,okwesiga,Luganda,80.0,okwesiga,Luganda,,0.0,,pending_gpu,
nsumba,nsumba,,Unknown,ensuma,Luganda,83.33333333333334,ensuma,Luganda,,0.0,,pending_gpu,
omusipana,omusipana,,Unknown,omusana,Luganda,87.5,omusana,Luganda,,0.0,,pending_gpu,
nsumba,nsumba,,Unknown,ensuma,Luganda,83.33333333333334,ensuma,Luganda,,0.0,,pending_gpu,
Kalanzi,kalanzi,,Unknown,kalaani,Luganda,85.71428571428572,kalaani,Luganda,,0.0,,pending_gpu,
Akaboozi,akaboozi,,Unknown,akajjoozi,Luganda,82.35294117647058,akajjoozi,Luganda,,0.0,,pending_gpu,
Masanyalaze,masanyalaze,,Unknown,amasanyalaze,Luganda,95.65217391304348,amasanyalaze,Luganda,,0.0,,pending_gpu,
Ssbo,ssbo,,Unknown,ssebo,Luganda,88.88888888888889,ssebo,Luganda,,0.0,,pending_gpu,
Ssebo,ssebo,Ssebo,Luganda,,,0.0,Ssebo,Luganda,,0.0,,pending_gpu,
Kalanzi,kalanzi,,Unknown,kalaani,Luganda,85.71428571428572,kalaani,Luganda,,0.0,,pending_gpu,
"luganda,","luganda,",,Unknown,oluganda,Luganda,87.5,oluganda,Luganda,,0.0,,pending_gpu,
Ssbo,ssbo,,Unknown,ssebo,Luganda,88.88888888888889,ssebo,Luganda,,0.0,,pending_gpu,
Ssebo,ssebo,Ssebo,Luganda,,,0.0,Ssebo,Luganda,,0.0,,pending_gpu,
Kalanzi,kalanzi,,Unknown,kalaani,Luganda,85.71428571428572,kalaani,Luganda,,0.0,,pending_gpu,
Matovu,matovu,,Unknown,matu,Luganda,80.0,matu,Luganda,,0.0,,pending_gpu,
buddu,buddu,,Unknown,obuddu,Luganda,90.9090909090909,obuddu,Luganda,,0.0,,pending_gpu,
omutabizi,omutabizi,,Unknown,omulabirizi,Luganda,80.0,omulabirizi,Luganda,,0.0,,pending_gpu,
nsumba,nsumba,,Unknown,ensuma,Luganda,83.33333333333334,ensuma,Luganda,,0.0,,pending_gpu,
kiibi,kiibi,,Unknown,kibi,Luganda,88.88888888888889,kibi,Luganda,,0.0,,pending_gpu,
dakiika,dakiika,,Unknown,eddakiika,Luganda,87.5,eddakiika,Luganda,,0.0,,pending_gpu,
masanyalaze,masanyalaze,,Unknown,amasanyalaze,Luganda,95.65217391304348,amasanyalaze,Luganda,,0.0,,pending_gpu,
Kalanzi,kalanzi,,Unknown,kalaani,Luganda,85.71428571428572,kalaani,Luganda,,0.0,,pending_gpu,
kalanzi,kalanzi,,Unknown,kalaani,Luganda,85.71428571428572,kalaani,Luganda,,0.0,,pending_gpu,
kwesiva,kwesiva,,Unknown,okwesiga,Luganda,80.0,okwesiga,Luganda,,0.0,,pending_gpu,
Kalanzi,kalanzi,,Unknown,kalaani,Luganda,85.71428571428572,kalaani,Luganda,,0.0,,pending_gpu,
mugwano,mugwano,,Unknown,omukwano,Luganda,80.0,omukwano,Luganda,,0.0,,pending_gpu,
bugrere,bugrere,,Unknown,oburere,Luganda,85.71428571428572,oburere,Luganda,,0.0,,pending_gpu,
omusipana,omusipana,,Unknown,omusana,Luganda,87.5,omusana,Luganda,,0.0,,pending_gpu,
Kabaka,kabaka,Kabaka,Luganda,,,0.0,Kabaka,Luganda,,0.0,,pending_gpu,
nsumba,nsumba,,Unknown,ensuma,Luganda,83.33333333333334,ensuma,Luganda,,0.0,,pending_gpu,
kalanzi,kalanzi,,Unknown,kalaani,Luganda,85.71428571428572,kalaani,Luganda,,0.0,,pending_gpu,
abasajja,abasajja,,Unknown,basajja,Luganda,93.33333333333333,basajja,Luganda,,0.0,,pending_gpu,
ku,ku,ku,Luganda,,,0.0,ku,Luganda,,0.0,,pending_gpu,
buddu,buddu,,Unknown,obuddu,Luganda,90.9090909090909,obuddu,Luganda,,0.0,,pending_gpu,
ku,ku,ku,Luganda,,,0.0,ku,Luganda,,0.0,,pending_gpu,
Oli,oli,Oli,Luganda,,,0.0,Oli,Luganda,,0.0,,pending_gpu,
mulwadde,mulwadde,,Unknown,omulwadde,Luganda,94.11764705882352,omulwadde,Luganda,,0.0,,pending_gpu,
Akaawooma,akaawooma,,Unknown,akaama,Luganda,80.0,akaama,Luganda,,0.0,,pending_gpu,
"luganda,","luganda,",,Unknown,oluganda,Luganda,87.5,oluganda,Luganda,,0.0,,pending_gpu,
ku,ku,ku,Luganda,,,0.0,ku,Luganda,,0.0,,pending_gpu,
ku,ku,ku,Luganda,,,0.0,ku,Luganda,,0.0,,pending_gpu,
nedda,nedda,nedda,Luganda,,,0.0,nedda,Luganda,,0.0,,pending_gpu,
sebo,sebo,,Unknown,ssebo,Luganda,88.88888888888889,ssebo,Luganda,,0.0,,pending_gpu,
kimere,kimere,,Unknown,kimera,Luganda,83.33333333333334,kimera,Luganda,,0.0,,pending_gpu,
kalanzi,kalanzi,,Unknown,kalaani,Luganda,85.71428571428572,kalaani,Luganda,,0.0,,pending_gpu,
kyambadde,kyambadde,,Unknown,ekyambadde,Luganda,94.73684210526316,ekyambadde,Luganda,,0.0,,pending_gpu,
mwana,mwana,mwana,Luganda,,,0.0,mwana,Luganda,,0.0,,pending_gpu,
Matovu,matovu,,Unknown,matu,Luganda,80.0,matu,Luganda,,0.0,,pending_gpu,
buddu,buddu,,Unknown,obuddu,Luganda,90.9090909090909,obuddu,Luganda,,0.0,,pending_gpu,
kalanzi,kalanzi,,Unknown,kalaani,Luganda,85.71428571428572,kalaani,Luganda,,0.0,,pending_gpu,
kyambadde,kyambadde,,Unknown,ekyambadde,Luganda,94.73684210526316,ekyambadde,Luganda,,0.0,,pending_gpu,
nsumba,nsumba,,Unknown,ensuma,Luganda,83.33333333333334,ensuma,Luganda,,0.0,,pending_gpu,
nsumba,nsumba,,Unknown,ensuma,Luganda,83.33333333333334,ensuma,Luganda,,0.0,,pending_gpu,
ku,ku,ku,Luganda,,,0.0,ku,Luganda,,0.0,,pending_gpu,
ndala,ndala,,Unknown,endala,Luganda,90.9090909090909,endala,Luganda,,0.0,,pending_gpu,
Ddungu,ddungu,,Unknown,eddungu,Luganda,92.3076923076923,eddungu,Luganda,,0.0,,pending_gpu,
birimunda,birimunda,,Unknown,ekirimunda,Luganda,84.21052631578947,ekirimunda,Luganda,,0.0,,pending_gpu,
Naye,naye,Naye,Luganda,,,0.0,Naye,Luganda,,0.0,,pending_gpu,
ku,ku,ku,Luganda,,,0.0,ku,Luganda,,0.0,,pending_gpu,
mukulu,mukulu,,Unknown,omukulu,Luganda,92.3076923076923,omukulu,Luganda,,0.0,,pending_gpu,
"masanyala,e","masanyala,e",,Unknown,amasanyalaze,Luganda,86.95652173913044,amasanyalaze,Luganda,,0.0,,pending_gpu,
masanyalaze,masanyalaze,,Unknown,amasanyalaze,Luganda,95.65217391304348,amasanyalaze,Luganda,,0.0,,pending_gpu,
ku,ku,ku,Luganda,,,0.0,ku,Luganda,,0.0,,pending_gpu,
omupira,omupira,,Unknown,omupiira,Luganda,93.33333333333333,omupiira,Luganda,,0.0,,pending_gpu,
katimba.,katimba.,,Unknown,akatimba,Luganda,87.5,akatimba,Luganda,,0.0,,pending_gpu,
Nsumba,nsumba,,Unknown,ensuma,Luganda,83.33333333333334,ensuma,Luganda,,0.0,,pending_gpu,
oyo,oyo,oyo,Luganda,,,0.0,oyo,Luganda,,0.0,,pending_gpu,
@Ddungu,@ddungu,,Unknown,eddungu,Luganda,85.71428571428572,eddungu,Luganda,,0.0,,pending_gpu,
Myke,myke,,Unknown,mye,Luganda,85.71428571428572,mye,Luganda,,0.0,,pending_gpu,
Nsumba,nsumba,,Unknown,ensuma,Luganda,83.33333333333334,ensuma,Luganda,,0.0,,pending_gpu,
Nsumba,nsumba,,Unknown,ensuma,Luganda,83.33333333333334,ensuma,Luganda,,0.0,,pending_gpu,
Nsumba,nsumba,,Unknown,ensuma,Luganda,83.33333333333334,ensuma,Luganda,,0.0,,pending_gpu,
Masanyalaze,masanyalaze,,Unknown,amasanyalaze,Luganda,95.65217391304348,amasanyalaze,Luganda,,0.0,,pending_gpu,
@omusipana,@omusipana,,Unknown,omusana,Luganda,82.35294117647058,omusana,Luganda,,0.0,,pending_gpu,
mulalamu,mulalamu,,Unknown,omulalu,Luganda,80.0,omulalu,Luganda,,0.0,,pending_gpu,
ku,ku,ku,Luganda,,,0.0,ku,Luganda,,0.0,,pending_gpu,
Owa,owa,Owa,Luganda,,,0.0,Owa,Luganda,,0.0,,pending_gpu,
Masanyalaze,masanyalaze,,Unknown,amasanyalaze,Luganda,95.65217391304348,amasanyalaze,Luganda,,0.0,,pending_gpu,
Kabaka,kabaka,Kabaka,Luganda,,,0.0,Kabaka,Luganda,,0.0,,pending_gpu,
Ddungu,ddungu,,Unknown,eddungu,Luganda,92.3076923076923,eddungu,Luganda,,0.0,,pending_gpu,
luganda,luganda,,Unknown,oluganda,Luganda,93.33333333333333,oluganda,Luganda,,0.0,,pending_gpu,
muko,muko,,Unknown,omuko,Luganda,88.88888888888889,omuko,Luganda,,0.0,,pending_gpu,
mazima,mazima,,Unknown,amazima,Luganda,92.3076923076923,amazima,Luganda,,0.0,,pending_gpu,
naye,naye,naye,Luganda,,,0.0,naye,Luganda,,0.0,,pending_gpu,
naye,naye,naye,Luganda,,,0.0,naye,Luganda,,0.0,,pending_gpu,
wano,wano,wano,Luganda,,,0.0,wano,Luganda,,0.0,,pending_gpu,
wange,wange,wange,Luganda,,,0.0,wange,Luganda,,0.0,,pending_gpu,
sambula,sambula,,Unknown,kasambula,Luganda,87.5,kasambula,Luganda,,0.0,,pending_gpu,
Mazima,mazima,,Unknown,amazima,Luganda,92.3076923076923,amazima,Luganda,,0.0,,pending_gpu,
jjaja,jjaja,,Unknown,jjajja,Luganda,90.9090909090909,jjajja,Luganda,,0.0,,pending_gpu,
ekitiibya,ekitiibya,,Unknown,ekitiibwa,Luganda,88.88888888888889,ekitiibwa,Luganda,,0.0,,pending_gpu,
Dhakaba,dhakaba,,Unknown,akaba,Luganda,83.33333333333334,akaba,Luganda,,0.0,,pending_gpu,
oyo,oyo,oyo,Luganda,,,0.0,oyo,Luganda,,0.0,,pending_gpu,
musiru,musiru,musiru,Luganda,,,0.0,musiru,Luganda,,0.0,,pending_gpu,
nyo,nyo,,Unknown,nnyo,Luganda,85.71428571428572,nnyo,Luganda,,0.0,,pending_gpu,
nga,nga,nga,Luganda,,,0.0,nga,Luganda,,0.0,,pending_gpu,
ku,ku,ku,Luganda,,,0.0,ku,Luganda,,0.0,,pending_gpu,
kapiira,kapiira,,Unknown,akapiira,Luganda,93.33333333333333,akapiira,Luganda,,0.0,,pending_gpu,
kutuuka,kutuuka,,Unknown,okutuuka,Luganda,93.33333333333333,okutuuka,Luganda,,0.0,,pending_gpu,
oba,oba,oba,Luganda,,,0.0,oba,Luganda,,0.0,,pending_gpu,
kumuluka,kumuluka,,Unknown,okululuka,Luganda,82.35294117647058,okululuka,Luganda,,0.0,,pending_gpu,
naye,naye,naye,Luganda,,,0.0,naye,Luganda,,0.0,,pending_gpu,
akategera,akategera,,Unknown,atategeera,Luganda,84.21052631578947,atategeera,Luganda,,0.0,,pending_gpu,
enyo,enyo,enyo,Luganda,,,0.0,enyo,Luganda,,0.0,,pending_gpu,
ogenda,ogenda,,Unknown,okugenda,Luganda,85.71428571428572,okugenda,Luganda,,0.0,,pending_gpu,
oli,oli,oli,Luganda,,,0.0,oli,Luganda,,0.0,,pending_gpu,
nga,nga,nga,Luganda,,,0.0,nga,Luganda,,0.0,,pending_gpu,
takubila,takubila,,Unknown,kubila,Luganda,85.71428571428572,kubila,Luganda,,0.0,,pending_gpu,
naye,naye,naye,Luganda,,,0.0,naye,Luganda,,0.0,,pending_gpu,
nga,nga,nga,Luganda,,,0.0,nga,Luganda,,0.0,,pending_gpu,
omussambi,omussambi,,Unknown,omuyambi,Luganda,82.35294117647058,omuyambi,Luganda,,0.0,,pending_gpu,
wano,wano,wano,Luganda,,,0.0,wano,Luganda,,0.0,,pending_gpu,
Oyo,oyo,Oyo,Luganda,,,0.0,Oyo,Luganda,,0.0,,pending_gpu,
nsaasira,nsaasira,,Unknown,ensaasi,Luganda,80.0,ensaasi,Luganda,,0.0,,pending_gpu,
abamuwuliliza,abamuwuliliza,,Unknown,abawuliriza,Luganda,83.33333333333334,abawuliriza,Luganda,,0.0,,pending_gpu,
omwo,omwo,,Unknown,omweso,Luganda,80.0,omweso,Luganda,,0.0,,pending_gpu,
nze,nze,nze,Luganda,,,0.0,nze,Luganda,,0.0,,pending_gpu,
Lwaki,lwaki,,Unknown,lwaaki,Luganda,90.9090909090909,lwaaki,Luganda,,0.0,,pending_gpu,
Ssentamu,ssentamu,,Unknown,entamu,Luganda,85.71428571428572,entamu,Luganda,,0.0,,pending_gpu,
nga,nga,nga,Luganda,,,0.0,nga,Luganda,,0.0,,pending_gpu,
Obulamu,obulamu,Obulamu,Luganda,,,0.0,Obulamu,Luganda,,0.0,,pending_gpu,
kiiro,kiiro,,Unknown,ekiro,Luganda,80.0,ekiro,Luganda,,0.0,,pending_gpu,
Ssemboga,ssemboga,,Unknown,emboga,Luganda,85.71428571428572,emboga,Luganda,,0.0,,pending_gpu,
kisumuluzo,kisumuluzo,,Unknown,ekisumuluzo,Luganda,95.23809523809523,ekisumuluzo,Luganda,,0.0,,pending_gpu,
muko,muko,,Unknown,omuko,Luganda,88.88888888888889,omuko,Luganda,,0.0,,pending_gpu,
muko,muko,,Unknown,omuko,Luganda,88.88888888888889,omuko,Luganda,,0.0,,pending_gpu,
tukwebaza,tukwebaza,,Unknown,okwebaza,Luganda,82.35294117647058,okwebaza,Luganda,,0.0,,pending_gpu,
okuba,okuba,okuba,Luganda,,,0.0,okuba,Luganda,,0.0,,pending_gpu,
webale,webale,webale,Luganda,,,0.0,webale,Luganda,,0.0,,pending_gpu,
taata,taata,taata,Luganda,,,0.0,taata,Luganda,,0.0,,pending_gpu,
manzima,manzima,,Unknown,amazima,Luganda,85.71428571428572,amazima,Luganda,,0.0,,pending_gpu,
Taata,taata,Taata,Luganda,,,0.0,Taata,Luganda,,0.0,,pending_gpu,
mukama,mukama,mukama,Luganda,,,0.0,mukama,Luganda,,0.0,,pending_gpu,
kuuma,kuuma,kuuma,Luganda,,,0.0,kuuma,Luganda,,0.0,,pending_gpu,
taata,taata,taata,Luganda,,,0.0,taata,Luganda,,0.0,,pending_gpu,
wano,wano,wano,Luganda,,,0.0,wano,Luganda,,0.0,,pending_gpu,
wannge,wannge,,Unknown,wange,Luganda,90.9090909090909,wange,Luganda,,0.0,,pending_gpu,
ffe,ffe,ffe,Luganda,,,0.0,ffe,Luganda,,0.0,,pending_gpu,
nokuziimba,nokuziimba,,Unknown,okuzimba,Luganda,88.88888888888889,okuzimba,Luganda,,0.0,,pending_gpu,
okwekuba,okwekuba,,Unknown,okwewuba,Luganda,87.5,okwewuba,Luganda,,0.0,,pending_gpu,
engaloo,engaloo,,Unknown,engalo,Luganda,92.3076923076923,engalo,Luganda,,0.0,,pending_gpu,
nga,nga,nga,Luganda,,,0.0,nga,Luganda,,0.0,,pending_gpu,
:wano,:wano,,Unknown,wano,Luganda,88.88888888888889,wano,Luganda,,0.0,,pending_gpu,
wannge,wannge,,Unknown,wange,Luganda,90.9090909090909,wange,Luganda,,0.0,,pending_gpu,
mukama,mukama,mukama,Luganda,,,0.0,mukama,Luganda,,0.0,,pending_gpu,
buli,buli,buli,Luganda,,,0.0,buli,Luganda,,0.0,,pending_gpu,
yange,yange,,Unknown,gyange,Luganda,90.9090909090909,gyange,Luganda,,0.0,,pending_gpu,
Maama,maama,Maama,Luganda,,,0.0,Maama,Luganda,,0.0,,pending_gpu,
taata,taata,taata,Luganda,,,0.0,taata,Luganda,,0.0,,pending_gpu,
omuyimbi,omuyimbi,omuyimbi,Luganda,,,0.0,omuyimbi,Luganda,,0.0,,pending_gpu,
wange,wange,wange,Luganda,,,0.0,wange,Luganda,,0.0,,pending_gpu,
kapiripiti,kapiripiti,,Unknown,akabiriiti,Luganda,80.0,akabiriiti,Luganda,,0.0,,pending_gpu,
ku,ku,ku,Luganda,,,0.0,ku,Luganda,,0.0,,pending_gpu,
sente,sente,sente,Luganda,,,0.0,sente,Luganda,,0.0,,pending_gpu,
mazima,mazima,,Unknown,amazima,Luganda,92.3076923076923,amazima,Luganda,,0.0,,pending_gpu,
mwana,mwana,mwana,Luganda,,,0.0,mwana,Luganda,,0.0,,pending_gpu,
nkunonya,nkunonya,,Unknown,okunoonya,Luganda,82.35294117647058,okunoonya,Luganda,,0.0,,pending_gpu,
yange,yange,,Unknown,gyange,Luganda,90.9090909090909,gyange,Luganda,,0.0,,pending_gpu,
nze,nze,nze,Luganda,,,0.0,nze,Luganda,,0.0,,pending_gpu,
nkugwa,nkugwa,,Unknown,kugwa,Luganda,90.9090909090909,kugwa,Luganda,,0.0,,pending_gpu,
naye,naye,naye,Luganda,,,0.0,naye,Luganda,,0.0,,pending_gpu,
Kati,kati,Kati,Luganda,,,0.0,Kati,Luganda,,0.0,,pending_gpu,
Nkola,nkola,,Unknown,enkola,Luganda,90.9090909090909,enkola,Luganda,,0.0,,pending_gpu,
Ku,ku,Ku,Luganda,,,0.0,Ku,Luganda,,0.0,,pending_gpu,
omupiira,omupiira,omupiira,Luganda,,,0.0,omupiira,Luganda,,0.0,,pending_gpu,
bonna,bonna,bonna,Luganda,,,0.0,bonna,Luganda,,0.0,,pending_gpu,
mukimanyi,mukimanyi,,Unknown,omumanyi,Luganda,82.35294117647058,omumanyi,Luganda,,0.0,,pending_gpu,
nti,nti,nti,Luganda,,,0.0,nti,Luganda,,0.0,,pending_gpu,
kyangu,kyangu,kyangu,Luganda,,,0.0,kyangu,Luganda,,0.0,,pending_gpu,
nnyo,nnyo,nnyo,Luganda,,,0.0,nnyo,Luganda,,0.0,,pending_gpu,
okujako,okujako,,Unknown,okujyako,Luganda,93.33333333333333,okujyako,Luganda,,0.0,,pending_gpu,
naye,naye,naye,Luganda,,,0.0,naye,Luganda,,0.0,,pending_gpu,
kizibu,kizibu,,Unknown,ekizibu,Luganda,92.3076923076923,ekizibu,Luganda,,0.0,,pending_gpu,
nyo,nyo,,Unknown,nnyo,Luganda,85.71428571428572,nnyo,Luganda,,0.0,,pending_gpu,
okujako,okujako,,Unknown,okujyako,Luganda,93.33333333333333,okujyako,Luganda,,0.0,,pending_gpu,
kubwa,kubwa,,Unknown,kubbwa,Luganda,90.9090909090909,kubbwa,Luganda,,0.0,,pending_gpu,
bwa,bwa,bwa,Luganda,,,0.0,bwa,Luganda,,0.0,,pending_gpu,
mabegawo,mabegawo,,Unknown,emabega,Luganda,80.0,emabega,Luganda,,0.0,,pending_gpu,
oyo,oyo,oyo,Luganda,,,0.0,oyo,Luganda,,0.0,,pending_gpu,
buli,buli,buli,Luganda,,,0.0,buli,Luganda,,0.0,,pending_gpu,
wamu,wamu,wamu,Luganda,,,0.0,wamu,Luganda,,0.0,,pending_gpu,
bamugoba,bamugoba,,Unknown,amagoba,Luganda,80.0,amagoba,Luganda,,0.0,,pending_gpu,
Kati,kati,Kati,Luganda,,,0.0,Kati,Luganda,,0.0,,pending_gpu,
ffe,ffe,ffe,Luganda,,,0.0,ffe,Luganda,,0.0,,pending_gpu,
oyo,oyo,oyo,Luganda,,,0.0,oyo,Luganda,,0.0,,pending_gpu,
Mutyaba,mutyaba,,Unknown,mutabani,Luganda,80.0,mutabani,Luganda,,0.0,,pending_gpu,
Oyo,oyo,Oyo,Luganda,,,0.0,Oyo,Luganda,,0.0,,pending_gpu,
butamanya.,butamanya.,,Unknown,obutamanya,Luganda,90.0,obutamanya,Luganda,,0.0,,pending_gpu,
mutyaba,mutyaba,,Unknown,mutabani,Luganda,80.0,mutabani,Luganda,,0.0,,pending_gpu,
oyo,oyo,oyo,Luganda,,,0.0,oyo,Luganda,,0.0,,pending_gpu,
kamukulu,kamukulu,,Unknown,omukulu,Luganda,80.0,omukulu,Luganda,,0.0,,pending_gpu,
nga,nga,nga,Luganda,,,0.0,nga,Luganda,,0.0,,pending_gpu,
mubintu,mubintu,,Unknown,mukintu,Luganda,85.71428571428572,mukintu,Luganda,,0.0,,pending_gpu,
kati,kati,kati,Luganda,,,0.0,kati,Luganda,,0.0,,pending_gpu,
mupiira,mupiira,,Unknown,omupiira,Luganda,93.33333333333333,omupiira,Luganda,,0.0,,pending_gpu,
mutyaba,mutyaba,,Unknown,mutabani,Luganda,80.0,mutabani,Luganda,,0.0,,pending_gpu,
ensonga,ensonga,ensonga,Luganda,,,0.0,ensonga,Luganda,,0.0,,pending_gpu,
tamanyi,tamanyi,,Unknown,amanyi,Luganda,92.3076923076923,amanyi,Luganda,,0.0,,pending_gpu,
kyamanyi,kyamanyi,,Unknown,amanyi,Luganda,85.71428571428572,amanyi,Luganda,,0.0,,pending_gpu,
muli,muli,,Unknown,omuli,Luganda,88.88888888888889,omuli,Luganda,,0.0,,pending_gpu,
Ku,ku,Ku,Luganda,,,0.0,Ku,Luganda,,0.0,,pending_gpu,
mupiira,mupiira,,Unknown,omupiira,Luganda,93.33333333333333,omupiira,Luganda,,0.0,,pending_gpu,
naye,naye,naye,Luganda,,,0.0,naye,Luganda,,0.0,,pending_gpu,
mumupiira,mumupiira,,Unknown,omupiira,Luganda,82.35294117647058,omupiira,Luganda,,0.0,,pending_gpu,
kutisatisa,kutisatisa,,Unknown,okutisatiisa,Luganda,90.9090909090909,okutisatiisa,Luganda,,0.0,,pending_gpu,
kituufu,kituufu,kituufu,Luganda,,,0.0,kituufu,Luganda,,0.0,,pending_gpu,
tomuwa,tomuwa,,Unknown,omumwa,Luganda,83.33333333333334,omumwa,Luganda,,0.0,,pending_gpu,
Kituufu,kituufu,Kituufu,Luganda,,,0.0,Kituufu,Luganda,,0.0,,pending_gpu,
nnyo,nnyo,nnyo,Luganda,,,0.0,nnyo,Luganda,,0.0,,pending_gpu,
Mutyaba,mutyaba,,Unknown,mutabani,Luganda,80.0,mutabani,Luganda,,0.0,,pending_gpu,
Mutyaba,mutyaba,,Unknown,mutabani,Luganda,80.0,mutabani,Luganda,,0.0,,pending_gpu,
tamanyi,tamanyi,,Unknown,amanyi,Luganda,92.3076923076923,amanyi,Luganda,,0.0,,pending_gpu,
mupiira,mupiira,,Unknown,omupiira,Luganda,93.33333333333333,omupiira,Luganda,,0.0,,pending_gpu,
Ntebbe,ntebbe,,Unknown,ntebe,Luganda,90.9090909090909,ntebe,Luganda,,0.0,,pending_gpu,
Mutyaba,mutyaba,,Unknown,mutabani,Luganda,80.0,mutabani,Luganda,,0.0,,pending_gpu,
oba,oba,oba,Luganda,,,0.0,oba,Luganda,,0.0,,pending_gpu,
sente,sente,sente,Luganda,,,0.0,sente,Luganda,,0.0,,pending_gpu,
ekizibu,ekizibu,ekizibu,Luganda,,,0.0,ekizibu,Luganda,,0.0,,pending_gpu,
kya,kya,kya,Luganda,,,0.0,kya,Luganda,,0.0,,pending_gpu,
kyekyo,kyekyo,,Unknown,ekyo,Luganda,80.0,ekyo,Luganda,,0.0,,pending_gpu,
obukurembeze,obukurembeze,,Unknown,obukulembeze,Luganda,91.66666666666666,obukulembeze,Luganda,,0.0,,pending_gpu,
bwomupir,bwomupir,,Unknown,bwomuti,Luganda,80.0,bwomuti,Luganda,,0.0,,pending_gpu,
okagala,okagala,,Unknown,okwagala,Luganda,93.33333333333333,okwagala,Luganda,,0.0,,pending_gpu,
kayina,kayina,kayina,Luganda,,,0.0,kayina,Luganda,,0.0,,pending_gpu,
JOJO,jojo,,Unknown,jjo,Luganda,85.71428571428572,jjo,Luganda,,0.0,,pending_gpu,
Oli,oli,Oli,Luganda,,,0.0,Oli,Luganda,,0.0,,pending_gpu,
waddala,waddala,,Unknown,ddala,Luganda,83.33333333333334,ddala,Luganda,,0.0,,pending_gpu,
Jojo,jojo,,Unknown,jjo,Luganda,85.71428571428572,jjo,Luganda,,0.0,,pending_gpu,
magala,magala,magala,Luganda,,,0.0,magala,Luganda,,0.0,,pending_gpu,
Wano,wano,Wano,Luganda,,,0.0,Wano,Luganda,,0.0,,pending_gpu,
wange,wange,wange,Luganda,,,0.0,wange,Luganda,,0.0,,pending_gpu,
jojo,jojo,,Unknown,jjo,Luganda,85.71428571428572,jjo,Luganda,,0.0,,pending_gpu,
Jojo,jojo,,Unknown,jjo,Luganda,85.71428571428572,jjo,Luganda,,0.0,,pending_gpu,
Mukwano,mukwano,,Unknown,omukwano,Luganda,93.33333333333333,omukwano,Luganda,,0.0,,pending_gpu,
kubuyambi,kubuyambi,,Unknown,obuyambi,Luganda,82.35294117647058,obuyambi,Luganda,,0.0,,pending_gpu,
Mukwano,mukwano,,Unknown,omukwano,Luganda,93.33333333333333,omukwano,Luganda,,0.0,,pending_gpu,
Jojo,jojo,,Unknown,jjo,Luganda,85.71428571428572,jjo,Luganda,,0.0,,pending_gpu,
Jojo,jojo,,Unknown,jjo,Luganda,85.71428571428572,jjo,Luganda,,0.0,,pending_gpu,
nyabo,nyabo,,Unknown,nnyabo,Luganda,90.9090909090909,nnyabo,Luganda,,0.0,,pending_gpu,
Jojo,jojo,,Unknown,jjo,Luganda,85.71428571428572,jjo,Luganda,,0.0,,pending_gpu,
okitegera,okitegera,,Unknown,okutegera,Luganda,88.88888888888889,okutegera,Luganda,,0.0,,pending_gpu,
JoJo,jojo,,Unknown,jjo,Luganda,85.71428571428572,jjo,Luganda,,0.0,,pending_gpu,
Jojo,jojo,,Unknown,jjo,Luganda,85.71428571428572,jjo,Luganda,,0.0,,pending_gpu,
Jojo,jojo,,Unknown,jjo,Luganda,85.71428571428572,jjo,Luganda,,0.0,,pending_gpu,
wano,wano,wano,Luganda,,,0.0,wano,Luganda,,0.0,,pending_gpu,
Magaala,magaala,,Unknown,magala,Luganda,92.3076923076923,magala,Luganda,,0.0,,pending_gpu,
magala,magala,magala,Luganda,,,0.0,magala,Luganda,,0.0,,pending_gpu,
Magala,magala,Magala,Luganda,,,0.0,Magala,Luganda,,0.0,,pending_gpu,
kiwanuka,kiwanuka,,Unknown,ekiwuka,Luganda,80.0,ekiwuka,Luganda,,0.0,,pending_gpu,
munanansi,munanansi,,Unknown,munnansi,Luganda,94.11764705882352,munnansi,Luganda,,0.0,,pending_gpu,
Jojo,jojo,,Unknown,jjo,Luganda,85.71428571428572,jjo,Luganda,,0.0,,pending_gpu,
naye,naye,naye,Luganda,,,0.0,naye,Luganda,,0.0,,pending_gpu,
magala,magala,magala,Luganda,,,0.0,magala,Luganda,,0.0,,pending_gpu,
eyo,eyo,eyo,Luganda,,,0.0,eyo,Luganda,,0.0,,pending_gpu,
kimera,kimera,kimera,Luganda,,,0.0,kimera,Luganda,,0.0,,pending_gpu,
yange,yange,,Unknown,gyange,Luganda,90.9090909090909,gyange,Luganda,,0.0,,pending_gpu,
Kimera,kimera,Kimera,Luganda,,,0.0,Kimera,Luganda,,0.0,,pending_gpu,
Emaali,emaali,,Unknown,emabbali,Luganda,85.71428571428572,emabbali,Luganda,,0.0,,pending_gpu,
nayee,nayee,,Unknown,naye,Luganda,88.88888888888889,naye,Luganda,,0.0,,pending_gpu,
@KAVUYO,@kavuyo,,Unknown,akavuyo,Luganda,85.71428571428572,akavuyo,Luganda,,0.0,,pending_gpu,
kwesiva,kwesiva,,Unknown,okwesiga,Luganda,80.0,okwesiga,Luganda,,0.0,,pending_gpu,
mwana,mwana,mwana,Luganda,,,0.0,mwana,Luganda,,0.0,,pending_gpu,
Awo,awo,Awo,Luganda,,,0.0,Awo,Luganda,,0.0,,pending_gpu,
abayimbi,abayimbi,,Unknown,gwabayimbi,Luganda,88.88888888888889,gwabayimbi,Luganda,,0.0,,pending_gpu,
nga,nga,nga,Luganda,,,0.0,nga,Luganda,,0.0,,pending_gpu,
kurika,kurika,,Unknown,kuyurika,Luganda,85.71428571428572,kuyurika,Luganda,,0.0,,pending_gpu,
ekintu,ekintu,ekintu,Luganda,,,0.0,ekintu,Luganda,,0.0,,pending_gpu,
kyabadde,kyabadde,,Unknown,ekyambadde,Luganda,88.88888888888889,ekyambadde,Luganda,,0.0,,pending_gpu,
Naye,naye,Naye,Luganda,,,0.0,Naye,Luganda,,0.0,,pending_gpu,
Nga,nga,Nga,Luganda,,,0.0,Nga,Luganda,,0.0,,pending_gpu,
Gwe,gwe,Gwe,Luganda,,,0.0,Gwe,Luganda,,0.0,,pending_gpu,
wabadde,wabadde,,Unknown,abazadde,Luganda,80.0,abazadde,Luganda,,0.0,,pending_gpu,
esanyu,esanyu,,Unknown,essanyu,Luganda,92.3076923076923,essanyu,Luganda,,0.0,,pending_gpu,
gwe,gwe,gwe,Luganda,,,0.0,gwe,Luganda,,0.0,,pending_gpu,
mazima,mazima,,Unknown,amazima,Luganda,92.3076923076923,amazima,Luganda,,0.0,,pending_gpu,
naye,naye,naye,Luganda,,,0.0,naye,Luganda,,0.0,,pending_gpu,
muli,muli,,Unknown,omuli,Luganda,88.88888888888889,omuli,Luganda,,0.0,,pending_gpu,
mukuba,mukuba,,Unknown,kukuba,Luganda,83.33333333333334,kukuba,Luganda,,0.0,,pending_gpu,
taata,taata,taata,Luganda,,,0.0,taata,Luganda,,0.0,,pending_gpu,
yesu,yesu,yesu,Luganda,,,0.0,yesu,Luganda,,0.0,,pending_gpu,
"Mazima,","mazima,",,Unknown,amazima,Luganda,85.71428571428572,amazima,Luganda,,0.0,,pending_gpu,
mukomere,mukomere,,Unknown,mukomera,Luganda,87.5,mukomera,Luganda,,0.0,,pending_gpu,
maama,maama,maama,Luganda,,,0.0,maama,Luganda,,0.0,,pending_gpu,
mukama,mukama,mukama,Luganda,,,0.0,mukama,Luganda,,0.0,,pending_gpu,
kenya,kenya,kenya,Luganda,,,0.0,kenya,Luganda,,0.0,,pending_gpu,
wange,wange,wange,Luganda,,,0.0,wange,Luganda,,0.0,,pending_gpu,
kwagara,kwagara,,Unknown,okwagala,Luganda,80.0,okwagala,Luganda,,0.0,,pending_gpu,
omurungi,omurungi,,Unknown,omulungi,Luganda,87.5,omulungi,Luganda,,0.0,,pending_gpu,
wange,wange,wange,Luganda,,,0.0,wange,Luganda,,0.0,,pending_gpu,
WANGE,wange,WANGE,Luganda,,,0.0,WANGE,Luganda,,0.0,,pending_gpu,
WANGE,wange,WANGE,Luganda,,,0.0,WANGE,Luganda,,0.0,,pending_gpu,
gwe,gwe,gwe,Luganda,,,0.0,gwe,Luganda,,0.0,,pending_gpu,
nkwagala,nkwagala,,Unknown,okwagala,Luganda,87.5,okwagala,Luganda,,0.0,,pending_gpu,
omulungi,omulungi,omulungi,Luganda,,,0.0,omulungi,Luganda,,0.0,,pending_gpu,
wange,wange,wange,Luganda,,,0.0,wange,Luganda,,0.0,,pending_gpu,
kange,kange,kange,Luganda,,,0.0,kange,Luganda,,0.0,,pending_gpu,
nga,nga,nga,Luganda,,,0.0,nga,Luganda,,0.0,,pending_gpu,
kange,kange,kange,Luganda,,,0.0,kange,Luganda,,0.0,,pending_gpu,
mazima,mazima,,Unknown,amazima,Luganda,92.3076923076923,amazima,Luganda,,0.0,,pending_gpu,
mazima,mazima,,Unknown,amazima,Luganda,92.3076923076923,amazima,Luganda,,0.0,,pending_gpu,
mazima,mazima,,Unknown,amazima,Luganda,92.3076923076923,amazima,Luganda,,0.0,,pending_gpu,
mazima,mazima,,Unknown,amazima,Luganda,92.3076923076923,amazima,Luganda,,0.0,,pending_gpu,
mazima,mazima,,Unknown,amazima,Luganda,92.3076923076923,amazima,Luganda,,0.0,,pending_gpu,
mazima,mazima,,Unknown,amazima,Luganda,92.3076923076923,amazima,Luganda,,0.0,,pending_gpu,
mazima,mazima,,Unknown,amazima,Luganda,92.3076923076923,amazima,Luganda,,0.0,,pending_gpu,
mazima,mazima,,Unknown,amazima,Luganda,92.3076923076923,amazima,Luganda,,0.0,,pending_gpu,
OKITEGELA,okitegela,,Unknown,okuteela,Luganda,82.35294117647058,okuteela,Luganda,,0.0,,pending_gpu,
OMULUNGI,omulungi,OMULUNGI,Luganda,,,0.0,OMULUNGI,Luganda,,0.0,,pending_gpu,
WANGYE,wangye,,Unknown,wange,Luganda,90.9090909090909,wange,Luganda,,0.0,,pending_gpu,
OMULUNGI,omulungi,OMULUNGI,Luganda,,,0.0,OMULUNGI,Luganda,,0.0,,pending_gpu,
OMULUNGI,omulungi,OMULUNGI,Luganda,,,0.0,OMULUNGI,Luganda,,0.0,,pending_gpu,
WANGYE,wangye,,Unknown,wange,Luganda,90.9090909090909,wange,Luganda,,0.0,,pending_gpu,
OMULUNGI,omulungi,OMULUNGI,Luganda,,,0.0,OMULUNGI,Luganda,,0.0,,pending_gpu,
OMULUNGI,omulungi,OMULUNGI,Luganda,,,0.0,OMULUNGI,Luganda,,0.0,,pending_gpu,
WANGYE,wangye,,Unknown,wange,Luganda,90.9090909090909,wange,Luganda,,0.0,,pending_gpu,
OMULUNGI,omulungi,OMULUNGI,Luganda,,,0.0,OMULUNGI,Luganda,,0.0,,pending_gpu,
OMULUNGI,omulungi,OMULUNGI,Luganda,,,0.0,OMULUNGI,Luganda,,0.0,,pending_gpu,
WANGYE,wangye,,Unknown,wange,Luganda,90.9090909090909,wange,Luganda,,0.0,,pending_gpu,
OMULUNGI,omulungi,OMULUNGI,Luganda,,,0.0,OMULUNGI,Luganda,,0.0,,pending_gpu,
OMULUNGI,omulungi,OMULUNGI,Luganda,,,0.0,OMULUNGI,Luganda,,0.0,,pending_gpu,
WANGYE,wangye,,Unknown,wange,Luganda,90.9090909090909,wange,Luganda,,0.0,,pending_gpu,
OMULUNGI,omulungi,OMULUNGI,Luganda,,,0.0,OMULUNGI,Luganda,,0.0,,pending_gpu,
OMULUNGI,omulungi,OMULUNGI,Luganda,,,0.0,OMULUNGI,Luganda,,0.0,,pending_gpu,
WANGYE,wangye,,Unknown,wange,Luganda,90.9090909090909,wange,Luganda,,0.0,,pending_gpu,
wange,wange,wange,Luganda,,,0.0,wange,Luganda,,0.0,,pending_gpu,
omulungi,omulungi,omulungi,Luganda,,,0.0,omulungi,Luganda,,0.0,,pending_gpu,
wange,wange,wange,Luganda,,,0.0,wange,Luganda,,0.0,,pending_gpu,
wange,wange,wange,Luganda,,,0.0,wange,Luganda,,0.0,,pending_gpu,
mazima,mazima,,Unknown,amazima,Luganda,92.3076923076923,amazima,Luganda,,0.0,,pending_gpu,
omulungi,omulungi,omulungi,Luganda,,,0.0,omulungi,Luganda,,0.0,,pending_gpu,
wange,wange,wange,Luganda,,,0.0,wange,Luganda,,0.0,,pending_gpu,
Mazima,mazima,,Unknown,amazima,Luganda,92.3076923076923,amazima,Luganda,,0.0,,pending_gpu,
Mazima,mazima,,Unknown,amazima,Luganda,92.3076923076923,amazima,Luganda,,0.0,,pending_gpu,
Mazima,mazima,,Unknown,amazima,Luganda,92.3076923076923,amazima,Luganda,,0.0,,pending_gpu,
Mazima,mazima,,Unknown,amazima,Luganda,92.3076923076923,amazima,Luganda,,0.0,,pending_gpu,
Mazima,mazima,,Unknown,amazima,Luganda,92.3076923076923,amazima,Luganda,,0.0,,pending_gpu,
Mazima,mazima,,Unknown,amazima,Luganda,92.3076923076923,amazima,Luganda,,0.0,,pending_gpu,
Mazima,mazima,,Unknown,amazima,Luganda,92.3076923076923,amazima,Luganda,,0.0,,pending_gpu,
Mazima,mazima,,Unknown,amazima,Luganda,92.3076923076923,amazima,Luganda,,0.0,,pending_gpu,
Mazima,mazima,,Unknown,amazima,Luganda,92.3076923076923,amazima,Luganda,,0.0,,pending_gpu,
Mazima,mazima,,Unknown,amazima,Luganda,92.3076923076923,amazima,Luganda,,0.0,,pending_gpu,
Mazima,mazima,,Unknown,amazima,Luganda,92.3076923076923,amazima,Luganda,,0.0,,pending_gpu,
Mazima,mazima,,Unknown,amazima,Luganda,92.3076923076923,amazima,Luganda,,0.0,,pending_gpu,
Mazima,mazima,,Unknown,amazima,Luganda,92.3076923076923,amazima,Luganda,,0.0,,pending_gpu,
Maziima,maziima,,Unknown,amazima,Luganda,85.71428571428572,amazima,Luganda,,0.0,,pending_gpu,
wange,wange,wange,Luganda,,,0.0,wange,Luganda,,0.0,,pending_gpu,
Mazima,mazima,,Unknown,amazima,Luganda,92.3076923076923,amazima,Luganda,,0.0,,pending_gpu,
⌨️Mazima,⌨️mazima,,Unknown,amazima,Luganda,80.0,amazima,Luganda,,0.0,,pending_gpu,
Mazima,mazima,,Unknown,amazima,Luganda,92.3076923076923,amazima,Luganda,,0.0,,pending_gpu,
⌨️Mazima,⌨️mazima,,Unknown,amazima,Luganda,80.0,amazima,Luganda,,0.0,,pending_gpu,
Mazima,mazima,,Unknown,amazima,Luganda,92.3076923076923,amazima,Luganda,,0.0,,pending_gpu,
⌨️Mazima,⌨️mazima,,Unknown,amazima,Luganda,80.0,amazima,Luganda,,0.0,,pending_gpu,
Mazima,mazima,,Unknown,amazima,Luganda,92.3076923076923,amazima,Luganda,,0.0,,pending_gpu,
Mazima,mazima,,Unknown,amazima,Luganda,92.3076923076923,amazima,Luganda,,0.0,,pending_gpu,
Mazima,mazima,,Unknown,amazima,Luganda,92.3076923076923,amazima,Luganda,,0.0,,pending_gpu,
Mazima,mazima,,Unknown,amazima,Luganda,92.3076923076923,amazima,Luganda,,0.0,,pending_gpu,
Mazima,mazima,,Unknown,amazima,Luganda,92.3076923076923,amazima,Luganda,,0.0,,pending_gpu,
Mazima,mazima,,Unknown,amazima,Luganda,92.3076923076923,amazima,Luganda,,0.0,,pending_gpu,
Mazima,mazima,,Unknown,amazima,Luganda,92.3076923076923,amazima,Luganda,,0.0,,pending_gpu,
Mazima,mazima,,Unknown,amazima,Luganda,92.3076923076923,amazima,Luganda,,0.0,,pending_gpu,
Mazima,mazima,,Unknown,amazima,Luganda,92.3076923076923,amazima,Luganda,,0.0,,pending_gpu,
Mazima,mazima,,Unknown,amazima,Luganda,92.3076923076923,amazima,Luganda,,0.0,,pending_gpu,
Mazima,mazima,,Unknown,amazima,Luganda,92.3076923076923,amazima,Luganda,,0.0,,pending_gpu,
♥️Mazima,♥️mazima,,Unknown,amazima,Luganda,80.0,amazima,Luganda,,0.0,,pending_gpu,
Mazima,mazima,,Unknown,amazima,Luganda,92.3076923076923,amazima,Luganda,,0.0,,pending_gpu,
♥️Mazima,♥️mazima,,Unknown,amazima,Luganda,80.0,amazima,Luganda,,0.0,,pending_gpu,
Mazima,mazima,,Unknown,amazima,Luganda,92.3076923076923,amazima,Luganda,,0.0,,pending_gpu,
♥️Mazima,♥️mazima,,Unknown,amazima,Luganda,80.0,amazima,Luganda,,0.0,,pending_gpu,
Mazima,mazima,,Unknown,amazima,Luganda,92.3076923076923,amazima,Luganda,,0.0,,pending_gpu,
Omulunji,omulunji,,Unknown,omulungi,Luganda,87.5,omulungi,Luganda,,0.0,,pending_gpu,
wange,wange,wange,Luganda,,,0.0,wange,Luganda,,0.0,,pending_gpu,
okitegera,okitegera,,Unknown,okutegera,Luganda,88.88888888888889,okutegera,Luganda,,0.0,,pending_gpu,
mazima,mazima,,Unknown,amazima,Luganda,92.3076923076923,amazima,Luganda,,0.0,,pending_gpu,
mazima,mazima,,Unknown,amazima,Luganda,92.3076923076923,amazima,Luganda,,0.0,,pending_gpu,
Sawa,sawa,Sawa,Luganda,,,0.0,Sawa,Luganda,,0.0,,pending_gpu,
yona,yona,,Unknown,yonna,Luganda,88.88888888888889,yonna,Luganda,,0.0,,pending_gpu,
omulungi,omulungi,omulungi,Luganda,,,0.0,omulungi,Luganda,,0.0,,pending_gpu,
wange,wange,wange,Luganda,,,0.0,wange,Luganda,,0.0,,pending_gpu,
mazima,mazima,,Unknown,amazima,Luganda,92.3076923076923,amazima,Luganda,,0.0,,pending_gpu,
Mazima,mazima,,Unknown,amazima,Luganda,92.3076923076923,amazima,Luganda,,0.0,,pending_gpu,
mazima,mazima,,Unknown,amazima,Luganda,92.3076923076923,amazima,Luganda,,0.0,,pending_gpu,
mazima,mazima,,Unknown,amazima,Luganda,92.3076923076923,amazima,Luganda,,0.0,,pending_gpu,
mazima,mazima,,Unknown,amazima,Luganda,92.3076923076923,amazima,Luganda,,0.0,,pending_gpu,
mazima,mazima,,Unknown,amazima,Luganda,92.3076923076923,amazima,Luganda,,0.0,,pending_gpu,
mazima,mazima,,Unknown,amazima,Luganda,92.3076923076923,amazima,Luganda,,0.0,,pending_gpu,
mazima,mazima,,Unknown,amazima,Luganda,92.3076923076923,amazima,Luganda,,0.0,,pending_gpu,
mazima,mazima,,Unknown,amazima,Luganda,92.3076923076923,amazima,Luganda,,0.0,,pending_gpu,
mazima,mazima,,Unknown,amazima,Luganda,92.3076923076923,amazima,Luganda,,0.0,,pending_gpu,
mazima,mazima,,Unknown,amazima,Luganda,92.3076923076923,amazima,Luganda,,0.0,,pending_gpu,
mazima,mazima,,Unknown,amazima,Luganda,92.3076923076923,amazima,Luganda,,0.0,,pending_gpu,
mazima,mazima,,Unknown,amazima,Luganda,92.3076923076923,amazima,Luganda,,0.0,,pending_gpu,
mazima,mazima,,Unknown,amazima,Luganda,92.3076923076923,amazima,Luganda,,0.0,,pending_gpu,
mazima,mazima,,Unknown,amazima,Luganda,92.3076923076923,amazima,Luganda,,0.0,,pending_gpu,
mazima,mazima,,Unknown,amazima,Luganda,92.3076923076923,amazima,Luganda,,0.0,,pending_gpu,
mazima,mazima,,Unknown,amazima,Luganda,92.3076923076923,amazima,Luganda,,0.0,,pending_gpu,
mazima,mazima,,Unknown,amazima,Luganda,92.3076923076923,amazima,Luganda,,0.0,,pending_gpu,
mazima,mazima,,Unknown,amazima,Luganda,92.3076923076923,amazima,Luganda,,0.0,,pending_gpu,
mazima,mazima,,Unknown,amazima,Luganda,92.3076923076923,amazima,Luganda,,0.0,,pending_gpu,
mazima,mazima,,Unknown,amazima,Luganda,92.3076923076923,amazima,Luganda,,0.0,,pending_gpu,
mazima,mazima,,Unknown,amazima,Luganda,92.3076923076923,amazima,Luganda,,0.0,,pending_gpu,
mazima,mazima,,Unknown,amazima,Luganda,92.3076923076923,amazima,Luganda,,0.0,,pending_gpu,
mazima,mazima,,Unknown,amazima,Luganda,92.3076923076923,amazima,Luganda,,0.0,,pending_gpu,
mazima,mazima,,Unknown,amazima,Luganda,92.3076923076923,amazima,Luganda,,0.0,,pending_gpu,
mazima,mazima,,Unknown,amazima,Luganda,92.3076923076923,amazima,Luganda,,0.0,,pending_gpu,
mazima,mazima,,Unknown,amazima,Luganda,92.3076923076923,amazima,Luganda,,0.0,,pending_gpu,
mazima,mazima,,Unknown,amazima,Luganda,92.3076923076923,amazima,Luganda,,0.0,,pending_gpu,
mazima,mazima,,Unknown,amazima,Luganda,92.3076923076923,amazima,Luganda,,0.0,,pending_gpu,
mazima,mazima,,Unknown,amazima,Luganda,92.3076923076923,amazima,Luganda,,0.0,,pending_gpu,
mazima,mazima,,Unknown,amazima,Luganda,92.3076923076923,amazima,Luganda,,0.0,,pending_gpu,
mazima,mazima,,Unknown,amazima,Luganda,92.3076923076923,amazima,Luganda,,0.0,,pending_gpu,
mazima,mazima,,Unknown,amazima,Luganda,92.3076923076923,amazima,Luganda,,0.0,,pending_gpu,
mazima,mazima,,Unknown,amazima,Luganda,92.3076923076923,amazima,Luganda,,0.0,,pending_gpu,
mazima,mazima,,Unknown,amazima,Luganda,92.3076923076923,amazima,Luganda,,0.0,,pending_gpu,
mazima,mazima,,Unknown,amazima,Luganda,92.3076923076923,amazima,Luganda,,0.0,,pending_gpu,
mazima,mazima,,Unknown,amazima,Luganda,92.3076923076923,amazima,Luganda,,0.0,,pending_gpu,
mazima,mazima,,Unknown,amazima,Luganda,92.3076923076923,amazima,Luganda,,0.0,,pending_gpu,
mazima,mazima,,Unknown,amazima,Luganda,92.3076923076923,amazima,Luganda,,0.0,,pending_gpu,
omulungi,omulungi,omulungi,Luganda,,,0.0,omulungi,Luganda,,0.0,,pending_gpu,
wange,wange,wange,Luganda,,,0.0,wange,Luganda,,0.0,,pending_gpu,
mazima,mazima,,Unknown,amazima,Luganda,92.3076923076923,amazima,Luganda,,0.0,,pending_gpu,
mazima,mazima,,Unknown,amazima,Luganda,92.3076923076923,amazima,Luganda,,0.0,,pending_gpu,
mazima,mazima,,Unknown,amazima,Luganda,92.3076923076923,amazima,Luganda,,0.0,,pending_gpu,
mazima,mazima,,Unknown,amazima,Luganda,92.3076923076923,amazima,Luganda,,0.0,,pending_gpu,
mazima,mazima,,Unknown,amazima,Luganda,92.3076923076923,amazima,Luganda,,0.0,,pending_gpu,
mazima,mazima,,Unknown,amazima,Luganda,92.3076923076923,amazima,Luganda,,0.0,,pending_gpu,
mazima,mazima,,Unknown,amazima,Luganda,92.3076923076923,amazima,Luganda,,0.0,,pending_gpu,
mazima,mazima,,Unknown,amazima,Luganda,92.3076923076923,amazima,Luganda,,0.0,,pending_gpu,
mazima,mazima,,Unknown,amazima,Luganda,92.3076923076923,amazima,Luganda,,0.0,,pending_gpu,
mazima,mazima,,Unknown,amazima,Luganda,92.3076923076923,amazima,Luganda,,0.0,,pending_gpu,
mazima,mazima,,Unknown,amazima,Luganda,92.3076923076923,amazima,Luganda,,0.0,,pending_gpu,
mazima,mazima,,Unknown,amazima,Luganda,92.3076923076923,amazima,Luganda,,0.0,,pending_gpu,
mazima,mazima,,Unknown,amazima,Luganda,92.3076923076923,amazima,Luganda,,0.0,,pending_gpu,
mazima,mazima,,Unknown,amazima,Luganda,92.3076923076923,amazima,Luganda,,0.0,,pending_gpu,
mazima,mazima,,Unknown,amazima,Luganda,92.3076923076923,amazima,Luganda,,0.0,,pending_gpu,
mazima,mazima,,Unknown,amazima,Luganda,92.3076923076923,amazima,Luganda,,0.0,,pending_gpu,
mazima,mazima,,Unknown,amazima,Luganda,92.3076923076923,amazima,Luganda,,0.0,,pending_gpu,
mazima,mazima,,Unknown,amazima,Luganda,92.3076923076923,amazima,Luganda,,0.0,,pending_gpu,
mazima,mazima,,Unknown,amazima,Luganda,92.3076923076923,amazima,Luganda,,0.0,,pending_gpu,
mazima,mazima,,Unknown,amazima,Luganda,92.3076923076923,amazima,Luganda,,0.0,,pending_gpu,
mazima,mazima,,Unknown,amazima,Luganda,92.3076923076923,amazima,Luganda,,0.0,,pending_gpu,
mazima,mazima,,Unknown,amazima,Luganda,92.3076923076923,amazima,Luganda,,0.0,,pending_gpu,
mazima,mazima,,Unknown,amazima,Luganda,92.3076923076923,amazima,Luganda,,0.0,,pending_gpu,
mazima,mazima,,Unknown,amazima,Luganda,92.3076923076923,amazima,Luganda,,0.0,,pending_gpu,
mazima,mazima,,Unknown,amazima,Luganda,92.3076923076923,amazima,Luganda,,0.0,,pending_gpu,
mazima,mazima,,Unknown,amazima,Luganda,92.3076923076923,amazima,Luganda,,0.0,,pending_gpu,
mazima,mazima,,Unknown,amazima,Luganda,92.3076923076923,amazima,Luganda,,0.0,,pending_gpu,
mazima,mazima,,Unknown,amazima,Luganda,92.3076923076923,amazima,Luganda,,0.0,,pending_gpu,
mazima,mazima,,Unknown,amazima,Luganda,92.3076923076923,amazima,Luganda,,0.0,,pending_gpu,
mazima,mazima,,Unknown,amazima,Luganda,92.3076923076923,amazima,Luganda,,0.0,,pending_gpu,
mazima,mazima,,Unknown,amazima,Luganda,92.3076923076923,amazima,Luganda,,0.0,,pending_gpu,
mazima,mazima,,Unknown,amazima,Luganda,92.3076923076923,amazima,Luganda,,0.0,,pending_gpu,
mazima,mazima,,Unknown,amazima,Luganda,92.3076923076923,amazima,Luganda,,0.0,,pending_gpu,
mazima,mazima,,Unknown,amazima,Luganda,92.3076923076923,amazima,Luganda,,0.0,,pending_gpu,
mazima,mazima,,Unknown,amazima,Luganda,92.3076923076923,amazima,Luganda,,0.0,,pending_gpu,
mazima,mazima,,Unknown,amazima,Luganda,92.3076923076923,amazima,Luganda,,0.0,,pending_gpu,
mazima,mazima,,Unknown,amazima,Luganda,92.3076923076923,amazima,Luganda,,0.0,,pending_gpu,
mazima,mazima,,Unknown,amazima,Luganda,92.3076923076923,amazima,Luganda,,0.0,,pending_gpu,
mazima,mazima,,Unknown,amazima,Luganda,92.3076923076923,amazima,Luganda,,0.0,,pending_gpu,
mazima,mazima,,Unknown,amazima,Luganda,92.3076923076923,amazima,Luganda,,0.0,,pending_gpu,
mazima,mazima,,Unknown,amazima,Luganda,92.3076923076923,amazima,Luganda,,0.0,,pending_gpu,
mazima,mazima,,Unknown,amazima,Luganda,92.3076923076923,amazima,Luganda,,0.0,,pending_gpu,
mazima,mazima,,Unknown,amazima,Luganda,92.3076923076923,amazima,Luganda,,0.0,,pending_gpu,
mazima,mazima,,Unknown,amazima,Luganda,92.3076923076923,amazima,Luganda,,0.0,,pending_gpu,
mazima,mazima,,Unknown,amazima,Luganda,92.3076923076923,amazima,Luganda,,0.0,,pending_gpu,
mazima,mazima,,Unknown,amazima,Luganda,92.3076923076923,amazima,Luganda,,0.0,,pending_gpu,
mazima,mazima,,Unknown,amazima,Luganda,92.3076923076923,amazima,Luganda,,0.0,,pending_gpu,
mazima,mazima,,Unknown,amazima,Luganda,92.3076923076923,amazima,Luganda,,0.0,,pending_gpu,
mazima,mazima,,Unknown,amazima,Luganda,92.3076923076923,amazima,Luganda,,0.0,,pending_gpu,
mazima,mazima,,Unknown,amazima,Luganda,92.3076923076923,amazima,Luganda,,0.0,,pending_gpu,
mazima,mazima,,Unknown,amazima,Luganda,92.3076923076923,amazima,Luganda,,0.0,,pending_gpu,
mazima,mazima,,Unknown,amazima,Luganda,92.3076923076923,amazima,Luganda,,0.0,,pending_gpu,
maziiima,maziiima,,Unknown,amazima,Luganda,80.0,amazima,Luganda,,0.0,,pending_gpu,
maziiima,maziiima,,Unknown,amazima,Luganda,80.0,amazima,Luganda,,0.0,,pending_gpu,
maziiima,maziiima,,Unknown,amazima,Luganda,80.0,amazima,Luganda,,0.0,,pending_gpu,
maziiima,maziiima,,Unknown,amazima,Luganda,80.0,amazima,Luganda,,0.0,,pending_gpu,
maziiima,maziiima,,Unknown,amazima,Luganda,80.0,amazima,Luganda,,0.0,,pending_gpu,
maziiima,maziiima,,Unknown,amazima,Luganda,80.0,amazima,Luganda,,0.0,,pending_gpu,
maziiima,maziiima,,Unknown,amazima,Luganda,80.0,amazima,Luganda,,0.0,,pending_gpu,
maziiima,maziiima,,Unknown,amazima,Luganda,80.0,amazima,Luganda,,0.0,,pending_gpu,
maziiima,maziiima,,Unknown,amazima,Luganda,80.0,amazima,Luganda,,0.0,,pending_gpu,
maziiima,maziiima,,Unknown,amazima,Luganda,80.0,amazima,Luganda,,0.0,,pending_gpu,
maziiima,maziiima,,Unknown,amazima,Luganda,80.0,amazima,Luganda,,0.0,,pending_gpu,
maziiima,maziiima,,Unknown,amazima,Luganda,80.0,amazima,Luganda,,0.0,,pending_gpu,
kayina,kayina,kayina,Luganda,,,0.0,kayina,Luganda,,0.0,,pending_gpu,
wange,wange,wange,Luganda,,,0.0,wange,Luganda,,0.0,,pending_gpu,
luweero,luweero,,Unknown,fuluweero,Luganda,87.5,fuluweero,Luganda,,0.0,,pending_gpu,
mwana,mwana,mwana,Luganda,,,0.0,mwana,Luganda,,0.0,,pending_gpu,
omwana,omwana,omwana,Luganda,,,0.0,omwana,Luganda,,0.0,,pending_gpu,
oluyimba,oluyimba,oluyimba,Luganda,,,0.0,oluyimba,Luganda,,0.0,,pending_gpu,
lwange,lwange,,Unknown,wange,Luganda,90.9090909090909,wange,Luganda,,0.0,,pending_gpu,
maziima,maziima,,Unknown,amazima,Luganda,85.71428571428572,amazima,Luganda,,0.0,,pending_gpu,
oliyimba,oliyimba,,Unknown,oluyimba,Luganda,87.5,oluyimba,Luganda,,0.0,,pending_gpu,
lwange,lwange,,Unknown,wange,Luganda,90.9090909090909,wange,Luganda,,0.0,,pending_gpu,
mwana,mwana,mwana,Luganda,,,0.0,mwana,Luganda,,0.0,,pending_gpu,
nyo,nyo,,Unknown,nnyo,Luganda,85.71428571428572,nnyo,Luganda,,0.0,,pending_gpu,
Wano,wano,Wano,Luganda,,,0.0,Wano,Luganda,,0.0,,pending_gpu,
mazima,mazima,,Unknown,amazima,Luganda,92.3076923076923,amazima,Luganda,,0.0,,pending_gpu,
musajja,musajja,,Unknown,omusajja,Luganda,93.33333333333333,omusajja,Luganda,,0.0,,pending_gpu,
gwe,gwe,gwe,Luganda,,,0.0,gwe,Luganda,,0.0,,pending_gpu,
kwesiva,kwesiva,,Unknown,okwesiga,Luganda,80.0,okwesiga,Luganda,,0.0,,pending_gpu,
kubawo,kubawo,,Unknown,okubawo,Luganda,92.3076923076923,okubawo,Luganda,,0.0,,pending_gpu,
nnyo,nnyo,nnyo,Luganda,,,0.0,nnyo,Luganda,,0.0,,pending_gpu,
awo,awo,awo,Luganda,,,0.0,awo,Luganda,,0.0,,pending_gpu,
webale,webale,webale,Luganda,,,0.0,webale,Luganda,,0.0,,pending_gpu,
nyo,nyo,,Unknown,nnyo,Luganda,85.71428571428572,nnyo,Luganda,,0.0,,pending_gpu,
kutwagala,kutwagala,,Unknown,okutagala,Luganda,88.88888888888889,okutagala,Luganda,,0.0,,pending_gpu,
okyitegera,okyitegera,,Unknown,okutegera,Luganda,84.21052631578947,okutegera,Luganda,,0.0,,pending_gpu,
mazima,mazima,,Unknown,amazima,Luganda,92.3076923076923,amazima,Luganda,,0.0,,pending_gpu,
okitegera,okitegera,,Unknown,okutegera,Luganda,88.88888888888889,okutegera,Luganda,,0.0,,pending_gpu,
wange,wange,wange,Luganda,,,0.0,wange,Luganda,,0.0,,pending_gpu,
naye,naye,naye,Luganda,,,0.0,naye,Luganda,,0.0,,pending_gpu,
owa,owa,owa,Luganda,,,0.0,owa,Luganda,,0.0,,pending_gpu,
okitegera,okitegera,,Unknown,okutegera,Luganda,88.88888888888889,okutegera,Luganda,,0.0,,pending_gpu,
Mazima,mazima,,Unknown,amazima,Luganda,92.3076923076923,amazima,Luganda,,0.0,,pending_gpu,
Mazima,mazima,,Unknown,amazima,Luganda,92.3076923076923,amazima,Luganda,,0.0,,pending_gpu,
mazima,mazima,,Unknown,amazima,Luganda,92.3076923076923,amazima,Luganda,,0.0,,pending_gpu,
kyekyo,kyekyo,,Unknown,ekyo,Luganda,80.0,ekyo,Luganda,,0.0,,pending_gpu,
mazima,mazima,,Unknown,amazima,Luganda,92.3076923076923,amazima,Luganda,,0.0,,pending_gpu,
mazima,mazima,,Unknown,amazima,Luganda,92.3076923076923,amazima,Luganda,,0.0,,pending_gpu,
mazimaa,mazimaa,,Unknown,amazima,Luganda,85.71428571428572,amazima,Luganda,,0.0,,pending_gpu,
kituufu,kituufu,kituufu,Luganda,,,0.0,kituufu,Luganda,,0.0,,pending_gpu,
mazima,mazima,,Unknown,amazima,Luganda,92.3076923076923,amazima,Luganda,,0.0,,pending_gpu,
manzima,manzima,,Unknown,amazima,Luganda,85.71428571428572,amazima,Luganda,,0.0,,pending_gpu,
mazima,mazima,,Unknown,amazima,Luganda,92.3076923076923,amazima,Luganda,,0.0,,pending_gpu,
Amazima,amazima,Amazima,Luganda,,,0.0,Amazima,Luganda,,0.0,,pending_gpu,
Mazima.,mazima.,,Unknown,amazima,Luganda,85.71428571428572,amazima,Luganda,,0.0,,pending_gpu,
mazima,mazima,,Unknown,amazima,Luganda,92.3076923076923,amazima,Luganda,,0.0,,pending_gpu,
mazima,mazima,,Unknown,amazima,Luganda,92.3076923076923,amazima,Luganda,,0.0,,pending_gpu,
mazima,mazima,,Unknown,amazima,Luganda,92.3076923076923,amazima,Luganda,,0.0,,pending_gpu,
mazima,mazima,,Unknown,amazima,Luganda,92.3076923076923,amazima,Luganda,,0.0,,pending_gpu,
mazima,mazima,,Unknown,amazima,Luganda,92.3076923076923,amazima,Luganda,,0.0,,pending_gpu,
mazima,mazima,,Unknown,amazima,Luganda,92.3076923076923,amazima,Luganda,,0.0,,pending_gpu,
mazima,mazima,,Unknown,amazima,Luganda,92.3076923076923,amazima,Luganda,,0.0,,pending_gpu,
mazima,mazima,,Unknown,amazima,Luganda,92.3076923076923,amazima,Luganda,,0.0,,pending_gpu,
mazima,mazima,,Unknown,amazima,Luganda,92.3076923076923,amazima,Luganda,,0.0,,pending_gpu,
mazima,mazima,,Unknown,amazima,Luganda,92.3076923076923,amazima,Luganda,,0.0,,pending_gpu,
mazima,mazima,,Unknown,amazima,Luganda,92.3076923076923,amazima,Luganda,,0.0,,pending_gpu,
mazima,mazima,,Unknown,amazima,Luganda,92.3076923076923,amazima,Luganda,,0.0,,pending_gpu,
mazima,mazima,,Unknown,amazima,Luganda,92.3076923076923,amazima,Luganda,,0.0,,pending_gpu,
mazima,mazima,,Unknown,amazima,Luganda,92.3076923076923,amazima,Luganda,,0.0,,pending_gpu,
Mazima,mazima,,Unknown,amazima,Luganda,92.3076923076923,amazima,Luganda,,0.0,,pending_gpu,
Mazima,mazima,,Unknown,amazima,Luganda,92.3076923076923,amazima,Luganda,,0.0,,pending_gpu,
mazima,mazima,,Unknown,amazima,Luganda,92.3076923076923,amazima,Luganda,,0.0,,pending_gpu,
mwana,mwana,mwana,Luganda,,,0.0,mwana,Luganda,,0.0,,pending_gpu,
abakazi,abakazi,,Unknown,akakazi,Luganda,85.71428571428572,akakazi,Luganda,,0.0,,pending_gpu,
owa,owa,owa,Luganda,,,0.0,owa,Luganda,,0.0,,pending_gpu,
naye,naye,naye,Luganda,,,0.0,naye,Luganda,,0.0,,pending_gpu,
enjala,enjala,enjala,Luganda,,,0.0,enjala,Luganda,,0.0,,pending_gpu,
kitufu,kitufu,,Unknown,ekitufu,Luganda,92.3076923076923,ekitufu,Luganda,,0.0,,pending_gpu,
ekunoonya..,ekunoonya..,,Unknown,okunoonya,Luganda,80.0,okunoonya,Luganda,,0.0,,pending_gpu,
Naye,naye,Naye,Luganda,,,0.0,Naye,Luganda,,0.0,,pending_gpu,
kumwana,kumwana,,Unknown,kulwana,Luganda,85.71428571428572,kulwana,Luganda,,0.0,,pending_gpu,
olabika,olabika,,Unknown,okulabika,Luganda,87.5,okulabika,Luganda,,0.0,,pending_gpu,
mwana,mwana,mwana,Luganda,,,0.0,mwana,Luganda,,0.0,,pending_gpu,
maama,maama,maama,Luganda,,,0.0,maama,Luganda,,0.0,,pending_gpu,
kisenyi,kisenyi,,Unknown,ekisanyi,Luganda,80.0,ekisanyi,Luganda,,0.0,,pending_gpu,
ku,ku,ku,Luganda,,,0.0,ku,Luganda,,0.0,,pending_gpu,
Jjaajja,jjaajja,,Unknown,jjajja,Luganda,92.3076923076923,jjajja,Luganda,,0.0,,pending_gpu,
enanansi,enanansi,,Unknown,enanaansi,Luganda,94.11764705882352,enanaansi,Luganda,,0.0,,pending_gpu,
Yuma,yuma,,Unknown,kyuma,Luganda,88.88888888888889,kyuma,Luganda,,0.0,,pending_gpu,
naye,naye,naye,Luganda,,,0.0,naye,Luganda,,0.0,,pending_gpu,
sente,sente,sente,Luganda,,,0.0,sente,Luganda,,0.0,,pending_gpu,
abasajja,abasajja,,Unknown,basajja,Luganda,93.33333333333333,basajja,Luganda,,0.0,,pending_gpu,
luganda,luganda,,Unknown,oluganda,Luganda,93.33333333333333,oluganda,Luganda,,0.0,,pending_gpu,
ngali,ngali,,Unknown,ngaali,Luganda,90.9090909090909,ngaali,Luganda,,0.0,,pending_gpu,
Ku,ku,Ku,Luganda,,,0.0,Ku,Luganda,,0.0,,pending_gpu,
nti,nti,nti,Luganda,,,0.0,nti,Luganda,,0.0,,pending_gpu,
naye,naye,naye,Luganda,,,0.0,naye,Luganda,,0.0,,pending_gpu,
muganda,muganda,muganda,Luganda,,,0.0,muganda,Luganda,,0.0,,pending_gpu,
wange,wange,wange,Luganda,,,0.0,wange,Luganda,,0.0,,pending_gpu,
naye,naye,naye,Luganda,,,0.0,naye,Luganda,,0.0,,pending_gpu,
Mukama,mukama,Mukama,Luganda,,,0.0,Mukama,Luganda,,0.0,,pending_gpu,
omusajja,omusajja,omusajja,Luganda,,,0.0,omusajja,Luganda,,0.0,,pending_gpu,
wabula,wabula,wabula,Luganda,,,0.0,wabula,Luganda,,0.0,,pending_gpu,
Wabula,wabula,Wabula,Luganda,,,0.0,Wabula,Luganda,,0.0,,pending_gpu,
Mazima,mazima,,Unknown,amazima,Luganda,92.3076923076923,amazima,Luganda,,0.0,,pending_gpu,
naye,naye,naye,Luganda,,,0.0,naye,Luganda,,0.0,,pending_gpu,
mazima,mazima,,Unknown,amazima,Luganda,92.3076923076923,amazima,Luganda,,0.0,,pending_gpu,
mazima,mazima,,Unknown,amazima,Luganda,92.3076923076923,amazima,Luganda,,0.0,,pending_gpu,
mazima,mazima,,Unknown,amazima,Luganda,92.3076923076923,amazima,Luganda,,0.0,,pending_gpu,
mazima,mazima,,Unknown,amazima,Luganda,92.3076923076923,amazima,Luganda,,0.0,,pending_gpu,
Mazima,mazima,,Unknown,amazima,Luganda,92.3076923076923,amazima,Luganda,,0.0,,pending_gpu,
naye,naye,naye,Luganda,,,0.0,naye,Luganda,,0.0,,pending_gpu,
yabadde,yabadde,,Unknown,ekyambadde,Luganda,82.35294117647058,ekyambadde,Luganda,,0.0,,pending_gpu,
mukono,mukono,,Unknown,omukono,Luganda,92.3076923076923,omukono,Luganda,,0.0,,pending_gpu,
naye,naye,naye,Luganda,,,0.0,naye,Luganda,,0.0,,pending_gpu,
naye,naye,naye,Luganda,,,0.0,naye,Luganda,,0.0,,pending_gpu,
Abantu,abantu,Abantu,Luganda,,,0.0,Abantu,Luganda,,0.0,,pending_gpu,
nga,nga,nga,Luganda,,,0.0,nga,Luganda,,0.0,,pending_gpu,
nenfaaa,nenfaaa,,Unknown,enfaana,Luganda,85.71428571428572,enfaana,Luganda,,0.0,,pending_gpu,
Empunu,empunu,,Unknown,empungu,Luganda,92.3076923076923,empungu,Luganda,,0.0,,pending_gpu,
ogusaja,ogusaja,,Unknown,omusajja,Luganda,80.0,omusajja,Luganda,,0.0,,pending_gpu,
Omwana,omwana,Omwana,Luganda,,,0.0,Omwana,Luganda,,0.0,,pending_gpu,
Luzzi,luzzi,,Unknown,oluzzi,Luganda,90.9090909090909,oluzzi,Luganda,,0.0,,pending_gpu,
Luzzi,luzzi,,Unknown,oluzzi,Luganda,90.9090909090909,oluzzi,Luganda,,0.0,,pending_gpu,
Gulu,gulu,Gulu,Luganda,,,0.0,Gulu,Luganda,,0.0,,pending_gpu,
ento,ento,ento,Luganda,,,0.0,ento,Luganda,,0.0,,pending_gpu,
mazima,mazima,,Unknown,amazima,Luganda,92.3076923076923,amazima,Luganda,,0.0,,pending_gpu,
musiru,musiru,musiru,Luganda,,,0.0,musiru,Luganda,,0.0,,pending_gpu,
gwe,gwe,gwe,Luganda,,,0.0,gwe,Luganda,,0.0,,pending_gpu,
mazimaa,mazimaa,,Unknown,amazima,Luganda,85.71428571428572,amazima,Luganda,,0.0,,pending_gpu,
oluvanyuma,oluvanyuma,oluvanyuma,Luganda,,,0.0,oluvanyuma,Luganda,,0.0,,pending_gpu,
naye,naye,naye,Luganda,,,0.0,naye,Luganda,,0.0,,pending_gpu,
naye,naye,naye,Luganda,,,0.0,naye,Luganda,,0.0,,pending_gpu,
Mazima,mazima,,Unknown,amazima,Luganda,92.3076923076923,amazima,Luganda,,0.0,,pending_gpu,
bulungi,bulungi,bulungi,Luganda,,,0.0,bulungi,Luganda,,0.0,,pending_gpu,
mazima,mazima,,Unknown,amazima,Luganda,92.3076923076923,amazima,Luganda,,0.0,,pending_gpu,
kwesiva,kwesiva,,Unknown,okwesiga,Luganda,80.0,okwesiga,Luganda,,0.0,,pending_gpu,
mazima,mazima,,Unknown,amazima,Luganda,92.3076923076923,amazima,Luganda,,0.0,,pending_gpu,
Mazima,mazima,,Unknown,amazima,Luganda,92.3076923076923,amazima,Luganda,,0.0,,pending_gpu,
onyumira,onyumira,,Unknown,okunyumirwa,Luganda,84.21052631578947,okunyumirwa,Luganda,,0.0,,pending_gpu,
mazima,mazima,,Unknown,amazima,Luganda,92.3076923076923,amazima,Luganda,,0.0,,pending_gpu,
naye,naye,naye,Luganda,,,0.0,naye,Luganda,,0.0,,pending_gpu,
ku,ku,ku,Luganda,,,0.0,ku,Luganda,,0.0,,pending_gpu,
naye,naye,naye,Luganda,,,0.0,naye,Luganda,,0.0,,pending_gpu,
kalungi,kalungi,,Unknown,kilungi,Luganda,85.71428571428572,kilungi,Luganda,,0.0,,pending_gpu,
oba,oba,oba,Luganda,,,0.0,oba,Luganda,,0.0,,pending_gpu,
mazima,mazima,,Unknown,amazima,Luganda,92.3076923076923,amazima,Luganda,,0.0,,pending_gpu,
mazima,mazima,,Unknown,amazima,Luganda,92.3076923076923,amazima,Luganda,,0.0,,pending_gpu,
naye,naye,naye,Luganda,,,0.0,naye,Luganda,,0.0,,pending_gpu,
eyo,eyo,eyo,Luganda,,,0.0,eyo,Luganda,,0.0,,pending_gpu,
mazima,mazima,,Unknown,amazima,Luganda,92.3076923076923,amazima,Luganda,,0.0,,pending_gpu,
kojja,kojja,kojja,Luganda,,,0.0,kojja,Luganda,,0.0,,pending_gpu,
naye,naye,naye,Luganda,,,0.0,naye,Luganda,,0.0,,pending_gpu,
mwana,mwana,mwana,Luganda,,,0.0,mwana,Luganda,,0.0,,pending_gpu,
okolera,okolera,,Unknown,okuwolera,Luganda,87.5,okuwolera,Luganda,,0.0,,pending_gpu,
olunaku,olunaku,olunaku,Luganda,,,0.0,olunaku,Luganda,,0.0,,pending_gpu,
wange,wange,wange,Luganda,,,0.0,wange,Luganda,,0.0,,pending_gpu,
nayeee,nayeee,,Unknown,naye,Luganda,80.0,naye,Luganda,,0.0,,pending_gpu,
Nsumba,nsumba,,Unknown,ensuma,Luganda,83.33333333333334,ensuma,Luganda,,0.0,,pending_gpu,
kalanzi,kalanzi,,Unknown,kalaani,Luganda,85.71428571428572,kalaani,Luganda,,0.0,,pending_gpu,
nsumba,nsumba,,Unknown,ensuma,Luganda,83.33333333333334,ensuma,Luganda,,0.0,,pending_gpu,
kalanzi,kalanzi,,Unknown,kalaani,Luganda,85.71428571428572,kalaani,Luganda,,0.0,,pending_gpu,
matovu,matovu,,Unknown,matu,Luganda,80.0,matu,Luganda,,0.0,,pending_gpu,
buddu,buddu,,Unknown,obuddu,Luganda,90.9090909090909,obuddu,Luganda,,0.0,,pending_gpu,
wamanyi,wamanyi,,Unknown,amanyi,Luganda,92.3076923076923,amanyi,Luganda,,0.0,,pending_gpu,
nti,nti,nti,Luganda,,,0.0,nti,Luganda,,0.0,,pending_gpu,
ku,ku,ku,Luganda,,,0.0,ku,Luganda,,0.0,,pending_gpu,
Kalanzi,kalanzi,,Unknown,kalaani,Luganda,85.71428571428572,kalaani,Luganda,,0.0,,pending_gpu,
Akabbozi,akabbozi,,Unknown,akayozi,Luganda,80.0,akayozi,Luganda,,0.0,,pending_gpu,
nedda,nedda,nedda,Luganda,,,0.0,nedda,Luganda,,0.0,,pending_gpu,
sebbo,sebbo,,Unknown,ssebo,Luganda,80.0,ssebo,Luganda,,0.0,,pending_gpu,
oyo,oyo,oyo,Luganda,,,0.0,oyo,Luganda,,0.0,,pending_gpu,
ejja,ejja,,Unknown,lejja,Luganda,88.88888888888889,lejja,Luganda,,0.0,,pending_gpu,
ku,ku,ku,Luganda,,,0.0,ku,Luganda,,0.0,,pending_gpu,
kalanzi,kalanzi,,Unknown,kalaani,Luganda,85.71428571428572,kalaani,Luganda,,0.0,,pending_gpu,
kalanzi,kalanzi,,Unknown,kalaani,Luganda,85.71428571428572,kalaani,Luganda,,0.0,,pending_gpu,
kwesiva,kwesiva,,Unknown,okwesiga,Luganda,80.0,okwesiga,Luganda,,0.0,,pending_gpu,
kwesiva,kwesiva,,Unknown,okwesiga,Luganda,80.0,okwesiga,Luganda,,0.0,,pending_gpu,
nze,nze,nze,Luganda,,,0.0,nze,Luganda,,0.0,,pending_gpu,
ku,ku,ku,Luganda,,,0.0,ku,Luganda,,0.0,,pending_gpu,
masanyalaze,masanyalaze,,Unknown,amasanyalaze,Luganda,95.65217391304348,amasanyalaze,Luganda,,0.0,,pending_gpu,
kwesiva,kwesiva,,Unknown,okwesiga,Luganda,80.0,okwesiga,Luganda,,0.0,,pending_gpu,
nze,nze,nze,Luganda,,,0.0,nze,Luganda,,0.0,,pending_gpu,
ku,ku,ku,Luganda,,,0.0,ku,Luganda,,0.0,,pending_gpu,
masanyalaze,masanyalaze,,Unknown,amasanyalaze,Luganda,95.65217391304348,amasanyalaze,Luganda,,0.0,,pending_gpu,
kwesiva,kwesiva,,Unknown,okwesiga,Luganda,80.0,okwesiga,Luganda,,0.0,,pending_gpu,
kalanzi,kalanzi,,Unknown,kalaani,Luganda,85.71428571428572,kalaani,Luganda,,0.0,,pending_gpu,
kwesiva,kwesiva,,Unknown,okwesiga,Luganda,80.0,okwesiga,Luganda,,0.0,,pending_gpu,
nsumba,nsumba,,Unknown,ensuma,Luganda,83.33333333333334,ensuma,Luganda,,0.0,,pending_gpu,
omusipana,omusipana,,Unknown,omusana,Luganda,87.5,omusana,Luganda,,0.0,,pending_gpu,
nsumba,nsumba,,Unknown,ensuma,Luganda,83.33333333333334,ensuma,Luganda,,0.0,,pending_gpu,
Kalanzi,kalanzi,,Unknown,kalaani,Luganda,85.71428571428572,kalaani,Luganda,,0.0,,pending_gpu,
Akaboozi,akaboozi,,Unknown,akajjoozi,Luganda,82.35294117647058,akajjoozi,Luganda,,0.0,,pending_gpu,
Masanyalaze,masanyalaze,,Unknown,amasanyalaze,Luganda,95.65217391304348,amasanyalaze,Luganda,,0.0,,pending_gpu,
Ssbo,ssbo,,Unknown,ssebo,Luganda,88.88888888888889,ssebo,Luganda,,0.0,,pending_gpu,
Ssebo,ssebo,Ssebo,Luganda,,,0.0,Ssebo,Luganda,,0.0,,pending_gpu,
Kalanzi,kalanzi,,Unknown,kalaani,Luganda,85.71428571428572,kalaani,Luganda,,0.0,,pending_gpu,
"luganda,","luganda,",,Unknown,oluganda,Luganda,87.5,oluganda,Luganda,,0.0,,pending_gpu,
Ssbo,ssbo,,Unknown,ssebo,Luganda,88.88888888888889,ssebo,Luganda,,0.0,,pending_gpu,
Ssebo,ssebo,Ssebo,Luganda,,,0.0,Ssebo,Luganda,,0.0,,pending_gpu,
Kalanzi,kalanzi,,Unknown,kalaani,Luganda,85.71428571428572,kalaani,Luganda,,0.0,,pending_gpu,
Matovu,matovu,,Unknown,matu,Luganda,80.0,matu,Luganda,,0.0,,pending_gpu,
buddu,buddu,,Unknown,obuddu,Luganda,90.9090909090909,obuddu,Luganda,,0.0,,pending_gpu,
omutabizi,omutabizi,,Unknown,omulabirizi,Luganda,80.0,omulabirizi,Luganda,,0.0,,pending_gpu,
nsumba,nsumba,,Unknown,ensuma,Luganda,83.33333333333334,ensuma,Luganda,,0.0,,pending_gpu,
kiibi,kiibi,,Unknown,kibi,Luganda,88.88888888888889,kibi,Luganda,,0.0,,pending_gpu,
dakiika,dakiika,,Unknown,eddakiika,Luganda,87.5,eddakiika,Luganda,,0.0,,pending_gpu,
masanyalaze,masanyalaze,,Unknown,amasanyalaze,Luganda,95.65217391304348,amasanyalaze,Luganda,,0.0,,pending_gpu,
Kalanzi,kalanzi,,Unknown,kalaani,Luganda,85.71428571428572,kalaani,Luganda,,0.0,,pending_gpu,
kalanzi,kalanzi,,Unknown,kalaani,Luganda,85.71428571428572,kalaani,Luganda,,0.0,,pending_gpu,
kwesiva,kwesiva,,Unknown,okwesiga,Luganda,80.0,okwesiga,Luganda,,0.0,,pending_gpu,
Kalanzi,kalanzi,,Unknown,kalaani,Luganda,85.71428571428572,kalaani,Luganda,,0.0,,pending_gpu,
mugwano,mugwano,,Unknown,omukwano,Luganda,80.0,omukwano,Luganda,,0.0,,pending_gpu,
bugrere,bugrere,,Unknown,oburere,Luganda,85.71428571428572,oburere,Luganda,,0.0,,pending_gpu,
omusipana,omusipana,,Unknown,omusana,Luganda,87.5,omusana,Luganda,,0.0,,pending_gpu,
Kabaka,kabaka,Kabaka,Luganda,,,0.0,Kabaka,Luganda,,0.0,,pending_gpu,
nsumba,nsumba,,Unknown,ensuma,Luganda,83.33333333333334,ensuma,Luganda,,0.0,,pending_gpu,
kalanzi,kalanzi,,Unknown,kalaani,Luganda,85.71428571428572,kalaani,Luganda,,0.0,,pending_gpu,
abasajja,abasajja,,Unknown,basajja,Luganda,93.33333333333333,basajja,Luganda,,0.0,,pending_gpu,
ku,ku,ku,Luganda,,,0.0,ku,Luganda,,0.0,,pending_gpu,
buddu,buddu,,Unknown,obuddu,Luganda,90.9090909090909,obuddu,Luganda,,0.0,,pending_gpu,
ku,ku,ku,Luganda,,,0.0,ku,Luganda,,0.0,,pending_gpu,
Oli,oli,Oli,Luganda,,,0.0,Oli,Luganda,,0.0,,pending_gpu,
mulwadde,mulwadde,,Unknown,omulwadde,Luganda,94.11764705882352,omulwadde,Luganda,,0.0,,pending_gpu,
Akaawooma,akaawooma,,Unknown,akaama,Luganda,80.0,akaama,Luganda,,0.0,,pending_gpu,
"luganda,","luganda,",,Unknown,oluganda,Luganda,87.5,oluganda,Luganda,,0.0,,pending_gpu,
ku,ku,ku,Luganda,,,0.0,ku,Luganda,,0.0,,pending_gpu,
ku,ku,ku,Luganda,,,0.0,ku,Luganda,,0.0,,pending_gpu,
nedda,nedda,nedda,Luganda,,,0.0,nedda,Luganda,,0.0,,pending_gpu,
sebo,sebo,,Unknown,ssebo,Luganda,88.88888888888889,ssebo,Luganda,,0.0,,pending_gpu,
kimere,kimere,,Unknown,kimera,Luganda,83.33333333333334,kimera,Luganda,,0.0,,pending_gpu,
kalanzi,kalanzi,,Unknown,kalaani,Luganda,85.71428571428572,kalaani,Luganda,,0.0,,pending_gpu,
kyambadde,kyambadde,,Unknown,ekyambadde,Luganda,94.73684210526316,ekyambadde,Luganda,,0.0,,pending_gpu,
mwana,mwana,mwana,Luganda,,,0.0,mwana,Luganda,,0.0,,pending_gpu,
Matovu,matovu,,Unknown,matu,Luganda,80.0,matu,Luganda,,0.0,,pending_gpu,
buddu,buddu,,Unknown,obuddu,Luganda,90.9090909090909,obuddu,Luganda,,0.0,,pending_gpu,
kalanzi,kalanzi,,Unknown,kalaani,Luganda,85.71428571428572,kalaani,Luganda,,0.0,,pending_gpu,
kyambadde,kyambadde,,Unknown,ekyambadde,Luganda,94.73684210526316,ekyambadde,Luganda,,0.0,,pending_gpu,
nsumba,nsumba,,Unknown,ensuma,Luganda,83.33333333333334,ensuma,Luganda,,0.0,,pending_gpu,
nsumba,nsumba,,Unknown,ensuma,Luganda,83.33333333333334,ensuma,Luganda,,0.0,,pending_gpu,
ku,ku,ku,Luganda,,,0.0,ku,Luganda,,0.0,,pending_gpu,
ndala,ndala,,Unknown,endala,Luganda,90.9090909090909,endala,Luganda,,0.0,,pending_gpu,
Ddungu,ddungu,,Unknown,eddungu,Luganda,92.3076923076923,eddungu,Luganda,,0.0,,pending_gpu,
birimunda,birimunda,,Unknown,ekirimunda,Luganda,84.21052631578947,ekirimunda,Luganda,,0.0,,pending_gpu,
Naye,naye,Naye,Luganda,,,0.0,Naye,Luganda,,0.0,,pending_gpu,
ku,ku,ku,Luganda,,,0.0,ku,Luganda,,0.0,,pending_gpu,
mukulu,mukulu,,Unknown,omukulu,Luganda,92.3076923076923,omukulu,Luganda,,0.0,,pending_gpu,
"masanyala,e","masanyala,e",,Unknown,amasanyalaze,Luganda,86.95652173913044,amasanyalaze,Luganda,,0.0,,pending_gpu,
masanyalaze,masanyalaze,,Unknown,amasanyalaze,Luganda,95.65217391304348,amasanyalaze,Luganda,,0.0,,pending_gpu,
ku,ku,ku,Luganda,,,0.0,ku,Luganda,,0.0,,pending_gpu,
omupira,omupira,,Unknown,omupiira,Luganda,93.33333333333333,omupiira,Luganda,,0.0,,pending_gpu,
katimba.,katimba.,,Unknown,akatimba,Luganda,87.5,akatimba,Luganda,,0.0,,pending_gpu,
Nsumba,nsumba,,Unknown,ensuma,Luganda,83.33333333333334,ensuma,Luganda,,0.0,,pending_gpu,
oyo,oyo,oyo,Luganda,,,0.0,oyo,Luganda,,0.0,,pending_gpu,
@Ddungu,@ddungu,,Unknown,eddungu,Luganda,85.71428571428572,eddungu,Luganda,,0.0,,pending_gpu,
Myke,myke,,Unknown,mye,Luganda,85.71428571428572,mye,Luganda,,0.0,,pending_gpu,
Nsumba,nsumba,,Unknown,ensuma,Luganda,83.33333333333334,ensuma,Luganda,,0.0,,pending_gpu,
Nsumba,nsumba,,Unknown,ensuma,Luganda,83.33333333333334,ensuma,Luganda,,0.0,,pending_gpu,
Nsumba,nsumba,,Unknown,ensuma,Luganda,83.33333333333334,ensuma,Luganda,,0.0,,pending_gpu,
Masanyalaze,masanyalaze,,Unknown,amasanyalaze,Luganda,95.65217391304348,amasanyalaze,Luganda,,0.0,,pending_gpu,
@omusipana,@omusipana,,Unknown,omusana,Luganda,82.35294117647058,omusana,Luganda,,0.0,,pending_gpu,
mulalamu,mulalamu,,Unknown,omulalu,Luganda,80.0,omulalu,Luganda,,0.0,,pending_gpu,
ku,ku,ku,Luganda,,,0.0,ku,Luganda,,0.0,,pending_gpu,
Owa,owa,Owa,Luganda,,,0.0,Owa,Luganda,,0.0,,pending_gpu,
Masanyalaze,masanyalaze,,Unknown,amasanyalaze,Luganda,95.65217391304348,amasanyalaze,Luganda,,0.0,,pending_gpu,
Kabaka,kabaka,Kabaka,Luganda,,,0.0,Kabaka,Luganda,,0.0,,pending_gpu,
Ddungu,ddungu,,Unknown,eddungu,Luganda,92.3076923076923,eddungu,Luganda,,0.0,,pending_gpu,
luganda,luganda,,Unknown,oluganda,Luganda,93.33333333333333,oluganda,Luganda,,0.0,,pending_gpu,
muko,muko,,Unknown,omuko,Luganda,88.88888888888889,omuko,Luganda,,0.0,,pending_gpu,
mazima,mazima,,Unknown,amazima,Luganda,92.3076923076923,amazima,Luganda,,0.0,,pending_gpu,
nti,nti,nti,Luganda,,,0.0,nti,Luganda,,0.0,,pending_gpu,
emmere,emmere,emmere,Luganda,,,0.0,emmere,Luganda,,0.0,,pending_gpu,
y'obwerere,y'obwerere,,Unknown,obwerere,Luganda,88.88888888888889,obwerere,Luganda,,0.0,,pending_gpu,
okwegezaamu,okwegezaamu,,Unknown,okwongezaamu,Luganda,86.95652173913044,okwongezaamu,Luganda,,0.0,,pending_gpu,
okutta...,okutta...,,Unknown,okutta,Luganda,80.0,okutta,Luganda,,0.0,,pending_gpu,
maanyi,maanyi,,Unknown,amaanyi,Luganda,92.3076923076923,amaanyi,Luganda,,0.0,,pending_gpu,
nyanbo,nyanbo,,Unknown,nnyabo,Luganda,83.33333333333334,nnyabo,Luganda,,0.0,,pending_gpu,
Nokola,nokola,,Unknown,enkola,Luganda,83.33333333333334,enkola,Luganda,,0.0,,pending_gpu,
Kikazzi,kikazzi,,Unknown,ekikazi,Luganda,85.71428571428572,ekikazi,Luganda,,0.0,,pending_gpu,
mwana,mwana,mwana,Luganda,,,0.0,mwana,Luganda,,0.0,,pending_gpu,
wange,wange,wange,Luganda,,,0.0,wange,Luganda,,0.0,,pending_gpu,
kinyabo,kinyabo,,Unknown,kiyabo,Luganda,92.3076923076923,kiyabo,Luganda,,0.0,,pending_gpu,
nze,nze,nze,Luganda,,,0.0,nze,Luganda,,0.0,,pending_gpu,
ebyo,ebyo,,Unknown,eyo,Luganda,85.71428571428572,eyo,Luganda,,0.0,,pending_gpu,
mukwano,mukwano,,Unknown,omukwano,Luganda,93.33333333333333,omukwano,Luganda,,0.0,,pending_gpu,
nze,nze,nze,Luganda,,,0.0,nze,Luganda,,0.0,,pending_gpu,
omusaja,omusaja,,Unknown,omusajja,Luganda,93.33333333333333,omusajja,Luganda,,0.0,,pending_gpu,
okutwala,okutwala,okutwala,Luganda,,,0.0,okutwala,Luganda,,0.0,,pending_gpu,
sente,sente,sente,Luganda,,,0.0,sente,Luganda,,0.0,,pending_gpu,
sitawana,sitawana,,Unknown,sitaani,Luganda,80.0,sitaani,Luganda,,0.0,,pending_gpu,
nze,nze,nze,Luganda,,,0.0,nze,Luganda,,0.0,,pending_gpu,
ebyo,ebyo,,Unknown,eyo,Luganda,85.71428571428572,eyo,Luganda,,0.0,,pending_gpu,
mukwano,mukwano,,Unknown,omukwano,Luganda,93.33333333333333,omukwano,Luganda,,0.0,,pending_gpu,
nze,nze,nze,Luganda,,,0.0,nze,Luganda,,0.0,,pending_gpu,
omusaja,omusaja,,Unknown,omusajja,Luganda,93.33333333333333,omusajja,Luganda,,0.0,,pending_gpu,
okutwala,okutwala,okutwala,Luganda,,,0.0,okutwala,Luganda,,0.0,,pending_gpu,
sente,sente,sente,Luganda,,,0.0,sente,Luganda,,0.0,,pending_gpu,
sitawana,sitawana,,Unknown,sitaani,Luganda,80.0,sitaani,Luganda,,0.0,,pending_gpu,
ebisanyi,ebisanyi,,Unknown,ekisanyi,Luganda,87.5,ekisanyi,Luganda,,0.0,,pending_gpu,
sebo,sebo,,Unknown,ssebo,Luganda,88.88888888888889,ssebo,Luganda,,0.0,,pending_gpu,
naye,naye,naye,Luganda,,,0.0,naye,Luganda,,0.0,,pending_gpu,
lwaki,lwaki,,Unknown,lwaaki,Luganda,90.9090909090909,lwaaki,Luganda,,0.0,,pending_gpu,
mukozesa,mukozesa,,Unknown,okukozesa,Luganda,82.35294117647058,okukozesa,Luganda,,0.0,,pending_gpu,
emirimu,emirimu,,Unknown,emizimu,Luganda,85.71428571428572,emizimu,Luganda,,0.0,,pending_gpu,
kamwokya,kamwokya,,Unknown,okwokya,Luganda,80.0,okwokya,Luganda,,0.0,,pending_gpu,
yalina,yalina,,Unknown,yekalina,Luganda,85.71428571428572,yekalina,Luganda,,0.0,,pending_gpu,
ebanja,ebanja,ebanja,Luganda,,,0.0,ebanja,Luganda,,0.0,,pending_gpu,
kubanga,kubanga,kubanga,Luganda,,,0.0,kubanga,Luganda,,0.0,,pending_gpu,
kumbagga,kumbagga,,Unknown,kubanga,Luganda,80.0,kubanga,Luganda,,0.0,,pending_gpu,
lwakyi,lwakyi,,Unknown,lwaaki,Luganda,83.33333333333334,lwaaki,Luganda,,0.0,,pending_gpu,
naye,naye,naye,Luganda,,,0.0,naye,Luganda,,0.0,,pending_gpu,
Oyo,oyo,Oyo,Luganda,,,0.0,Oyo,Luganda,,0.0,,pending_gpu,
Oli,oli,Oli,Luganda,,,0.0,Oli,Luganda,,0.0,,pending_gpu,
muzibu,muzibu,,Unknown,omuzibu,Luganda,92.3076923076923,omuzibu,Luganda,,0.0,,pending_gpu,
kukiriza,kukiriza,,Unknown,okukiriza,Luganda,94.11764705882352,okukiriza,Luganda,,0.0,,pending_gpu,
buzibu,buzibu,,Unknown,obuzibu,Luganda,92.3076923076923,obuzibu,Luganda,,0.0,,pending_gpu,
ebyendola,ebyendola,,Unknown,ebyeenda,Luganda,82.35294117647058,ebyeenda,Luganda,,0.0,,pending_gpu,
Nze,nze,Nze,Luganda,,,0.0,Nze,Luganda,,0.0,,pending_gpu,
ku,ku,ku,Luganda,,,0.0,ku,Luganda,,0.0,,pending_gpu,
akapadde,akapadde,,Unknown,kakadde,Luganda,80.0,kakadde,Luganda,,0.0,,pending_gpu,
akanamba,akanamba,,Unknown,akaama,Luganda,85.71428571428572,akaama,Luganda,,0.0,,pending_gpu,
Kati,kati,Kati,Luganda,,,0.0,Kati,Luganda,,0.0,,pending_gpu,
mwana,mwana,mwana,Luganda,,,0.0,mwana,Luganda,,0.0,,pending_gpu,
mulangaki,mulangaki,,Unknown,omulanga,Luganda,82.35294117647058,omulanga,Luganda,,0.0,,pending_gpu,
Naye,naye,Naye,Luganda,,,0.0,Naye,Luganda,,0.0,,pending_gpu,
kwoza,kwoza,kwoza,Luganda,,,0.0,kwoza,Luganda,,0.0,,pending_gpu,
motooka,motooka,,Unknown,kumotooka,Luganda,87.5,kumotooka,Luganda,,0.0,,pending_gpu,
kulya,kulya,kulya,Luganda,,,0.0,kulya,Luganda,,0.0,,pending_gpu,
ku,ku,ku,Luganda,,,0.0,ku,Luganda,,0.0,,pending_gpu,
Omuko,omuko,Omuko,Luganda,,,0.0,Omuko,Luganda,,0.0,,pending_gpu,
Oba,oba,Oba,Luganda,,,0.0,Oba,Luganda,,0.0,,pending_gpu,
obweda,obweda,,Unknown,obwa,Luganda,80.0,obwa,Luganda,,0.0,,pending_gpu,
nyimba,nyimba,,Unknown,nnyimba,Luganda,92.3076923076923,nnyimba,Luganda,,0.0,,pending_gpu,
kupama,kupama,,Unknown,okupamga,Luganda,85.71428571428572,okupamga,Luganda,,0.0,,pending_gpu,
nze,nze,nze,Luganda,,,0.0,nze,Luganda,,0.0,,pending_gpu,
nyimba,nyimba,,Unknown,nnyimba,Luganda,92.3076923076923,nnyimba,Luganda,,0.0,,pending_gpu,
Kumbe,kumbe,,Unknown,kibumbe,Luganda,83.33333333333334,kibumbe,Luganda,,0.0,,pending_gpu,
Oyo,oyo,Oyo,Luganda,,,0.0,Oyo,Luganda,,0.0,,pending_gpu,
musiramu,musiramu,,Unknown,omusiraamu,Luganda,88.88888888888889,omusiraamu,Luganda,,0.0,,pending_gpu,
Ompana,ompana,,Unknown,omwana,Luganda,83.33333333333334,omwana,Luganda,,0.0,,pending_gpu,
Naye,naye,Naye,Luganda,,,0.0,Naye,Luganda,,0.0,,pending_gpu,
Naye,naye,Naye,Luganda,,,0.0,Naye,Luganda,,0.0,,pending_gpu,
kimera,kimera,kimera,Luganda,,,0.0,kimera,Luganda,,0.0,,pending_gpu,
naye,naye,naye,Luganda,,,0.0,naye,Luganda,,0.0,,pending_gpu,
kyokola,kyokola,,Unknown,kayoola,Luganda,85.71428571428572,kayoola,Luganda,,0.0,,pending_gpu,
neda,neda,,Unknown,nedda,Luganda,88.88888888888889,nedda,Luganda,,0.0,,pending_gpu,
amazina,amazina,amazina,Luganda,,,0.0,amazina,Luganda,,0.0,,pending_gpu,
naye,naye,naye,Luganda,,,0.0,naye,Luganda,,0.0,,pending_gpu,
gwe,gwe,gwe,Luganda,,,0.0,gwe,Luganda,,0.0,,pending_gpu,
kati,kati,kati,Luganda,,,0.0,kati,Luganda,,0.0,,pending_gpu,
Owakana,owakana,,Unknown,okuwakana,Luganda,87.5,okuwakana,Luganda,,0.0,,pending_gpu,
bnaye,bnaye,,Unknown,naye,Luganda,88.88888888888889,naye,Luganda,,0.0,,pending_gpu,
Eyo,eyo,Eyo,Luganda,,,0.0,Eyo,Luganda,,0.0,,pending_gpu,
naye,naye,naye,Luganda,,,0.0,naye,Luganda,,0.0,,pending_gpu,
Ku,ku,Ku,Luganda,,,0.0,Ku,Luganda,,0.0,,pending_gpu,
oba,oba,oba,Luganda,,,0.0,oba,Luganda,,0.0,,pending_gpu,
nayeee,nayeee,,Unknown,naye,Luganda,80.0,naye,Luganda,,0.0,,pending_gpu,
naye,naye,naye,Luganda,,,0.0,naye,Luganda,,0.0,,pending_gpu,
Mazima,mazima,,Unknown,amazima,Luganda,92.3076923076923,amazima,Luganda,,0.0,,pending_gpu,
ompana,ompana,,Unknown,omwana,Luganda,83.33333333333334,omwana,Luganda,,0.0,,pending_gpu,
nze,nze,nze,Luganda,,,0.0,nze,Luganda,,0.0,,pending_gpu,
Naye,naye,Naye,Luganda,,,0.0,Naye,Luganda,,0.0,,pending_gpu,
Naye,naye,Naye,Luganda,,,0.0,Naye,Luganda,,0.0,,pending_gpu,
olugambo,olugambo,,Unknown,ow'olugambo,Luganda,84.21052631578947,ow'olugambo,Luganda,,0.0,,pending_gpu,
ompana,ompana,,Unknown,omwana,Luganda,83.33333333333334,omwana,Luganda,,0.0,,pending_gpu,
naye,naye,naye,Luganda,,,0.0,naye,Luganda,,0.0,,pending_gpu,
eyo,eyo,eyo,Luganda,,,0.0,eyo,Luganda,,0.0,,pending_gpu,
baaba,baaba,baaba,Luganda,,,0.0,baaba,Luganda,,0.0,,pending_gpu,
Ebigambo,ebigambo,,Unknown,y'ebigambo,Luganda,88.88888888888889,y'ebigambo,Luganda,,0.0,,pending_gpu,
biina,biina,,Unknown,ebiina,Luganda,90.9090909090909,ebiina,Luganda,,0.0,,pending_gpu,
